race_id,当前显示名,中文名,英文名,等级,赛事类别,地区,场地,赛场,距离,月份,半月,赛季,年龄条件,性别限定,中文来源,英文来源,核对备注
black-caviar-lightning,黑鱼子闪电锦标,黑鱼子闪电锦标,Black Caviar Lightning,G1,g1,澳洲,草地,其他地方,1000,2,1,三岁冬,3岁以上,,现有中文,由ID自动生成待核对,
oakleigh-plate,奥克利盘,奥克利盘,Oakleigh Plate,G1,g1,澳洲,草地,其他地方,1100,2,2,三岁冬,3岁以上,,现有中文,由ID自动生成待核对,
newmarket-handicap,新市场让赛,新市场让赛,Newmarket Handicap,G1,g1,澳洲,草地,其他地方,1200,3,1,三岁春,3岁以上,,现有中文,由ID自动生成待核对,
golden-slipper-stakes,金拖鞋大赛,金拖鞋大赛,Golden Slipper Stakes,G1,g1,澳洲,草地,其他地方,1200,3,2,二岁春,2岁,,现有中文,由ID自动生成待核对,
william-reid-stakes,威廉里德锦标,威廉里德锦标,William Reid Stakes,G1,g1,澳洲,草地,其他地方,1200,3,2,三岁春,3岁以上,,现有中文,由ID自动生成待核对,
doncaster-mile,唐卡士打一哩赛,唐卡士打一哩赛,Doncaster Mile,G1,g1,澳洲,草地,其他地方,1600,4,1,三岁春,3岁以上,,现有中文,由ID自动生成待核对,
queen-elizabeth-stakes-aus,女王伊丽莎白锦标,女王伊丽莎白锦标,Queen Elizabeth Stakes (Australia),G1,g1,澳洲,草地,其他地方,2000,4,1,三岁春,3岁以上,,现有中文,自译/规范名待核对,
tj-smith-stakes,T.J. Smith锦标,T.J. 史密斯锦标,T.J. Smith Stakes,G1,g1,澳洲,草地,其他地方,1200,4,1,三岁春,3岁以上,,自译待核对,自译/规范名待核对,
robert-sangster-stakes,罗伯特桑斯特锦标,罗伯特桑斯特锦标,Robert Sangster Stakes,G1,g1,澳洲,草地,其他地方,1200,4,2,三岁春,2岁以上,牝马,现有中文,由ID自动生成待核对,
the-goodwood,古活锦标,古活锦标,The Goodwood,G1,g1,澳洲,草地,其他地方,1200,5,1,三岁春,3岁以上,,现有中文,自译/规范名待核对,
aj-moir-stakes,A.J. Moir锦标,A.J. 莫伊尔锦标,A.J. Moir Stakes,G1,g1,澳洲,草地,其他地方,1000,9,2,三岁秋,3岁以上,,自译待核对,自译/规范名待核对,
manikato-stakes,马尼卡托锦标,马尼卡托锦标,Manikato Stakes,G1,g1,澳洲,草地,其他地方,1200,9,2,三岁秋,3岁以上,,现有中文,由ID自动生成待核对,
caulfield-cup,考菲尔德杯,考菲尔德杯,Caulfield Cup,G1,g1,澳洲,草地,其他地方,2400,10,2,三岁秋,3岁以上,,现有中文,由ID自动生成待核对,
cox-plate,觉士盾,觉士盾,Cox Plate,G1,g1,澳洲,草地,其他地方,2040,10,2,三岁秋,3岁以上,,现有中文,由ID自动生成待核对,
the-everest,珠穆朗玛峰锦标,珠穆朗玛峰锦标,the Everest,G1,g1,澳洲,草地,其他地方,1200,10,2,三岁秋,3岁以上,,现有中文,由ID自动生成待核对,
melbourne-cup,墨尔本杯,墨尔本杯,Melbourne Cup,G1,g1,澳洲,草地,其他地方,3200,11,1,三岁秋,3岁以上,,现有中文,由ID自动生成待核对,
victoria-derby,维多利亚德比,维多利亚德比,Victoria Derby,G1,g1,澳洲,草地,其他地方,2500,11,1,三岁秋,3岁,,现有中文,由ID自动生成待核对,
pegasus-world-cup,飞马世界杯,飞马世界杯,Pegasus World Cup,G1,g1,美国,泥地,其他地方,1800,1,2,四岁冬,4岁以上,,现有中文,由ID自动生成待核对,
pegasus-world-cup-turf,飞马世界杯草地赛,飞马世界杯草地赛,Pegasus World Cup Turf,G1,g1,美国,草地,其他地方,1800,1,2,四岁冬,4岁以上,,现有中文,由ID自动生成待核对,
santa-anita-handicap,圣雅尼塔让赛,圣雅尼塔让赛,Santa Anita Handicap,G1,g1,美国,泥地,其他地方,2000,3,1,四岁春,4岁以上,,现有中文,由ID自动生成待核对,
apple-blossom-handicap,苹果花让赛,苹果花让赛,Apple Blossom Handicap,G1,g1,美国,泥地,其他地方,1700,4,1,四岁春,4岁以上,牝马,现有中文,由ID自动生成待核对,
blue-grass-stakes,蓝草锦标,蓝草锦标,Blue Grass Stakes,G1,g1,美国,泥地,其他地方,1800,4,1,三岁春,3岁,,现有中文,由ID自动生成待核对,
american-turf-stakes,美国草地锦标,美国草地锦标,American Turf Stakes,G1,g1,美国,草地,其他地方,1700,5,1,三岁春,3岁,,现有中文,由ID自动生成待核对,
kentucky-derby,肯塔基德比,肯塔基德比,Kentucky Derby,G1,g1,美国,泥地,其他地方,2000,5,1,三岁春,3岁,,现有中文,自译/规范名待核对,
kentucky-oaks,肯塔基橡树,肯塔基橡树,Kentucky Oaks,G1,g1,美国,泥地,其他地方,1800,5,1,三岁春,3岁,牝马,现有中文,自译/规范名待核对,
turf-classic-stakes,草地经典赛,草地经典赛,Turf Classic Stakes,G1,g1,美国,草地,其他地方,1800,5,1,四岁春,4岁以上,,现有中文,由ID自动生成待核对,
preakness-stakes,必利是锦标,必利是锦标,Preakness Stakes,G1,g1,美国,泥地,其他地方,1900,5,2,三岁春,3岁,,现有中文,自译/规范名待核对,
acorn-stakes,橡果锦标,橡果锦标,Acorn Stakes,G1,g1,美国,泥地,其他地方,1800,6,1,三岁夏,3岁,牝马,现有中文,由ID自动生成待核对,
belmont-stakes,贝蒙锦标,贝蒙锦标,Belmont Stakes,G1,g1,美国,泥地,其他地方,2400,6,1,三岁夏,3岁,,现有中文,自译/规范名待核对,
jaipur-stakes,斋浦尔锦标,斋浦尔锦标,Jaipur Stakes,G1,g1,美国,草地,其他地方,1200,6,1,三岁夏,3岁以上,,现有中文,由ID自动生成待核对,
just-a-game-stakes,Just a Game锦标,游戏一场锦标,Just a Game Stakes,G1,g1,美国,草地,其他地方,1600,6,1,四岁夏,4岁以上,牝马,自译待核对,由ID自动生成待核对,
manhattan-stakes,曼哈顿锦标,曼哈顿锦标,Manhattan Stakes,G1,g1,美国,草地,其他地方,1900,6,1,四岁夏,4岁以上,,现有中文,由ID自动生成待核对,
metropolitan-handicap,大都会让赛,大都会让赛,Metropolitan Handicap,G1,g1,美国,泥地,其他地方,1600,6,1,三岁夏,3岁以上,,现有中文,由ID自动生成待核对,
coaching-club-american-oaks,Coaching Club美国橡树大赛,美国教练俱乐部橡树赛,Coaching Club American Oaks,G1,g1,美国,泥地,其他地方,1800,7,2,三岁夏,3岁,牝马,自译待核对,由ID自动生成待核对,
diana-stakes,戴安娜锦标,戴安娜锦标,Diana Stakes,G1,g1,美国,草地,其他地方,1800,7,2,四岁夏,4岁以上,牝马,现有中文,由ID自动生成待核对,
haskell-stakes,哈斯凯尔锦标,哈斯凯尔锦标,Haskell Stakes,G1,g1,美国,泥地,其他地方,1800,7,2,三岁夏,3岁,,现有中文,由ID自动生成待核对,
arlington-million,阿灵顿百万大赛,阿灵顿百万大赛,Arlington Million,G1,g1,美国,草地,其他地方,2000,8,1,三岁夏,3岁以上,,现有中文,由ID自动生成待核对,
forego-stakes,福尔戈锦标,福尔戈锦标,Forego Stakes,G1,g1,美国,泥地,其他地方,1400,8,2,四岁夏,4岁以上,,现有中文,由ID自动生成待核对,
h-allen-jerkens-memorial-stakes,H. Allen Jerkens纪念锦标,H. 艾伦·杰肯斯纪念锦标,H. Allen Jerkens Memorial Stakes,G1,g1,美国,泥地,其他地方,1400,8,2,三岁夏,3岁,,自译待核对,自译/规范名待核对,
travers-stakes,卓华斯锦标,卓华斯锦标,Travers Stakes,G1,g1,美国,泥地,其他地方,2000,8,2,三岁夏,3岁,,现有中文,由ID自动生成待核对,
keeneland-turf-mile,基兰草地一哩,基兰草地一哩,Keeneland Turf Mile,G1,g1,美国,草地,其他地方,1600,10,1,三岁秋,3岁以上,,现有中文,由ID自动生成待核对,
breeders-cup-classic,育马者杯经典赛,育马者杯经典赛,Breeders Cup Classic,G1,g1,美国,泥地,其他地方,2000,11,1,三岁秋,3岁以上,,现有中文,由ID自动生成待核对,
breeders-cup-dirt-mile,育马者杯泥地一哩,育马者杯泥地一哩,Breeders Cup Dirt Mile,G1,g1,美国,泥地,其他地方,1600,11,1,三岁秋,3岁以上,,现有中文,由ID自动生成待核对,
breeders-cup-distaff,育马者杯雌马大赛,育马者杯雌马大赛,Breeders Cup Distaff,G1,g1,美国,泥地,其他地方,1800,11,1,三岁秋,3岁以上,牝马,现有中文,由ID自动生成待核对,
breeders-cup-filly-mare-sprint,育马者杯雌马短途大赛,育马者杯雌马短途大赛,Breeders Cup Filly Mare Sprint,G1,g1,美国,泥地,其他地方,1400,11,1,三岁秋,3岁以上,牝马,现有中文,由ID自动生成待核对,
breeders-cup-filly-mare-turf,育马者杯雌马草地大赛,育马者杯雌马草地大赛,Breeders Cup Filly Mare Turf,G1,g1,美国,草地,其他地方,2000,11,1,三岁秋,3岁以上,牝马,现有中文,由ID自动生成待核对,
breeders-cup-juvenile,育马者杯两岁大赛,育马者杯两岁大赛,Breeders Cup Juvenile,G1,g1,美国,泥地,其他地方,1700,11,1,二岁秋,2岁,,现有中文,由ID自动生成待核对,
breeders-cup-juvenile-fillies,育马者杯两岁雌马大赛,育马者杯两岁雌马大赛,Breeders Cup Juvenile Fillies,G1,g1,美国,泥地,其他地方,1700,11,1,二岁秋,2岁,牝马,现有中文,由ID自动生成待核对,
breeders-cup-juvenile-fillies-turf,育马者杯两岁雌马草地大赛,育马者杯两岁雌马草地大赛,Breeders Cup Juvenile Fillies Turf,G1,g1,美国,草地,其他地方,1600,11,1,二岁秋,2岁,牝马,现有中文,由ID自动生成待核对,
breeders-cup-juvenile-turf,育马者杯两岁草地大赛,育马者杯两岁草地大赛,Breeders Cup Juvenile Turf,G1,g1,美国,草地,其他地方,1600,11,1,二岁秋,2岁,,现有中文,由ID自动生成待核对,
breeders-cup-juvenile-turf-sprint,育马者杯两岁草地短途,育马者杯两岁草地短途,Breeders Cup Juvenile Turf Sprint,G1,g1,美国,草地,其他地方,1000,11,1,二岁秋,2岁,,现有中文,由ID自动生成待核对,
breeders-cup-mile,育马者杯一哩大赛,育马者杯一哩大赛,Breeders Cup Mile,G1,g1,美国,草地,其他地方,1600,11,1,三岁秋,3岁以上,,现有中文,由ID自动生成待核对,
breeders-cup-sprint,育马者杯短途大赛,育马者杯短途大赛,Breeders Cup Sprint,G1,g1,美国,泥地,其他地方,1200,11,1,三岁秋,3岁以上,,现有中文,由ID自动生成待核对,
breeders-cup-turf,育马者杯草地大赛,育马者杯草地大赛,Breeders Cup Turf,G1,g1,美国,草地,其他地方,2400,11,1,三岁秋,3岁以上,,现有中文,由ID自动生成待核对,
breeders-cup-turf-sprint,育马者杯草地短途,育马者杯草地短途,Breeders Cup Turf Sprint,G1,g1,美国,草地,其他地方,1000,11,1,三岁秋,3岁以上,,现有中文,由ID自动生成待核对,
prix-ganay,根利锦标,根利锦标,Prix Ganay,G1,g1,欧洲,草地,其他地方,2100,4,2,四岁春,4岁以上,,现有中文,由ID自动生成待核对,
one-thousand-guineas,一千坚尼,一千坚尼,1000 Guineas,G1,g1,欧洲,草地,其他地方,1600,5,1,三岁春,3岁,牝马,现有中文,自译/规范名待核对,
poule-dessai-des-poulains,法国二千坚尼,法国二千坚尼,Poule d'Essai des Poulains,G1,g1,欧洲,草地,其他地方,1600,5,1,三岁春,3岁,,现有中文,自译/规范名待核对,
poule-dessai-des-pouliches,法国一千坚尼,法国一千坚尼,Poule d'Essai des Pouliches,G1,g1,欧洲,草地,其他地方,1600,5,1,三岁春,3岁,牝马,现有中文,自译/规范名待核对,
two-thousand-guineas,二千坚尼,二千坚尼,2000 Guineas,G1,g1,欧洲,草地,其他地方,1600,5,1,三岁春,3岁,,现有中文,自译/规范名待核对,
irish-two-thousand-guineas,爱尔兰二千坚尼,爱尔兰二千坚尼,Irish Two Thousand Guineas,G1,g1,欧洲,草地,其他地方,1600,5,2,三岁春,3岁,,现有中文,由ID自动生成待核对,
lockinge-stakes,洛金锦标,洛金锦标,Lockinge Stakes,G1,g1,欧洲,草地,其他地方,1600,5,2,四岁春,4岁以上,,现有中文,由ID自动生成待核对,
prix-dispahan,伊斯巴翰锦标,伊斯巴翰锦标,Prix Dispahan,G1,g1,欧洲,草地,其他地方,1850,5,2,四岁春,4岁以上,,现有中文,由ID自动生成待核对,
prix-vicomtesse-vigier,维吉尔子爵夫人锦标,维吉尔子爵夫人锦标,Prix Vicomtesse Vigier,G1,g1,欧洲,草地,其他地方,3100,5,2,四岁春,4岁以上,,现有中文,由ID自动生成待核对,
tattersalls-gold-cup,塔特索尔斯金杯,塔特索尔斯金杯,Tattersalls Gold Cup,G1,g1,欧洲,草地,其他地方,2100,5,2,四岁春,4岁以上,,现有中文,由ID自动生成待核对,
coronation-cup,加冕杯,加冕杯,Coronation Cup,G1,g1,欧洲,草地,其他地方,2400,6,1,四岁夏,4岁以上,,现有中文,由ID自动生成待核对,
epsom-derby,叶森德比,叶森德比,Epsom Derby,G1,g1,欧洲,草地,其他地方,2400,6,1,三岁夏,3岁,,现有中文,自译/规范名待核对,
epsom-oaks,叶森橡树,叶森橡树,Epsom Oaks,G1,g1,欧洲,草地,其他地方,2400,6,1,三岁夏,3岁,牝马,现有中文,自译/规范名待核对,
prix-du-jockey-club,法国德比,法国德比,Prix du Jockey Club,G1,g1,欧洲,草地,其他地方,2100,6,1,三岁夏,3岁,,现有中文,由ID自动生成待核对,
ascot-gold-cup,雅士谷金杯,雅士谷金杯,Ascot Gold Cup,G1,g1,欧洲,草地,其他地方,4000,6,2,四岁夏,4岁以上,,现有中文,由ID自动生成待核对,
commonwealth-cup,英联邦杯,英联邦杯,Commonwealth Cup,G1,g1,欧洲,草地,其他地方,1200,6,2,三岁夏,3岁,,现有中文,由ID自动生成待核对,
coronation-stakes,加冕锦标,加冕锦标,Coronation Stakes,G1,g1,欧洲,草地,其他地方,1600,6,2,三岁夏,3岁,牝马,现有中文,由ID自动生成待核对,
irish-derby,爱尔兰德比,爱尔兰德比,Irish Derby,G1,g1,欧洲,草地,其他地方,2400,6,2,三岁夏,3岁,,现有中文,由ID自动生成待核对,
king-charles-iii-stakes,查理三世锦标,查理三世锦标,King Charles Iii Stakes,G1,g1,欧洲,草地,其他地方,1000,6,2,三岁夏,3岁以上,,现有中文,由ID自动生成待核对,
pretty-polly-stakes,美丽波莉锦标,美丽波莉锦标,Pretty Polly Stakes,G1,g1,欧洲,草地,其他地方,2000,6,2,三岁夏,3岁以上,牝马,现有中文,由ID自动生成待核对,
prince-of-wales-stakes,威尔士亲王锦标,威尔士亲王锦标,Prince of Wales Stakes,G1,g1,欧洲,草地,其他地方,2000,6,2,四岁夏,4岁以上,,现有中文,由ID自动生成待核对,
prix-de-diane,法国橡树,法国橡树,Prix de Diane,G1,g1,欧洲,草地,其他地方,2100,6,2,三岁夏,3岁,牝马,现有中文,由ID自动生成待核对,
queen-anne-stakes,女王安妮锦标,女王安妮锦标,Queen Anne Stakes,G1,g1,欧洲,草地,其他地方,1600,6,2,四岁夏,4岁以上,,现有中文,由ID自动生成待核对,
queen-elizabeth-ii-jubilee-stakes,女王伊丽莎白二世禧年锦标,女王伊丽莎白二世禧年锦标,Queen Elizabeth II Jubilee Stakes,G1,g1,欧洲,草地,其他地方,1200,6,2,四岁夏,4岁以上,,现有中文,自译/规范名待核对,
st-jamess-palace-stakes,圣詹姆斯皇宫锦标,圣詹姆斯皇宫锦标,St James's Palace Stakes,G1,g1,欧洲,草地,其他地方,1600,6,2,三岁夏,3岁,,现有中文,自译/规范名待核对,
deutsches-derby,德国德比,德国德比,Deutsches Derby,G1,g1,欧洲,草地,其他地方,2400,7,1,三岁夏,3岁,,现有中文,由ID自动生成待核对,
eclipse-stakes,日蚀大赛,日蚀大赛,Eclipse Stakes,G1,g1,欧洲,草地,其他地方,2000,7,1,三岁夏,3岁以上,,现有中文,由ID自动生成待核对,
falmouth-stakes,法尔茅斯锦标,法尔茅斯锦标,Falmouth Stakes,G1,g1,欧洲,草地,其他地方,1600,7,1,三岁夏,3岁以上,牝马,现有中文,由ID自动生成待核对,
grand-prix-de-paris,巴黎大赛,巴黎大赛,Grand Prix de Paris,G1,g1,欧洲,草地,其他地方,2400,7,1,三岁夏,3岁,,现有中文,由ID自动生成待核对,
grand-prix-de-saint-cloud,圣格卢大赛,圣格卢大赛,Grand Prix de Saint Cloud,G1,g1,欧洲,草地,其他地方,2400,7,1,四岁夏,4岁以上,,现有中文,由ID自动生成待核对,
july-cup,七月杯,七月杯,July Cup,G1,g1,欧洲,草地,其他地方,1200,7,1,三岁夏,3岁以上,,现有中文,由ID自动生成待核对,
goodwood-cup,古活杯,古活杯,Goodwood Cup,G1,g1,欧洲,草地,其他地方,3219,7,2,三岁夏,3岁以上,,现有中文,由ID自动生成待核对,
irish-oaks,爱尔兰橡树大赛,爱尔兰橡树大赛,Irish Oaks,G1,g1,欧洲,草地,其他地方,2400,7,2,三岁夏,3岁,牝马,现有中文,由ID自动生成待核对,
king-george-vi-and-queen-elizabeth-stakes,英皇锦标,英皇锦标,King George VI and Queen Elizabeth Stakes,G1,g1,欧洲,草地,其他地方,2400,7,2,三岁夏,3岁以上,,现有中文,自译/规范名待核对,
nassau-stakes,拿骚锦标,拿骚锦标,Nassau Stakes,G1,g1,欧洲,草地,其他地方,1991,7,2,三岁夏,3岁以上,牝马,现有中文,由ID自动生成待核对,
sussex-stakes,萨塞克斯锦标,萨塞克斯锦标,Sussex Stakes,G1,g1,欧洲,草地,其他地方,1600,7,2,三岁夏,3岁以上,,现有中文,由ID自动生成待核对,
grosser-preis-von-berlin,柏林大赛,柏林大赛,Grosser Preis Von Berlin,G1,g1,欧洲,草地,其他地方,2400,8,1,三岁夏,3岁以上,,现有中文,由ID自动生成待核对,
phoenix-stakes,凤凰锦标,凤凰锦标,Phoenix Stakes,G1,g1,欧洲,草地,其他地方,1200,8,1,二岁夏,2岁,,现有中文,由ID自动生成待核对,
prix-jacques-le-marois,杰克莫华大赛,杰克莫华大赛,Prix Jacques Le Marois,G1,g1,欧洲,草地,其他地方,1600,8,1,三岁夏,3岁以上,,现有中文,由ID自动生成待核对,
prix-maurice-de-gheest,莫里斯德盖斯特大赛,莫里斯德盖斯特大赛,Prix Maurice de Gheest,G1,g1,欧洲,草地,其他地方,1300,8,1,三岁夏,3岁以上,,现有中文,由ID自动生成待核对,
prix-rothschild,罗斯柴尔德大奖赛,罗斯柴尔德大奖赛,Prix Rothschild,G1,g1,欧洲,草地,其他地方,1600,8,1,三岁夏,3岁以上,牝马,现有中文,由ID自动生成待核对,
international-stakes,国际锦标,国际锦标,International Stakes,G1,g1,欧洲,草地,其他地方,2050,8,2,三岁夏,3岁以上,,现有中文,由ID自动生成待核对,
nunthorpe-stakes,南索普锦标,南索普锦标,Nunthorpe Stakes,G1,g1,欧洲,草地,其他地方,1000,8,2,三岁夏,2岁以上,,现有中文,由ID自动生成待核对,
prix-morny,莫尼大赛,莫尼大赛,Prix Morny,G1,g1,欧洲,草地,其他地方,1200,8,2,二岁夏,2岁,,现有中文,由ID自动生成待核对,
yorkshire-oaks,约克郡橡树大赛,约克郡橡树大赛,Yorkshire Oaks,G1,g1,欧洲,草地,其他地方,2400,8,2,三岁夏,3岁以上,牝马,现有中文,由ID自动生成待核对,
flying-five-stakes,飞行五锦标,飞行五锦标,Flying Five Stakes,G1,g1,欧洲,草地,其他地方,1000,9,1,三岁秋,3岁以上,,现有中文,由ID自动生成待核对,
grosser-preis-von-baden,巴登大赛,巴登大赛,Grosser Preis Von Baden,G1,g1,欧洲,草地,其他地方,2400,9,1,三岁秋,3岁以上,,现有中文,由ID自动生成待核对,
haydock-sprint-cup,海多克短途杯,海多克短途杯,Haydock Sprint Cup,G1,g1,欧洲,草地,其他地方,1200,9,1,三岁秋,3岁以上,,现有中文,由ID自动生成待核对,
irish-champion-stakes,爱尔兰冠军锦标,爱尔兰冠军锦标,Irish Champion Stakes,G1,g1,欧洲,草地,其他地方,2000,9,1,三岁秋,3岁以上,,现有中文,由ID自动生成待核对,
irish-st-leger,爱尔兰圣烈治锦标,爱尔兰圣烈治锦标,Irish St Leger,G1,g1,欧洲,草地,其他地方,2800,9,1,三岁秋,3岁以上,,现有中文,由ID自动生成待核对,
prix-du-moulin,穆兰大赛,穆兰大赛,Prix du Moulin,G1,g1,欧洲,草地,其他地方,1600,9,1,三岁秋,3岁以上,,现有中文,由ID自动生成待核对,
prix-vermeille,红宝锦标,红宝锦标,Prix Vermeille,G1,g1,欧洲,草地,其他地方,2400,9,1,三岁秋,3岁以上,牝马,现有中文,由ID自动生成待核对,
st-leger-stakes,圣烈治锦标,圣烈治锦标,St Leger Stakes,G1,g1,欧洲,草地,其他地方,2900,9,1,三岁秋,3岁,,现有中文,由ID自动生成待核对,
middle-park-stakes,米德尔帕克锦标,米德尔帕克锦标,Middle Park Stakes,G1,g1,欧洲,草地,其他地方,1200,9,2,二岁秋,2岁,,现有中文,由ID自动生成待核对,
preis-von-europa,欧洲大赛,欧洲大赛,Preis Von Europa,G1,g1,欧洲,草地,其他地方,2400,9,2,三岁秋,3岁以上,,现有中文,由ID自动生成待核对,
dewhurst-stakes,杜赫斯特锦标,杜赫斯特锦标,Dewhurst Stakes,G1,g1,欧洲,草地,其他地方,1400,10,1,二岁秋,2岁,,现有中文,由ID自动生成待核对,
prix-de-la-foret,森林大赛,森林大赛,Prix de La Foret,G1,g1,欧洲,草地,其他地方,1400,10,1,三岁秋,3岁以上,,现有中文,由ID自动生成待核对,
prix-de-labbaye,阿贝耶大奖赛,阿贝耶大奖赛,Prix de l'Abbaye,G1,g1,欧洲,草地,其他地方,1000,10,1,三岁秋,2岁以上,,现有中文,自译/规范名待核对,
prix-de-larc,凯旋门赏,凯旋门赏,Prix de l'Arc de Triomphe,G1,g1,欧洲,草地,其他地方,2400,10,1,三岁秋,3岁以上,,现有中文,自译/规范名待核对,
prix-de-lopera,歌剧大奖赛,歌剧大奖赛,Prix de l'Opera,G1,g1,欧洲,草地,其他地方,2000,10,1,三岁秋,3岁以上,牝马,现有中文,自译/规范名待核对,
prix-de-royallieu,鲁瓦耶锦标,鲁瓦耶锦标,Prix de Royallieu,G1,g1,欧洲,草地,其他地方,2800,10,1,三岁秋,3岁以上,牝马,现有中文,由ID自动生成待核对,
prix-du-cadran,卡德兰大奖赛,卡德兰大奖赛,Prix du Cadran,G1,g1,欧洲,草地,其他地方,4000,10,1,四岁秋,4岁以上,,现有中文,由ID自动生成待核对,
prix-jean-luc-lagardere,让-吕克拉加代尔大奖赛,让-吕克拉加代尔大奖赛,Prix Jean Luc Lagardere,G1,g1,欧洲,草地,其他地方,1400,10,1,二岁秋,2岁,,现有中文,由ID自动生成待核对,
prix-marcel-boussac,马塞尔布萨克大赛,马塞尔布萨克大赛,Prix Marcel Boussac,G1,g1,欧洲,草地,其他地方,1600,10,1,二岁秋,2岁,牝马,现有中文,由ID自动生成待核对,
british-champions-fillies-mares-stakes,英国冠军雌马锦标,英国冠军雌马锦标,British Champions Fillies Mares Stakes,G1,g1,欧洲,草地,其他地方,2400,10,2,三岁秋,3岁以上,牝马,现有中文,由ID自动生成待核对,
british-champions-long-distance-cup,英国冠军长途杯,英国冠军长途杯,British Champions Long Distance Cup,G1,g1,欧洲,草地,其他地方,3209,10,2,三岁秋,3岁以上,,现有中文,由ID自动生成待核对,
british-champions-sprint-stakes,英国冠军短途锦标,英国冠军短途锦标,British Champions Sprint Stakes,G1,g1,欧洲,草地,其他地方,1200,10,2,三岁秋,3岁以上,,现有中文,由ID自动生成待核对,
champion-stakes,冠军锦标,冠军锦标,Champion Stakes,G1,g1,欧洲,草地,其他地方,2004,10,2,三岁秋,3岁以上,,现有中文,由ID自动生成待核对,
futurity-trophy,未来锦标,未来锦标,Futurity Trophy,G1,g1,欧洲,草地,其他地方,1600,10,2,二岁秋,2岁,,现有中文,由ID自动生成待核对,
prix-royal-oak,皇家橡树大赛,皇家橡树大赛,Prix Royal Oak,G1,g1,欧洲,草地,其他地方,3100,10,2,三岁秋,3岁以上,,现有中文,由ID自动生成待核对,
queen-elizabeth-ii-stakes,伊丽莎白女王二世锦标,伊丽莎白女王二世锦标,Queen Elizabeth II Stakes,G1,g1,欧洲,草地,其他地方,1600,10,2,三岁秋,3岁以上,,现有中文,自译/规范名待核对,
grosser-preis-von-bayern,巴伐利亚大赛,巴伐利亚大赛,Grosser Preis Von Bayern,G1,g1,欧洲,草地,其他地方,2400,11,1,三岁秋,3岁以上,,现有中文,由ID自动生成待核对,
one-win-dirt-3-1-early-kokura-1200-7,小仓泥地1200m一胜战,小仓泥地1200m一胜战,Kokura Dirt 1200m One-Win Class,1胜,one-win,日本,泥地,小仓,1200,1,1,三岁冬,3岁,,现有中文,按条件赛规则生成,
one-win-dirt-3-1-early-nakayama-1800-6,中山泥地1800m一胜战,中山泥地1800m一胜战,Nakayama Dirt 1800m One-Win Class,1胜,one-win,日本,泥地,中山,1800,1,1,三岁冬,3岁,,现有中文,按条件赛规则生成,
one-win-dirt-3-1-early-tokyo-1600-5,东京泥地1600m一胜战,东京泥地1600m一胜战,Tokyo Dirt 1600m One-Win Class,1胜,one-win,日本,泥地,东京,1600,1,1,三岁冬,3岁,,现有中文,按条件赛规则生成,
one-win-dirt-4-1-early-kokura-1900-7,小仓泥地1900m一胜战,小仓泥地1900m一胜战,Kokura Dirt 1900m One-Win Class,1胜,one-win,日本,泥地,小仓,1900,1,1,四岁冬,4岁,,现有中文,按条件赛规则生成,
one-win-dirt-4-1-early-nakayama-1700-6,中山泥地1700m一胜战,中山泥地1700m一胜战,Nakayama Dirt 1700m One-Win Class,1胜,one-win,日本,泥地,中山,1700,1,1,四岁冬,4岁,,现有中文,按条件赛规则生成,
one-win-dirt-4-1-early-tokyo-1400-5,东京泥地1400m一胜战,东京泥地1400m一胜战,Tokyo Dirt 1400m One-Win Class,1胜,one-win,日本,泥地,东京,1400,1,1,四岁冬,4岁,,现有中文,按条件赛规则生成,
one-win-turf-3-1-early-fukushima-1200-4,福岛草地1200m一胜战,福岛草地1200m一胜战,Fukushima Turf 1200m One-Win Class,1胜,one-win,日本,草地,福岛,1200,1,1,三岁冬,3岁,,现有中文,按条件赛规则生成,
one-win-turf-3-1-early-kokura-2200-3,小仓草地2200m一胜战,小仓草地2200m一胜战,Kokura Turf 2200m One-Win Class,1胜,one-win,日本,草地,小仓,2200,1,1,三岁冬,3岁,,现有中文,按条件赛规则生成,
one-win-turf-3-1-early-nakayama-1800-2,中山草地1800m一胜战,中山草地1800m一胜战,Nakayama Turf 1800m One-Win Class,1胜,one-win,日本,草地,中山,1800,1,1,三岁冬,3岁,,现有中文,按条件赛规则生成,
one-win-turf-3-1-early-tokyo-1400-1,东京草地1400m一胜战,东京草地1400m一胜战,Tokyo Turf 1400m One-Win Class,1胜,one-win,日本,草地,东京,1400,1,1,三岁冬,3岁,,现有中文,按条件赛规则生成,
one-win-turf-4-1-early-fukushima-2400-4,福岛草地2400m一胜战,福岛草地2400m一胜战,Fukushima Turf 2400m One-Win Class,1胜,one-win,日本,草地,福岛,2400,1,1,四岁冬,4岁,,现有中文,按条件赛规则生成,
one-win-turf-4-1-early-kokura-2000-3,小仓草地2000m一胜战,小仓草地2000m一胜战,Kokura Turf 2000m One-Win Class,1胜,one-win,日本,草地,小仓,2000,1,1,四岁冬,4岁,,现有中文,按条件赛规则生成,
one-win-turf-4-1-early-nakayama-1600-2,中山草地1600m一胜战,中山草地1600m一胜战,Nakayama Turf 1600m One-Win Class,1胜,one-win,日本,草地,中山,1600,1,1,四岁冬,4岁,,现有中文,按条件赛规则生成,
one-win-turf-4-1-early-tokyo-1200-1,东京草地1200m一胜战,东京草地1200m一胜战,Tokyo Turf 1200m One-Win Class,1胜,one-win,日本,草地,东京,1200,1,1,四岁冬,4岁,,现有中文,按条件赛规则生成,
two-win-dirt-4-1-early-fukushima-1400-6,福岛泥地1400m二胜战,福岛泥地1400m二胜战,Fukushima Dirt 1400m Two-Win Class,2胜,two-win,日本,泥地,福岛,1400,1,1,四岁冬,4岁,,现有中文,按条件赛规则生成,
two-win-dirt-4-1-early-nakayama-1900-5,中山泥地1900m二胜战,中山泥地1900m二胜战,Nakayama Dirt 1900m Two-Win Class,2胜,two-win,日本,泥地,中山,1900,1,1,四岁冬,4岁,,现有中文,按条件赛规则生成,
two-win-dirt-4-1-early-tokyo-1700-4,东京泥地1700m二胜战,东京泥地1700m二胜战,Tokyo Dirt 1700m Two-Win Class,2胜,two-win,日本,泥地,东京,1700,1,1,四岁冬,4岁,,现有中文,按条件赛规则生成,
two-win-dirt-5-1-early-fukushima-1600-6,福岛泥地1600m二胜战,福岛泥地1600m二胜战,Fukushima Dirt 1600m Two-Win Class,2胜,two-win,日本,泥地,福岛,1600,1,1,五岁冬,5岁,,现有中文,按条件赛规则生成,
two-win-dirt-5-1-early-nakayama-1200-5,中山泥地1200m二胜战,中山泥地1200m二胜战,Nakayama Dirt 1200m Two-Win Class,2胜,two-win,日本,泥地,中山,1200,1,1,五岁冬,5岁,,现有中文,按条件赛规则生成,
two-win-dirt-5-1-early-tokyo-1800-4,东京泥地1800m二胜战,东京泥地1800m二胜战,Tokyo Dirt 1800m Two-Win Class,2胜,two-win,日本,泥地,东京,1800,1,1,五岁冬,5岁,,现有中文,按条件赛规则生成,
two-win-turf-4-1-early-kokura-2200-3,小仓草地2200m二胜战,小仓草地2200m二胜战,Kokura Turf 2200m Two-Win Class,2胜,two-win,日本,草地,小仓,2200,1,1,四岁冬,4岁,,现有中文,按条件赛规则生成,
two-win-turf-4-1-early-nakayama-1600-2,中山草地1600m二胜战,中山草地1600m二胜战,Nakayama Turf 1600m Two-Win Class,2胜,two-win,日本,草地,中山,1600,1,1,四岁冬,4岁,,现有中文,按条件赛规则生成,
two-win-turf-4-1-early-tokyo-1200-1,东京草地1200m二胜战,东京草地1200m二胜战,Tokyo Turf 1200m Two-Win Class,2胜,two-win,日本,草地,东京,1200,1,1,四岁冬,4岁,,现有中文,按条件赛规则生成,
two-win-turf-5-1-early-kokura-1600-3,小仓草地1600m二胜战,小仓草地1600m二胜战,Kokura Turf 1600m Two-Win Class,2胜,two-win,日本,草地,小仓,1600,1,1,五岁冬,5岁,,现有中文,按条件赛规则生成,
two-win-turf-5-1-early-nakayama-3000-2,中山草地3000m二胜战,中山草地3000m二胜战,Nakayama Turf 3000m Two-Win Class,2胜,two-win,日本,草地,中山,3000,1,1,五岁冬,5岁,,现有中文,按条件赛规则生成,
two-win-turf-5-1-early-tokyo-2200-1,东京草地2200m二胜战,东京草地2200m二胜战,Tokyo Turf 2200m Two-Win Class,2胜,two-win,日本,草地,东京,2200,1,1,五岁冬,5岁,,现有中文,按条件赛规则生成,
three-win-dirt-4-1-early-fukushima-1400-4,福岛泥地1400m三胜战,福岛泥地1400m三胜战,Fukushima Dirt 1400m Three-Win Class,3胜,three-win,日本,泥地,福岛,1400,1,1,四岁冬,4岁,,现有中文,按条件赛规则生成,
three-win-dirt-4-1-early-nakayama-1800-3,中山泥地1800m三胜战,中山泥地1800m三胜战,Nakayama Dirt 1800m Three-Win Class,3胜,three-win,日本,泥地,中山,1800,1,1,四岁冬,4岁,,现有中文,按条件赛规则生成,
three-win-dirt-5-1-early-fukushima-1600-4,福岛泥地1600m三胜战,福岛泥地1600m三胜战,Fukushima Dirt 1600m Three-Win Class,3胜,three-win,日本,泥地,福岛,1600,1,1,五岁冬,5岁,,现有中文,按条件赛规则生成,
three-win-dirt-5-1-early-nakayama-1900-3,中山泥地1900m三胜战,中山泥地1900m三胜战,Nakayama Dirt 1900m Three-Win Class,3胜,three-win,日本,泥地,中山,1900,1,1,五岁冬,5岁,,现有中文,按条件赛规则生成,
three-win-turf-4-1-early-kokura-2000-2,小仓草地2000m三胜战,小仓草地2000m三胜战,Kokura Turf 2000m Three-Win Class,3胜,three-win,日本,草地,小仓,2000,1,1,四岁冬,4岁,,现有中文,按条件赛规则生成,
three-win-turf-4-1-early-tokyo-1400-1,东京草地1400m三胜战,东京草地1400m三胜战,Tokyo Turf 1400m Three-Win Class,3胜,three-win,日本,草地,东京,1400,1,1,四岁冬,4岁,,现有中文,按条件赛规则生成,
three-win-turf-5-1-early-kokura-1400-2,小仓草地1400m三胜战,小仓草地1400m三胜战,Kokura Turf 1400m Three-Win Class,3胜,three-win,日本,草地,小仓,1400,1,1,五岁冬,5岁,,现有中文,按条件赛规则生成,
three-win-turf-5-1-early-tokyo-2400-1,东京草地2400m三胜战,东京草地2400m三胜战,Tokyo Turf 2400m Three-Win Class,3胜,three-win,日本,草地,东京,2400,1,1,五岁冬,5岁,,现有中文,按条件赛规则生成,
maiden-dirt-3-1-early-fukushima-1200-2,福岛泥地1200m未胜利战,福岛泥地1200m未胜利战,Fukushima Dirt 1200m Maiden,未胜利,maiden,日本,泥地,福岛,1200,1,1,三岁冬,3岁,,现有中文,按条件赛规则生成,
maiden-dirt-3-1-early-kokura-1000-1,小仓泥地1000m未胜利战,小仓泥地1000m未胜利战,Kokura Dirt 1000m Maiden,未胜利,maiden,日本,泥地,小仓,1000,1,1,三岁冬,3岁,,现有中文,按条件赛规则生成,
maiden-dirt-3-1-early-nakayama-1400-4,中山泥地1400m未胜利战,中山泥地1400m未胜利战,Nakayama Dirt 1400m Maiden,未胜利,maiden,日本,泥地,中山,1400,1,1,三岁冬,3岁,,现有中文,按条件赛规则生成,
maiden-dirt-3-1-early-tokyo-1800-3,东京泥地1800m未胜利战,东京泥地1800m未胜利战,Tokyo Dirt 1800m Maiden,未胜利,maiden,日本,泥地,东京,1800,1,1,三岁冬,3岁,,现有中文,按条件赛规则生成,
maiden-turf-3-1-early-fukushima-1200-4,福岛草地1200m未胜利战,福岛草地1200m未胜利战,Fukushima Turf 1200m Maiden,未胜利,maiden,日本,草地,福岛,1200,1,1,三岁冬,3岁,,现有中文,按条件赛规则生成,
maiden-turf-3-1-early-kokura-1000-3,小仓草地1000m未胜利战,小仓草地1000m未胜利战,Kokura Turf 1000m Maiden,未胜利,maiden,日本,草地,小仓,1000,1,1,三岁冬,3岁,,现有中文,按条件赛规则生成,
maiden-turf-3-1-early-nakayama-1400-2,中山草地1400m未胜利战,中山草地1400m未胜利战,Nakayama Turf 1400m Maiden,未胜利,maiden,日本,草地,中山,1400,1,1,三岁冬,3岁,,现有中文,按条件赛规则生成,
maiden-turf-3-1-early-tokyo-1000-1,东京草地1000m未胜利战,东京草地1000m未胜利战,Tokyo Turf 1000m Maiden,未胜利,maiden,日本,草地,东京,1000,1,1,三岁冬,3岁,,现有中文,按条件赛规则生成,
new-dirt-3-1-early-fukushima-1200-2,福岛泥地1200m新马战,福岛泥地1200m新马战,Fukushima Dirt 1200m Newcomer,新马,new,日本,泥地,福岛,1200,1,1,三岁冬,3岁,,现有中文,按条件赛规则生成,
new-dirt-3-1-early-kokura-1000-1,小仓泥地1000m新马战,小仓泥地1000m新马战,Kokura Dirt 1000m Newcomer,新马,new,日本,泥地,小仓,1000,1,1,三岁冬,3岁,,现有中文,按条件赛规则生成,
new-dirt-3-1-early-nakayama-1400-4,中山泥地1400m新马战,中山泥地1400m新马战,Nakayama Dirt 1400m Newcomer,新马,new,日本,泥地,中山,1400,1,1,三岁冬,3岁,,现有中文,按条件赛规则生成,
new-dirt-3-1-early-tokyo-1800-3,东京泥地1800m新马战,东京泥地1800m新马战,Tokyo Dirt 1800m Newcomer,新马,new,日本,泥地,东京,1800,1,1,三岁冬,3岁,,现有中文,按条件赛规则生成,
new-turf-3-1-early-fukushima-1200-4,福岛草地1200m新马战,福岛草地1200m新马战,Fukushima Turf 1200m Newcomer,新马,new,日本,草地,福岛,1200,1,1,三岁冬,3岁,,现有中文,按条件赛规则生成,
new-turf-3-1-early-kokura-1000-3,小仓草地1000m新马战,小仓草地1000m新马战,Kokura Turf 1000m Newcomer,新马,new,日本,草地,小仓,1000,1,1,三岁冬,3岁,,现有中文,按条件赛规则生成,
new-turf-3-1-early-nakayama-1400-2,中山草地1400m新马战,中山草地1400m新马战,Nakayama Turf 1400m Newcomer,新马,new,日本,草地,中山,1400,1,1,三岁冬,3岁,,现有中文,按条件赛规则生成,
new-turf-3-1-early-tokyo-1000-1,东京草地1000m新马战,东京草地1000m新马战,Tokyo Turf 1000m Newcomer,新马,new,日本,草地,东京,1000,1,1,三岁冬,3岁,,现有中文,按条件赛规则生成,
fairy-stakes,Fairy S,妖精锦标,Fairy S,G3,g3,日本,草地,中山,1600,1,1,三岁冬,3岁,牝马,自译待核对,现有英文,
kyoto-kimpai,京都金杯,京都金杯,Kyoto Kimpai,G3,g3,日本,草地,京都,1600,1,1,四岁冬,4岁以上,,现有中文,由ID自动生成待核对,
nakayama-kimpai,中山金杯,中山金杯,Nakayama Kimpai,G3,g3,日本,草地,中山,2000,1,1,四岁冬,4岁以上,,现有中文,由ID自动生成待核对,
shinzan-kinen,新山记念,新山记念,Shinzan Kinen,G3,g3,日本,草地,京都,1600,1,1,三岁冬,3岁,,现有中文,由ID自动生成待核对,
junior-cup,ジュニアC,少年杯,Junior Cup,L,op,日本,草地,中山,1600,1,1,三岁冬,3岁,,自译待核对,由ID自动生成待核对,
new-year-stakes,ニューイヤーS,新年锦标,New Year Stakes,L,op,日本,草地,中山,1600,1,1,四岁冬,4岁以上,,自译待核对,由ID自动生成待核对,
subaru-stakes,すばるS,昴星锦标,Subaru Stakes,L,op,日本,泥地,京都,1400,1,1,四岁冬,4岁以上,,自译待核对,由ID自动生成待核对,
yodo-tankyori-stakes,淀短距離S,淀短距离锦标,Yodo Tankyori Stakes,L,op,日本,草地,京都,1200,1,1,四岁冬,4岁以上,,自动规范化待核对,由ID自动生成待核对,
january-stakes,ジャニュアリーS,一月锦标,January Stakes,OP,op,日本,泥地,中山,1200,1,1,四岁冬,4岁以上,,自译待核对,由ID自动生成待核对,
manyo-stakes,万葉S,万叶锦标,Manyo Stakes,OP,op,日本,草地,京都,3000,1,1,四岁冬,4岁以上,,自动规范化待核对,由ID自动生成待核对,
one-win-dirt-3-1-late-hanshin-1900-6,阪神泥地1900m一胜战,阪神泥地1900m一胜战,Hanshin Dirt 1900m One-Win Class,1胜,one-win,日本,泥地,阪神,1900,1,2,三岁冬,3岁,,现有中文,按条件赛规则生成,
one-win-dirt-3-1-late-kokura-1400-7,小仓泥地1400m一胜战,小仓泥地1400m一胜战,Kokura Dirt 1400m One-Win Class,1胜,one-win,日本,泥地,小仓,1400,1,2,三岁冬,3岁,,现有中文,按条件赛规则生成,
one-win-dirt-3-1-late-kyoto-1700-5,京都泥地1700m一胜战,京都泥地1700m一胜战,Kyoto Dirt 1700m One-Win Class,1胜,one-win,日本,泥地,京都,1700,1,2,三岁冬,3岁,,现有中文,按条件赛规则生成,
one-win-dirt-4-1-late-hanshin-1800-6,阪神泥地1800m一胜战,阪神泥地1800m一胜战,Hanshin Dirt 1800m One-Win Class,1胜,one-win,日本,泥地,阪神,1800,1,2,四岁冬,4岁,,现有中文,按条件赛规则生成,
one-win-dirt-4-1-late-kokura-2100-7,小仓泥地2100m一胜战,小仓泥地2100m一胜战,Kokura Dirt 2100m One-Win Class,1胜,one-win,日本,泥地,小仓,2100,1,2,四岁冬,4岁,,现有中文,按条件赛规则生成,
one-win-dirt-4-1-late-kyoto-1600-5,京都泥地1600m一胜战,京都泥地1600m一胜战,Kyoto Dirt 1600m One-Win Class,1胜,one-win,日本,泥地,京都,1600,1,2,四岁冬,4岁,,现有中文,按条件赛规则生成,
one-win-turf-3-1-late-chukyo-1400-4,中京草地1400m一胜战,中京草地1400m一胜战,Chukyo Turf 1400m One-Win Class,1胜,one-win,日本,草地,中京,1400,1,2,三岁冬,3岁,,现有中文,按条件赛规则生成,
one-win-turf-3-1-late-hanshin-2000-2,阪神草地2000m一胜战,阪神草地2000m一胜战,Hanshin Turf 2000m One-Win Class,1胜,one-win,日本,草地,阪神,2000,1,2,三岁冬,3岁,,现有中文,按条件赛规则生成,
one-win-turf-3-1-late-kokura-2400-3,小仓草地2400m一胜战,小仓草地2400m一胜战,Kokura Turf 2400m One-Win Class,1胜,one-win,日本,草地,小仓,2400,1,2,三岁冬,3岁,,现有中文,按条件赛规则生成,
one-win-turf-3-1-late-kyoto-1600-1,京都草地1600m一胜战,京都草地1600m一胜战,Kyoto Turf 1600m One-Win Class,1胜,one-win,日本,草地,京都,1600,1,2,三岁冬,3岁,,现有中文,按条件赛规则生成,
one-win-turf-4-1-late-chukyo-2600-4,中京草地2600m一胜战,中京草地2600m一胜战,Chukyo Turf 2600m One-Win Class,1胜,one-win,日本,草地,中京,2600,1,2,四岁冬,4岁,,现有中文,按条件赛规则生成,
one-win-turf-4-1-late-hanshin-1800-2,阪神草地1800m一胜战,阪神草地1800m一胜战,Hanshin Turf 1800m One-Win Class,1胜,one-win,日本,草地,阪神,1800,1,2,四岁冬,4岁,,现有中文,按条件赛规则生成,
one-win-turf-4-1-late-kokura-2200-3,小仓草地2200m一胜战,小仓草地2200m一胜战,Kokura Turf 2200m One-Win Class,1胜,one-win,日本,草地,小仓,2200,1,2,四岁冬,4岁,,现有中文,按条件赛规则生成,
one-win-turf-4-1-late-kyoto-1400-1,京都草地1400m一胜战,京都草地1400m一胜战,Kyoto Turf 1400m One-Win Class,1胜,one-win,日本,草地,京都,1400,1,2,四岁冬,4岁,,现有中文,按条件赛规则生成,
two-win-dirt-4-1-late-chukyo-1600-6,中京泥地1600m二胜战,中京泥地1600m二胜战,Chukyo Dirt 1600m Two-Win Class,2胜,two-win,日本,泥地,中京,1600,1,2,四岁冬,4岁,,现有中文,按条件赛规则生成,
two-win-dirt-4-1-late-hanshin-1200-5,阪神泥地1200m二胜战,阪神泥地1200m二胜战,Hanshin Dirt 1200m Two-Win Class,2胜,two-win,日本,泥地,阪神,1200,1,2,四岁冬,4岁,,现有中文,按条件赛规则生成,
two-win-dirt-4-1-late-kyoto-1800-4,京都泥地1800m二胜战,京都泥地1800m二胜战,Kyoto Dirt 1800m Two-Win Class,2胜,two-win,日本,泥地,京都,1800,1,2,四岁冬,4岁,,现有中文,按条件赛规则生成,
two-win-dirt-5-1-late-chukyo-1700-6,中京泥地1700m二胜战,中京泥地1700m二胜战,Chukyo Dirt 1700m Two-Win Class,2胜,two-win,日本,泥地,中京,1700,1,2,五岁冬,5岁,,现有中文,按条件赛规则生成,
two-win-dirt-5-1-late-hanshin-1400-5,阪神泥地1400m二胜战,阪神泥地1400m二胜战,Hanshin Dirt 1400m Two-Win Class,2胜,two-win,日本,泥地,阪神,1400,1,2,五岁冬,5岁,,现有中文,按条件赛规则生成,
two-win-dirt-5-1-late-kyoto-1900-4,京都泥地1900m二胜战,京都泥地1900m二胜战,Kyoto Dirt 1900m Two-Win Class,2胜,two-win,日本,泥地,京都,1900,1,2,五岁冬,5岁,,现有中文,按条件赛规则生成,
two-win-turf-4-1-late-hanshin-1800-2,阪神草地1800m二胜战,阪神草地1800m二胜战,Hanshin Turf 1800m Two-Win Class,2胜,two-win,日本,草地,阪神,1800,1,2,四岁冬,4岁,,现有中文,按条件赛规则生成,
two-win-turf-4-1-late-kokura-2400-3,小仓草地2400m二胜战,小仓草地2400m二胜战,Kokura Turf 2400m Two-Win Class,2胜,two-win,日本,草地,小仓,2400,1,2,四岁冬,4岁,,现有中文,按条件赛规则生成,
two-win-turf-4-1-late-kyoto-1400-1,京都草地1400m二胜战,京都草地1400m二胜战,Kyoto Turf 1400m Two-Win Class,2胜,two-win,日本,草地,京都,1400,1,2,四岁冬,4岁,,现有中文,按条件赛规则生成,
two-win-turf-5-1-late-hanshin-1200-2,阪神草地1200m二胜战,阪神草地1200m二胜战,Hanshin Turf 1200m Two-Win Class,2胜,two-win,日本,草地,阪神,1200,1,2,五岁冬,5岁,,现有中文,按条件赛规则生成,
two-win-turf-5-1-late-kokura-1800-3,小仓草地1800m二胜战,小仓草地1800m二胜战,Kokura Turf 1800m Two-Win Class,2胜,two-win,日本,草地,小仓,1800,1,2,五岁冬,5岁,,现有中文,按条件赛规则生成,
two-win-turf-5-1-late-kyoto-2400-1,京都草地2400m二胜战,京都草地2400m二胜战,Kyoto Turf 2400m Two-Win Class,2胜,two-win,日本,草地,京都,2400,1,2,五岁冬,5岁,,现有中文,按条件赛规则生成,
three-win-dirt-4-1-late-chukyo-1600-4,中京泥地1600m三胜战,中京泥地1600m三胜战,Chukyo Dirt 1600m Three-Win Class,3胜,three-win,日本,泥地,中京,1600,1,2,四岁冬,4岁,,现有中文,按条件赛规则生成,
three-win-dirt-4-1-late-hanshin-1900-3,阪神泥地1900m三胜战,阪神泥地1900m三胜战,Hanshin Dirt 1900m Three-Win Class,3胜,three-win,日本,泥地,阪神,1900,1,2,四岁冬,4岁,,现有中文,按条件赛规则生成,
three-win-dirt-5-1-late-chukyo-1700-4,中京泥地1700m三胜战,中京泥地1700m三胜战,Chukyo Dirt 1700m Three-Win Class,3胜,three-win,日本,泥地,中京,1700,1,2,五岁冬,5岁,,现有中文,按条件赛规则生成,
three-win-dirt-5-1-late-hanshin-1200-3,阪神泥地1200m三胜战,阪神泥地1200m三胜战,Hanshin Dirt 1200m Three-Win Class,3胜,three-win,日本,泥地,阪神,1200,1,2,五岁冬,5岁,,现有中文,按条件赛规则生成,
three-win-turf-4-1-late-kokura-2200-2,小仓草地2200m三胜战,小仓草地2200m三胜战,Kokura Turf 2200m Three-Win Class,3胜,three-win,日本,草地,小仓,2200,1,2,四岁冬,4岁,,现有中文,按条件赛规则生成,
three-win-turf-4-1-late-kyoto-1600-1,京都草地1600m三胜战,京都草地1600m三胜战,Kyoto Turf 1600m Three-Win Class,3胜,three-win,日本,草地,京都,1600,1,2,四岁冬,4岁,,现有中文,按条件赛规则生成,
three-win-turf-5-1-late-kokura-1600-2,小仓草地1600m三胜战,小仓草地1600m三胜战,Kokura Turf 1600m Three-Win Class,3胜,three-win,日本,草地,小仓,1600,1,2,五岁冬,5岁,,现有中文,按条件赛规则生成,
three-win-turf-5-1-late-kyoto-3000-1,京都草地3000m三胜战,京都草地3000m三胜战,Kyoto Turf 3000m Three-Win Class,3胜,three-win,日本,草地,京都,3000,1,2,五岁冬,5岁,,现有中文,按条件赛规则生成,
maiden-dirt-3-1-late-chukyo-1400-2,中京泥地1400m未胜利战,中京泥地1400m未胜利战,Chukyo Dirt 1400m Maiden,未胜利,maiden,日本,泥地,中京,1400,1,2,三岁冬,3岁,,现有中文,按条件赛规则生成,
maiden-dirt-3-1-late-hanshin-1600-4,阪神泥地1600m未胜利战,阪神泥地1600m未胜利战,Hanshin Dirt 1600m Maiden,未胜利,maiden,日本,泥地,阪神,1600,1,2,三岁冬,3岁,,现有中文,按条件赛规则生成,
maiden-dirt-3-1-late-kokura-1200-1,小仓泥地1200m未胜利战,小仓泥地1200m未胜利战,Kokura Dirt 1200m Maiden,未胜利,maiden,日本,泥地,小仓,1200,1,2,三岁冬,3岁,,现有中文,按条件赛规则生成,
maiden-dirt-3-1-late-kyoto-1200-3,京都泥地1200m未胜利战,京都泥地1200m未胜利战,Kyoto Dirt 1200m Maiden,未胜利,maiden,日本,泥地,京都,1200,1,2,三岁冬,3岁,,现有中文,按条件赛规则生成,
maiden-turf-3-1-late-chukyo-1400-4,中京草地1400m未胜利战,中京草地1400m未胜利战,Chukyo Turf 1400m Maiden,未胜利,maiden,日本,草地,中京,1400,1,2,三岁冬,3岁,,现有中文,按条件赛规则生成,
maiden-turf-3-1-late-hanshin-1600-2,阪神草地1600m未胜利战,阪神草地1600m未胜利战,Hanshin Turf 1600m Maiden,未胜利,maiden,日本,草地,阪神,1600,1,2,三岁冬,3岁,,现有中文,按条件赛规则生成,
maiden-turf-3-1-late-kokura-1200-3,小仓草地1200m未胜利战,小仓草地1200m未胜利战,Kokura Turf 1200m Maiden,未胜利,maiden,日本,草地,小仓,1200,1,2,三岁冬,3岁,,现有中文,按条件赛规则生成,
maiden-turf-3-1-late-kyoto-1200-1,京都草地1200m未胜利战,京都草地1200m未胜利战,Kyoto Turf 1200m Maiden,未胜利,maiden,日本,草地,京都,1200,1,2,三岁冬,3岁,,现有中文,按条件赛规则生成,
new-dirt-3-1-late-chukyo-1400-2,中京泥地1400m新马战,中京泥地1400m新马战,Chukyo Dirt 1400m Newcomer,新马,new,日本,泥地,中京,1400,1,2,三岁冬,3岁,,现有中文,按条件赛规则生成,
new-dirt-3-1-late-hanshin-1600-4,阪神泥地1600m新马战,阪神泥地1600m新马战,Hanshin Dirt 1600m Newcomer,新马,new,日本,泥地,阪神,1600,1,2,三岁冬,3岁,,现有中文,按条件赛规则生成,
new-dirt-3-1-late-kokura-1200-1,小仓泥地1200m新马战,小仓泥地1200m新马战,Kokura Dirt 1200m Newcomer,新马,new,日本,泥地,小仓,1200,1,2,三岁冬,3岁,,现有中文,按条件赛规则生成,
new-dirt-3-1-late-kyoto-1200-3,京都泥地1200m新马战,京都泥地1200m新马战,Kyoto Dirt 1200m Newcomer,新马,new,日本,泥地,京都,1200,1,2,三岁冬,3岁,,现有中文,按条件赛规则生成,
new-turf-3-1-late-chukyo-1400-4,中京草地1400m新马战,中京草地1400m新马战,Chukyo Turf 1400m Newcomer,新马,new,日本,草地,中京,1400,1,2,三岁冬,3岁,,现有中文,按条件赛规则生成,
new-turf-3-1-late-hanshin-1600-2,阪神草地1600m新马战,阪神草地1600m新马战,Hanshin Turf 1600m Newcomer,新马,new,日本,草地,阪神,1600,1,2,三岁冬,3岁,,现有中文,按条件赛规则生成,
new-turf-3-1-late-kokura-1200-3,小仓草地1200m新马战,小仓草地1200m新马战,Kokura Turf 1200m Newcomer,新马,new,日本,草地,小仓,1200,1,2,三岁冬,3岁,,现有中文,按条件赛规则生成,
new-turf-3-1-late-kyoto-1200-1,京都草地1200m新马战,京都草地1200m新马战,Kyoto Turf 1200m Newcomer,新马,new,日本,草地,京都,1200,1,2,三岁冬,3岁,,现有中文,按条件赛规则生成,
american-jockey-club-cup,美国JCC,美国JCC,American Jockey Club Cup,G2,g2,日本,草地,中山,2200,1,2,四岁冬,4岁以上,,自动生成待核对,自译/规范名待核对,
nikkei-shinshun-hai,日经新春杯,日经新春杯,Nikkei Shinshun Hai,G2,g2,日本,草地,京都,2400,1,2,四岁冬,4岁以上,,现有中文,由ID自动生成待核对,
procyon-stakes,プロキオンS,南河三锦标,Procyon Stakes,G2,g2,日本,泥地,中京,1800,1,2,四岁冬,4岁以上,,自译待核对,由ID自动生成待核对,
keisei-hai,京成杯,京成杯,Keisei Hai,G3,g3,日本,草地,中山,2000,1,2,三岁冬,3岁,,现有中文,由ID自动生成待核对,
kokura-himba-stakes,小仓牝马S,小仓牝马锦标,Kokura Himba Stakes,G3,g3,日本,草地,小仓,2000,1,2,四岁冬,4岁以上,牝马,自动规范化待核对,由ID自动生成待核对,
bluebird-cup,蓝鸟杯,蓝鸟杯,Bluebird Cup,JpnIII,jpn3,日本,泥地,船桥,1800,1,2,三岁冬,3岁,,现有中文,由ID自动生成待核对,
crocuss-stakes,クロッカスS,番红花锦标,Crocuss Stakes,L,op,日本,草地,东京,1400,1,2,三岁冬,3岁,,自译待核对,由ID自动生成待核对,
kobai-stakes,紅梅S,红梅锦标,Kobai Stakes,L,op,日本,草地,京都,1400,1,2,三岁冬,3岁,牝马,自动规范化待核对,由ID自动生成待核对,
shirafuji-stakes,白富士S,白富士锦标,Shirafuji Stakes,L,op,日本,草地,东京,2000,1,2,四岁冬,4岁以上,,自动规范化待核对,由ID自动生成待核对,
wakagoma-stakes,若駒S,若驹锦标,Wakagoma Stakes,L,op,日本,草地,京都,2000,1,2,三岁冬,3岁,,自动规范化待核对,由ID自动生成待核对,
one-win-dirt-3-2-early-kokura-1700-7,小仓泥地1700m一胜战,小仓泥地1700m一胜战,Kokura Dirt 1700m One-Win Class,1胜,one-win,日本,泥地,小仓,1700,2,1,三岁冬,3岁,,现有中文,按条件赛规则生成,
one-win-dirt-3-2-early-nakayama-1400-6,中山泥地1400m一胜战,中山泥地1400m一胜战,Nakayama Dirt 1400m One-Win Class,1胜,one-win,日本,泥地,中山,1400,2,1,三岁冬,3岁,,现有中文,按条件赛规则生成,
one-win-dirt-3-2-early-tokyo-1900-5,东京泥地1900m一胜战,东京泥地1900m一胜战,Tokyo Dirt 1900m One-Win Class,1胜,one-win,日本,泥地,东京,1900,2,1,三岁冬,3岁,,现有中文,按条件赛规则生成,
one-win-dirt-4-2-early-kokura-1400-7,小仓泥地1400m一胜战,小仓泥地1400m一胜战,Kokura Dirt 1400m One-Win Class,1胜,one-win,日本,泥地,小仓,1400,2,1,四岁冬,4岁,,现有中文,按条件赛规则生成,
one-win-dirt-4-2-early-nakayama-2100-6,中山泥地2100m一胜战,中山泥地2100m一胜战,Nakayama Dirt 2100m One-Win Class,1胜,one-win,日本,泥地,中山,2100,2,1,四岁冬,4岁,,现有中文,按条件赛规则生成,
one-win-dirt-4-2-early-tokyo-1800-5,东京泥地1800m一胜战,东京泥地1800m一胜战,Tokyo Dirt 1800m One-Win Class,1胜,one-win,日本,泥地,东京,1800,2,1,四岁冬,4岁,,现有中文,按条件赛规则生成,
one-win-turf-3-2-early-fukushima-1800-4,福岛草地1800m一胜战,福岛草地1800m一胜战,Fukushima Turf 1800m One-Win Class,1胜,one-win,日本,草地,福岛,1800,2,1,三岁冬,3岁,,现有中文,按条件赛规则生成,
one-win-turf-3-2-early-kokura-1400-3,小仓草地1400m一胜战,小仓草地1400m一胜战,Kokura Turf 1400m One-Win Class,1胜,one-win,日本,草地,小仓,1400,2,1,三岁冬,3岁,,现有中文,按条件赛规则生成,
one-win-turf-3-2-early-nakayama-2400-2,中山草地2400m一胜战,中山草地2400m一胜战,Nakayama Turf 2400m One-Win Class,1胜,one-win,日本,草地,中山,2400,2,1,三岁冬,3岁,,现有中文,按条件赛规则生成,
one-win-turf-3-2-early-tokyo-2000-1,东京草地2000m一胜战,东京草地2000m一胜战,Tokyo Turf 2000m One-Win Class,1胜,one-win,日本,草地,东京,2000,2,1,三岁冬,3岁,,现有中文,按条件赛规则生成,
one-win-turf-4-2-early-fukushima-1400-4,福岛草地1400m一胜战,福岛草地1400m一胜战,Fukushima Turf 1400m One-Win Class,1胜,one-win,日本,草地,福岛,1400,2,1,四岁冬,4岁,,现有中文,按条件赛规则生成,
one-win-turf-4-2-early-kokura-2600-3,小仓草地2600m一胜战,小仓草地2600m一胜战,Kokura Turf 2600m One-Win Class,1胜,one-win,日本,草地,小仓,2600,2,1,四岁冬,4岁,,现有中文,按条件赛规则生成,
one-win-turf-4-2-early-nakayama-2200-2,中山草地2200m一胜战,中山草地2200m一胜战,Nakayama Turf 2200m One-Win Class,1胜,one-win,日本,草地,中山,2200,2,1,四岁冬,4岁,,现有中文,按条件赛规则生成,
one-win-turf-4-2-early-tokyo-1800-1,东京草地1800m一胜战,东京草地1800m一胜战,Tokyo Turf 1800m One-Win Class,1胜,one-win,日本,草地,东京,1800,2,1,四岁冬,4岁,,现有中文,按条件赛规则生成,
two-win-dirt-4-2-early-fukushima-1400-6,福岛泥地1400m二胜战,福岛泥地1400m二胜战,Fukushima Dirt 1400m Two-Win Class,2胜,two-win,日本,泥地,福岛,1400,2,1,四岁冬,4岁,,现有中文,按条件赛规则生成,
two-win-dirt-4-2-early-nakayama-2400-5,中山泥地2400m二胜战,中山泥地2400m二胜战,Nakayama Dirt 2400m Two-Win Class,2胜,two-win,日本,泥地,中山,2400,2,1,四岁冬,4岁,,现有中文,按条件赛规则生成,
two-win-dirt-4-2-early-tokyo-1800-4,东京泥地1800m二胜战,东京泥地1800m二胜战,Tokyo Dirt 1800m Two-Win Class,2胜,two-win,日本,泥地,东京,1800,2,1,四岁冬,4岁,,现有中文,按条件赛规则生成,
two-win-dirt-5-2-early-fukushima-1200-6,福岛泥地1200m二胜战,福岛泥地1200m二胜战,Fukushima Dirt 1200m Two-Win Class,2胜,two-win,日本,泥地,福岛,1200,2,1,五岁冬,5岁,,现有中文,按条件赛规则生成,
two-win-dirt-5-2-early-nakayama-1900-5,中山泥地1900m二胜战,中山泥地1900m二胜战,Nakayama Dirt 1900m Two-Win Class,2胜,two-win,日本,泥地,中山,1900,2,1,五岁冬,5岁,,现有中文,按条件赛规则生成,
two-win-dirt-5-2-early-tokyo-1700-4,东京泥地1700m二胜战,东京泥地1700m二胜战,Tokyo Dirt 1700m Two-Win Class,2胜,two-win,日本,泥地,东京,1700,2,1,五岁冬,5岁,,现有中文,按条件赛规则生成,
two-win-turf-4-2-early-kokura-1400-3,小仓草地1400m二胜战,小仓草地1400m二胜战,Kokura Turf 1400m Two-Win Class,2胜,two-win,日本,草地,小仓,1400,2,1,四岁冬,4岁,,现有中文,按条件赛规则生成,
two-win-turf-4-2-early-nakayama-2200-2,中山草地2200m二胜战,中山草地2200m二胜战,Nakayama Turf 2200m Two-Win Class,2胜,two-win,日本,草地,中山,2200,2,1,四岁冬,4岁,,现有中文,按条件赛规则生成,
two-win-turf-4-2-early-tokyo-1800-1,东京草地1800m二胜战,东京草地1800m二胜战,Tokyo Turf 1800m Two-Win Class,2胜,two-win,日本,草地,东京,1800,2,1,四岁冬,4岁,,现有中文,按条件赛规则生成,
two-win-turf-5-2-early-kokura-1200-3,小仓草地1200m二胜战,小仓草地1200m二胜战,Kokura Turf 1200m Two-Win Class,2胜,two-win,日本,草地,小仓,1200,2,1,五岁冬,5岁,,现有中文,按条件赛规则生成,
two-win-turf-5-2-early-nakayama-2000-2,中山草地2000m二胜战,中山草地2000m二胜战,Nakayama Turf 2000m Two-Win Class,2胜,two-win,日本,草地,中山,2000,2,1,五岁冬,5岁,,现有中文,按条件赛规则生成,
two-win-turf-5-2-early-tokyo-1600-1,东京草地1600m二胜战,东京草地1600m二胜战,Tokyo Turf 1600m Two-Win Class,2胜,two-win,日本,草地,东京,1600,2,1,五岁冬,5岁,,现有中文,按条件赛规则生成,
three-win-dirt-4-2-early-fukushima-1400-4,福岛泥地1400m三胜战,福岛泥地1400m三胜战,Fukushima Dirt 1400m Three-Win Class,3胜,three-win,日本,泥地,福岛,1400,2,1,四岁冬,4岁,,现有中文,按条件赛规则生成,
three-win-dirt-4-2-early-nakayama-1900-3,中山泥地1900m三胜战,中山泥地1900m三胜战,Nakayama Dirt 1900m Three-Win Class,3胜,three-win,日本,泥地,中山,1900,2,1,四岁冬,4岁,,现有中文,按条件赛规则生成,
three-win-dirt-5-2-early-fukushima-1200-4,福岛泥地1200m三胜战,福岛泥地1200m三胜战,Fukushima Dirt 1200m Three-Win Class,3胜,three-win,日本,泥地,福岛,1200,2,1,五岁冬,5岁,,现有中文,按条件赛规则生成,
three-win-dirt-5-2-early-nakayama-1800-3,中山泥地1800m三胜战,中山泥地1800m三胜战,Nakayama Dirt 1800m Three-Win Class,3胜,three-win,日本,泥地,中山,1800,2,1,五岁冬,5岁,,现有中文,按条件赛规则生成,
three-win-turf-4-2-early-kokura-1200-2,小仓草地1200m三胜战,小仓草地1200m三胜战,Kokura Turf 1200m Three-Win Class,3胜,three-win,日本,草地,小仓,1200,2,1,四岁冬,4岁,,现有中文,按条件赛规则生成,
three-win-turf-4-2-early-tokyo-2000-1,东京草地2000m三胜战,东京草地2000m三胜战,Tokyo Turf 2000m Three-Win Class,3胜,three-win,日本,草地,东京,2000,2,1,四岁冬,4岁,,现有中文,按条件赛规则生成,
three-win-turf-5-2-early-kokura-2400-2,小仓草地2400m三胜战,小仓草地2400m三胜战,Kokura Turf 2400m Three-Win Class,3胜,three-win,日本,草地,小仓,2400,2,1,五岁冬,5岁,,现有中文,按条件赛规则生成,
three-win-turf-5-2-early-tokyo-1800-1,东京草地1800m三胜战,东京草地1800m三胜战,Tokyo Turf 1800m Three-Win Class,3胜,three-win,日本,草地,东京,1800,2,1,五岁冬,5岁,,现有中文,按条件赛规则生成,
maiden-dirt-3-2-early-fukushima-1000-2,福岛泥地1000m未胜利战,福岛泥地1000m未胜利战,Fukushima Dirt 1000m Maiden,未胜利,maiden,日本,泥地,福岛,1000,2,1,三岁冬,3岁,,现有中文,按条件赛规则生成,
maiden-dirt-3-2-early-kokura-1400-1,小仓泥地1400m未胜利战,小仓泥地1400m未胜利战,Kokura Dirt 1400m Maiden,未胜利,maiden,日本,泥地,小仓,1400,2,1,三岁冬,3岁,,现有中文,按条件赛规则生成,
maiden-dirt-3-2-early-nakayama-1800-4,中山泥地1800m未胜利战,中山泥地1800m未胜利战,Nakayama Dirt 1800m Maiden,未胜利,maiden,日本,泥地,中山,1800,2,1,三岁冬,3岁,,现有中文,按条件赛规则生成,
maiden-dirt-3-2-early-tokyo-1400-3,东京泥地1400m未胜利战,东京泥地1400m未胜利战,Tokyo Dirt 1400m Maiden,未胜利,maiden,日本,泥地,东京,1400,2,1,三岁冬,3岁,,现有中文,按条件赛规则生成,
maiden-turf-3-2-early-fukushima-1000-4,福岛草地1000m未胜利战,福岛草地1000m未胜利战,Fukushima Turf 1000m Maiden,未胜利,maiden,日本,草地,福岛,1000,2,1,三岁冬,3岁,,现有中文,按条件赛规则生成,
maiden-turf-3-2-early-kokura-1400-3,小仓草地1400m未胜利战,小仓草地1400m未胜利战,Kokura Turf 1400m Maiden,未胜利,maiden,日本,草地,小仓,1400,2,1,三岁冬,3岁,,现有中文,按条件赛规则生成,
maiden-turf-3-2-early-nakayama-1800-2,中山草地1800m未胜利战,中山草地1800m未胜利战,Nakayama Turf 1800m Maiden,未胜利,maiden,日本,草地,中山,1800,2,1,三岁冬,3岁,,现有中文,按条件赛规则生成,
maiden-turf-3-2-early-tokyo-1400-1,东京草地1400m未胜利战,东京草地1400m未胜利战,Tokyo Turf 1400m Maiden,未胜利,maiden,日本,草地,东京,1400,2,1,三岁冬,3岁,,现有中文,按条件赛规则生成,
new-dirt-3-2-early-fukushima-1000-2,福岛泥地1000m新马战,福岛泥地1000m新马战,Fukushima Dirt 1000m Newcomer,新马,new,日本,泥地,福岛,1000,2,1,三岁冬,3岁,,现有中文,按条件赛规则生成,
new-dirt-3-2-early-kokura-1400-1,小仓泥地1400m新马战,小仓泥地1400m新马战,Kokura Dirt 1400m Newcomer,新马,new,日本,泥地,小仓,1400,2,1,三岁冬,3岁,,现有中文,按条件赛规则生成,
new-dirt-3-2-early-nakayama-1800-4,中山泥地1800m新马战,中山泥地1800m新马战,Nakayama Dirt 1800m Newcomer,新马,new,日本,泥地,中山,1800,2,1,三岁冬,3岁,,现有中文,按条件赛规则生成,
new-dirt-3-2-early-tokyo-1400-3,东京泥地1400m新马战,东京泥地1400m新马战,Tokyo Dirt 1400m Newcomer,新马,new,日本,泥地,东京,1400,2,1,三岁冬,3岁,,现有中文,按条件赛规则生成,
new-turf-3-2-early-fukushima-1000-4,福岛草地1000m新马战,福岛草地1000m新马战,Fukushima Turf 1000m Newcomer,新马,new,日本,草地,福岛,1000,2,1,三岁冬,3岁,,现有中文,按条件赛规则生成,
new-turf-3-2-early-kokura-1400-3,小仓草地1400m新马战,小仓草地1400m新马战,Kokura Turf 1400m Newcomer,新马,new,日本,草地,小仓,1400,2,1,三岁冬,3岁,,现有中文,按条件赛规则生成,
new-turf-3-2-early-nakayama-1800-2,中山草地1800m新马战,中山草地1800m新马战,Nakayama Turf 1800m Newcomer,新马,new,日本,草地,中山,1800,2,1,三岁冬,3岁,,现有中文,按条件赛规则生成,
new-turf-3-2-early-tokyo-1400-1,东京草地1400m新马战,东京草地1400m新马战,Tokyo Turf 1400m Newcomer,新马,new,日本,草地,东京,1400,2,1,三岁冬,3岁,,现有中文,按条件赛规则生成,
kyoto-kinen,京都记念,京都记念,Kyoto Kinen,G2,g2,日本,草地,京都,2200,2,1,四岁冬,4岁以上,,现有中文,由ID自动生成待核对,
kisaragi-sho,如月赏,如月赏,Kisaragi Sho,G3,g3,日本,草地,京都,1800,2,1,三岁冬,3岁,,现有中文,由ID自动生成待核对,
negishi-stakes,根岸S,根岸锦标,Negishi Stakes,G3,g3,日本,泥地,东京,1400,2,1,四岁冬,4岁以上,,自动规范化待核对,由ID自动生成待核对,
queen-cup,皇后杯,皇后杯,Queen Cup,G3,g3,日本,草地,东京,1600,2,1,三岁冬,3岁,牝马,现有中文,由ID自动生成待核对,
silk-road-stakes,丝路S,丝路锦标,Silk Road Stakes,G3,g3,日本,草地,京都,1200,2,1,四岁冬,4岁以上,,自动规范化待核对,由ID自动生成待核对,
tokinominoru-kinen,共同通信杯,共同通信杯,Tokinominoru Kinen,G3,g3,日本,草地,东京,1800,2,1,三岁冬,3岁,,现有中文,由ID自动生成待核对,
tokyo-shimbun-hai,东京新闻杯,东京新闻杯,Tokyo Shimbun Hai,G3,g3,日本,草地,东京,1600,2,1,四岁冬,4岁以上,,现有中文,由ID自动生成待核对,
queen-sho,皇后赏,皇后赏,Queen Sho,JpnIII,jpn3,日本,泥地,船桥,1800,2,1,四岁冬,4岁以上,牝马,现有中文,由ID自动生成待核对,
saga-kinen,佐贺记念,佐贺记念,Saga Kinen,JpnIII,jpn3,日本,泥地,佐贺,2000,2,1,四岁冬,4岁以上,,现有中文,由ID自动生成待核对,
elfin-stakes,エルフィンS,妖精锦标,Elfin Stakes,L,op,日本,草地,京都,1600,2,1,三岁冬,3岁,牝马,自译待核对,由ID自动生成待核对,
rakuyo-stakes,洛陽S,洛陽锦标,Rakuyo Stakes,L,op,日本,草地,京都,1600,2,1,四岁冬,4岁以上,,自动规范化待核对,由ID自动生成待核对,
aldebaran-stakes,アルデバランS,毕宿五锦标,Aldebaran Stakes,OP,op,日本,泥地,京都,1900,2,1,四岁冬,4岁以上,,自译待核对,由ID自动生成待核对,
one-win-dirt-3-2-late-hanshin-1600-6,阪神泥地1600m一胜战,阪神泥地1600m一胜战,Hanshin Dirt 1600m One-Win Class,1胜,one-win,日本,泥地,阪神,1600,2,2,三岁冬,3岁,,现有中文,按条件赛规则生成,
one-win-dirt-3-2-late-kokura-1800-7,小仓泥地1800m一胜战,小仓泥地1800m一胜战,Kokura Dirt 1800m One-Win Class,1胜,one-win,日本,泥地,小仓,1800,2,2,三岁冬,3岁,,现有中文,按条件赛规则生成,
one-win-dirt-3-2-late-kyoto-1200-5,京都泥地1200m一胜战,京都泥地1200m一胜战,Kyoto Dirt 1200m One-Win Class,1胜,one-win,日本,泥地,京都,1200,2,2,三岁冬,3岁,,现有中文,按条件赛规则生成,
one-win-dirt-4-2-late-hanshin-1200-6,阪神泥地1200m一胜战,阪神泥地1200m一胜战,Hanshin Dirt 1200m One-Win Class,1胜,one-win,日本,泥地,阪神,1200,2,2,四岁冬,4岁,,现有中文,按条件赛规则生成,
one-win-dirt-4-2-late-kokura-1600-7,小仓泥地1600m一胜战,小仓泥地1600m一胜战,Kokura Dirt 1600m One-Win Class,1胜,one-win,日本,泥地,小仓,1600,2,2,四岁冬,4岁,,现有中文,按条件赛规则生成,
one-win-dirt-4-2-late-kyoto-1900-5,京都泥地1900m一胜战,京都泥地1900m一胜战,Kyoto Dirt 1900m One-Win Class,1胜,one-win,日本,泥地,京都,1900,2,2,四岁冬,4岁,,现有中文,按条件赛规则生成,
one-win-turf-3-2-late-chukyo-2000-4,中京草地2000m一胜战,中京草地2000m一胜战,Chukyo Turf 2000m One-Win Class,1胜,one-win,日本,草地,中京,2000,2,2,三岁冬,3岁,,现有中文,按条件赛规则生成,
one-win-turf-3-2-late-hanshin-1200-2,阪神草地1200m一胜战,阪神草地1200m一胜战,Hanshin Turf 1200m One-Win Class,1胜,one-win,日本,草地,阪神,1200,2,2,三岁冬,3岁,,现有中文,按条件赛规则生成,
one-win-turf-3-2-late-kokura-1600-3,小仓草地1600m一胜战,小仓草地1600m一胜战,Kokura Turf 1600m One-Win Class,1胜,one-win,日本,草地,小仓,1600,2,2,三岁冬,3岁,,现有中文,按条件赛规则生成,
one-win-turf-3-2-late-kyoto-2200-1,京都草地2200m一胜战,京都草地2200m一胜战,Kyoto Turf 2200m One-Win Class,1胜,one-win,日本,草地,京都,2200,2,2,三岁冬,3岁,,现有中文,按条件赛规则生成,
one-win-turf-4-2-late-chukyo-1600-4,中京草地1600m一胜战,中京草地1600m一胜战,Chukyo Turf 1600m One-Win Class,1胜,one-win,日本,草地,中京,1600,2,2,四岁冬,4岁,,现有中文,按条件赛规则生成,
one-win-turf-4-2-late-hanshin-2400-2,阪神草地2400m一胜战,阪神草地2400m一胜战,Hanshin Turf 2400m One-Win Class,1胜,one-win,日本,草地,阪神,2400,2,2,四岁冬,4岁,,现有中文,按条件赛规则生成,
one-win-turf-4-2-late-kokura-1200-3,小仓草地1200m一胜战,小仓草地1200m一胜战,Kokura Turf 1200m One-Win Class,1胜,one-win,日本,草地,小仓,1200,2,2,四岁冬,4岁,,现有中文,按条件赛规则生成,
one-win-turf-4-2-late-kyoto-2000-1,京都草地2000m一胜战,京都草地2000m一胜战,Kyoto Turf 2000m One-Win Class,1胜,one-win,日本,草地,京都,2000,2,2,四岁冬,4岁,,现有中文,按条件赛规则生成,
two-win-dirt-4-2-late-chukyo-1600-6,中京泥地1600m二胜战,中京泥地1600m二胜战,Chukyo Dirt 1600m Two-Win Class,2胜,two-win,日本,泥地,中京,1600,2,2,四岁冬,4岁,,现有中文,按条件赛规则生成,
two-win-dirt-4-2-late-hanshin-1200-5,阪神泥地1200m二胜战,阪神泥地1200m二胜战,Hanshin Dirt 1200m Two-Win Class,2胜,two-win,日本,泥地,阪神,1200,2,2,四岁冬,4岁,,现有中文,按条件赛规则生成,
two-win-dirt-4-2-late-kyoto-1900-4,京都泥地1900m二胜战,京都泥地1900m二胜战,Kyoto Dirt 1900m Two-Win Class,2胜,two-win,日本,泥地,京都,1900,2,2,四岁冬,4岁,,现有中文,按条件赛规则生成,
two-win-dirt-5-2-late-chukyo-1400-6,中京泥地1400m二胜战,中京泥地1400m二胜战,Chukyo Dirt 1400m Two-Win Class,2胜,two-win,日本,泥地,中京,1400,2,2,五岁冬,5岁,,现有中文,按条件赛规则生成,
two-win-dirt-5-2-late-hanshin-2400-5,阪神泥地2400m二胜战,阪神泥地2400m二胜战,Hanshin Dirt 2400m Two-Win Class,2胜,two-win,日本,泥地,阪神,2400,2,2,五岁冬,5岁,,现有中文,按条件赛规则生成,
two-win-dirt-5-2-late-kyoto-1800-4,京都泥地1800m二胜战,京都泥地1800m二胜战,Kyoto Dirt 1800m Two-Win Class,2胜,two-win,日本,泥地,京都,1800,2,2,五岁冬,5岁,,现有中文,按条件赛规则生成,
two-win-turf-4-2-late-hanshin-2400-2,阪神草地2400m二胜战,阪神草地2400m二胜战,Hanshin Turf 2400m Two-Win Class,2胜,two-win,日本,草地,阪神,2400,2,2,四岁冬,4岁,,现有中文,按条件赛规则生成,
two-win-turf-4-2-late-kokura-1600-3,小仓草地1600m二胜战,小仓草地1600m二胜战,Kokura Turf 1600m Two-Win Class,2胜,two-win,日本,草地,小仓,1600,2,2,四岁冬,4岁,,现有中文,按条件赛规则生成,
two-win-turf-4-2-late-kyoto-2000-1,京都草地2000m二胜战,京都草地2000m二胜战,Kyoto Turf 2000m Two-Win Class,2胜,two-win,日本,草地,京都,2000,2,2,四岁冬,4岁,,现有中文,按条件赛规则生成,
two-win-turf-5-2-late-hanshin-2200-2,阪神草地2200m二胜战,阪神草地2200m二胜战,Hanshin Turf 2200m Two-Win Class,2胜,two-win,日本,草地,阪神,2200,2,2,五岁冬,5岁,,现有中文,按条件赛规则生成,
two-win-turf-5-2-late-kokura-1400-3,小仓草地1400m二胜战,小仓草地1400m二胜战,Kokura Turf 1400m Two-Win Class,2胜,two-win,日本,草地,小仓,1400,2,2,五岁冬,5岁,,现有中文,按条件赛规则生成,
two-win-turf-5-2-late-kyoto-1800-1,京都草地1800m二胜战,京都草地1800m二胜战,Kyoto Turf 1800m Two-Win Class,2胜,two-win,日本,草地,京都,1800,2,2,五岁冬,5岁,,现有中文,按条件赛规则生成,
three-win-dirt-4-2-late-chukyo-1600-4,中京泥地1600m三胜战,中京泥地1600m三胜战,Chukyo Dirt 1600m Three-Win Class,3胜,three-win,日本,泥地,中京,1600,2,2,四岁冬,4岁,,现有中文,按条件赛规则生成,
three-win-dirt-4-2-late-hanshin-2400-3,阪神泥地2400m三胜战,阪神泥地2400m三胜战,Hanshin Dirt 2400m Three-Win Class,3胜,three-win,日本,泥地,阪神,2400,2,2,四岁冬,4岁,,现有中文,按条件赛规则生成,
three-win-dirt-5-2-late-chukyo-1400-4,中京泥地1400m三胜战,中京泥地1400m三胜战,Chukyo Dirt 1400m Three-Win Class,3胜,three-win,日本,泥地,中京,1400,2,2,五岁冬,5岁,,现有中文,按条件赛规则生成,
three-win-dirt-5-2-late-hanshin-1900-3,阪神泥地1900m三胜战,阪神泥地1900m三胜战,Hanshin Dirt 1900m Three-Win Class,3胜,three-win,日本,泥地,阪神,1900,2,2,五岁冬,5岁,,现有中文,按条件赛规则生成,
three-win-turf-4-2-late-kokura-1400-2,小仓草地1400m三胜战,小仓草地1400m三胜战,Kokura Turf 1400m Three-Win Class,3胜,three-win,日本,草地,小仓,1400,2,2,四岁冬,4岁,,现有中文,按条件赛规则生成,
three-win-turf-4-2-late-kyoto-2200-1,京都草地2200m三胜战,京都草地2200m三胜战,Kyoto Turf 2200m Three-Win Class,3胜,three-win,日本,草地,京都,2200,2,2,四岁冬,4岁,,现有中文,按条件赛规则生成,
three-win-turf-5-2-late-kokura-1200-2,小仓草地1200m三胜战,小仓草地1200m三胜战,Kokura Turf 1200m Three-Win Class,3胜,three-win,日本,草地,小仓,1200,2,2,五岁冬,5岁,,现有中文,按条件赛规则生成,
three-win-turf-5-2-late-kyoto-2000-1,京都草地2000m三胜战,京都草地2000m三胜战,Kyoto Turf 2000m Three-Win Class,3胜,three-win,日本,草地,京都,2000,2,2,五岁冬,5岁,,现有中文,按条件赛规则生成,
maiden-dirt-3-2-late-chukyo-1200-2,中京泥地1200m未胜利战,中京泥地1200m未胜利战,Chukyo Dirt 1200m Maiden,未胜利,maiden,日本,泥地,中京,1200,2,2,三岁冬,3岁,,现有中文,按条件赛规则生成,
maiden-dirt-3-2-late-hanshin-1200-4,阪神泥地1200m未胜利战,阪神泥地1200m未胜利战,Hanshin Dirt 1200m Maiden,未胜利,maiden,日本,泥地,阪神,1200,2,2,三岁冬,3岁,,现有中文,按条件赛规则生成,
maiden-dirt-3-2-late-kokura-1000-1,小仓泥地1000m未胜利战,小仓泥地1000m未胜利战,Kokura Dirt 1000m Maiden,未胜利,maiden,日本,泥地,小仓,1000,2,2,三岁冬,3岁,,现有中文,按条件赛规则生成,
maiden-dirt-3-2-late-kyoto-1600-3,京都泥地1600m未胜利战,京都泥地1600m未胜利战,Kyoto Dirt 1600m Maiden,未胜利,maiden,日本,泥地,京都,1600,2,2,三岁冬,3岁,,现有中文,按条件赛规则生成,
maiden-turf-3-2-late-chukyo-1200-4,中京草地1200m未胜利战,中京草地1200m未胜利战,Chukyo Turf 1200m Maiden,未胜利,maiden,日本,草地,中京,1200,2,2,三岁冬,3岁,,现有中文,按条件赛规则生成,
maiden-turf-3-2-late-hanshin-2000-2,阪神草地2000m未胜利战,阪神草地2000m未胜利战,Hanshin Turf 2000m Maiden,未胜利,maiden,日本,草地,阪神,2000,2,2,三岁冬,3岁,,现有中文,按条件赛规则生成,
maiden-turf-3-2-late-kokura-1000-3,小仓草地1000m未胜利战,小仓草地1000m未胜利战,Kokura Turf 1000m Maiden,未胜利,maiden,日本,草地,小仓,1000,2,2,三岁冬,3岁,,现有中文,按条件赛规则生成,
maiden-turf-3-2-late-kyoto-1600-1,京都草地1600m未胜利战,京都草地1600m未胜利战,Kyoto Turf 1600m Maiden,未胜利,maiden,日本,草地,京都,1600,2,2,三岁冬,3岁,,现有中文,按条件赛规则生成,
new-dirt-3-2-late-chukyo-1200-2,中京泥地1200m新马战,中京泥地1200m新马战,Chukyo Dirt 1200m Newcomer,新马,new,日本,泥地,中京,1200,2,2,三岁冬,3岁,,现有中文,按条件赛规则生成,
new-dirt-3-2-late-hanshin-1200-4,阪神泥地1200m新马战,阪神泥地1200m新马战,Hanshin Dirt 1200m Newcomer,新马,new,日本,泥地,阪神,1200,2,2,三岁冬,3岁,,现有中文,按条件赛规则生成,
new-dirt-3-2-late-kokura-1000-1,小仓泥地1000m新马战,小仓泥地1000m新马战,Kokura Dirt 1000m Newcomer,新马,new,日本,泥地,小仓,1000,2,2,三岁冬,3岁,,现有中文,按条件赛规则生成,
new-dirt-3-2-late-kyoto-1600-3,京都泥地1600m新马战,京都泥地1600m新马战,Kyoto Dirt 1600m Newcomer,新马,new,日本,泥地,京都,1600,2,2,三岁冬,3岁,,现有中文,按条件赛规则生成,
new-turf-3-2-late-chukyo-1200-4,中京草地1200m新马战,中京草地1200m新马战,Chukyo Turf 1200m Newcomer,新马,new,日本,草地,中京,1200,2,2,三岁冬,3岁,,现有中文,按条件赛规则生成,
new-turf-3-2-late-hanshin-2000-2,阪神草地2000m新马战,阪神草地2000m新马战,Hanshin Turf 2000m Newcomer,新马,new,日本,草地,阪神,2000,2,2,三岁冬,3岁,,现有中文,按条件赛规则生成,
new-turf-3-2-late-kokura-1000-3,小仓草地1000m新马战,小仓草地1000m新马战,Kokura Turf 1000m Newcomer,新马,new,日本,草地,小仓,1000,2,2,三岁冬,3岁,,现有中文,按条件赛规则生成,
new-turf-3-2-late-kyoto-1600-1,京都草地1600m新马战,京都草地1600m新马战,Kyoto Turf 1600m Newcomer,新马,new,日本,草地,京都,1600,2,2,三岁冬,3岁,,现有中文,按条件赛规则生成,
february-stakes,二月锦标,二月锦标,February Stakes,G1,g1,日本,泥地,东京,1600,2,2,四岁冬,4岁以上,,现有中文,由ID自动生成待核对,
nakayama-kinen,中山记念,中山记念,Nakayama Kinen,G2,g2,日本,草地,中山,1800,2,2,四岁冬,4岁以上,,现有中文,由ID自动生成待核对,
diamond-stakes,钻石S,钻石锦标,Diamond Stakes,G3,g3,日本,草地,东京,3400,2,2,四岁冬,4岁以上,,自动规范化待核对,由ID自动生成待核对,
hankyu-hai,阪急杯,阪急杯,Hankyu Hai,G3,g3,日本,草地,阪神,1400,2,2,四岁冬,4岁以上,,现有中文,由ID自动生成待核对,
kokura-daishoten,小仓大赏典,小仓大赏典,Kokura Daishoten,G3,g3,日本,草地,小仓,1800,2,2,四岁冬,4岁以上,,现有中文,由ID自动生成待核对,
iris-kinen,鸢尾花记念,鸢尾花记念,Iris Kinen,JpnIII,jpn3,日本,泥地,名古屋,1500,2,2,四岁冬,4岁以上,,现有中文,由ID自动生成待核对,
kumotori-sho,云取赏,云取赏,Kumotori Sho,JpnIII,jpn3,日本,泥地,大井,1800,2,2,三岁冬,3岁,,现有中文,由ID自动生成待核对,
hyacinth-stakes,ヒヤシンスS,风信子锦标,Hyacinth Stakes,L,op,日本,泥地,东京,1600,2,2,三岁冬,3岁,,自译待核对,由ID自动生成待核对,
marguerite-stakes,マーガレットS,雏菊锦标,Marguerite Stakes,L,op,日本,草地,阪神,1200,2,2,三岁冬,3岁,,自译待核对,由ID自动生成待核对,
nigawa-stakes,仁川S,仁川锦标,Nigawa Stakes,L,op,日本,泥地,阪神,2000,2,2,四岁冬,4岁以上,,自动规范化待核对,由ID自动生成待核对,
sumire-stakes,すみれS,紫罗兰锦标,Sumire Stakes,L,op,日本,草地,阪神,2200,2,2,三岁冬,3岁,,自译待核对,由ID自动生成待核对,
one-win-dirt-3-3-early-fukushima-1200-7,福岛泥地1200m一胜战,福岛泥地1200m一胜战,Fukushima Dirt 1200m One-Win Class,1胜,one-win,日本,泥地,福岛,1200,3,1,三岁春,3岁,,现有中文,按条件赛规则生成,
one-win-dirt-3-3-early-nakayama-1800-6,中山泥地1800m一胜战,中山泥地1800m一胜战,Nakayama Dirt 1800m One-Win Class,1胜,one-win,日本,泥地,中山,1800,3,1,三岁春,3岁,,现有中文,按条件赛规则生成,
one-win-dirt-3-3-early-tokyo-1600-5,东京泥地1600m一胜战,东京泥地1600m一胜战,Tokyo Dirt 1600m One-Win Class,1胜,one-win,日本,泥地,东京,1600,3,1,三岁春,3岁,,现有中文,按条件赛规则生成,
one-win-dirt-4-3-early-fukushima-1800-7,福岛泥地1800m一胜战,福岛泥地1800m一胜战,Fukushima Dirt 1800m One-Win Class,1胜,one-win,日本,泥地,福岛,1800,3,1,四岁春,4岁,,现有中文,按条件赛规则生成,
one-win-dirt-4-3-early-nakayama-1600-6,中山泥地1600m一胜战,中山泥地1600m一胜战,Nakayama Dirt 1600m One-Win Class,1胜,one-win,日本,泥地,中山,1600,3,1,四岁春,4岁,,现有中文,按条件赛规则生成,
one-win-dirt-4-3-early-tokyo-1200-5,东京泥地1200m一胜战,东京泥地1200m一胜战,Tokyo Dirt 1200m One-Win Class,1胜,one-win,日本,泥地,东京,1200,3,1,四岁春,4岁,,现有中文,按条件赛规则生成,
one-win-turf-3-3-early-fukushima-2000-3,福岛草地2000m一胜战,福岛草地2000m一胜战,Fukushima Turf 2000m One-Win Class,1胜,one-win,日本,草地,福岛,2000,3,1,三岁春,3岁,,现有中文,按条件赛规则生成,
one-win-turf-3-3-early-nakayama-1600-2,中山草地1600m一胜战,中山草地1600m一胜战,Nakayama Turf 1600m One-Win Class,1胜,one-win,日本,草地,中山,1600,3,1,三岁春,3岁,,现有中文,按条件赛规则生成,
one-win-turf-3-3-early-niigata-2400-4,新潟草地2400m一胜战,新潟草地2400m一胜战,Niigata Turf 2400m One-Win Class,1胜,one-win,日本,草地,新潟,2400,3,1,三岁春,3岁,,现有中文,按条件赛规则生成,
one-win-turf-3-3-early-tokyo-1200-1,东京草地1200m一胜战,东京草地1200m一胜战,Tokyo Turf 1200m One-Win Class,1胜,one-win,日本,草地,东京,1200,3,1,三岁春,3岁,,现有中文,按条件赛规则生成,
one-win-turf-4-3-early-fukushima-1600-3,福岛草地1600m一胜战,福岛草地1600m一胜战,Fukushima Turf 1600m One-Win Class,1胜,one-win,日本,草地,福岛,1600,3,1,四岁春,4岁,,现有中文,按条件赛规则生成,
one-win-turf-4-3-early-nakayama-1200-2,中山草地1200m一胜战,中山草地1200m一胜战,Nakayama Turf 1200m One-Win Class,1胜,one-win,日本,草地,中山,1200,3,1,四岁春,4岁,,现有中文,按条件赛规则生成,
one-win-turf-4-3-early-niigata-2000-4,新潟草地2000m一胜战,新潟草地2000m一胜战,Niigata Turf 2000m One-Win Class,1胜,one-win,日本,草地,新潟,2000,3,1,四岁春,4岁,,现有中文,按条件赛规则生成,
one-win-turf-4-3-early-tokyo-2400-1,东京草地2400m一胜战,东京草地2400m一胜战,Tokyo Turf 2400m One-Win Class,1胜,one-win,日本,草地,东京,2400,3,1,四岁春,4岁,,现有中文,按条件赛规则生成,
two-win-dirt-4-3-early-nakayama-1900-5,中山泥地1900m二胜战,中山泥地1900m二胜战,Nakayama Dirt 1900m Two-Win Class,2胜,two-win,日本,泥地,中山,1900,3,1,四岁春,4岁,,现有中文,按条件赛规则生成,
two-win-dirt-4-3-early-niigata-1400-6,新潟泥地1400m二胜战,新潟泥地1400m二胜战,Niigata Dirt 1400m Two-Win Class,2胜,two-win,日本,泥地,新潟,1400,3,1,四岁春,4岁,,现有中文,按条件赛规则生成,
two-win-dirt-4-3-early-tokyo-1700-4,东京泥地1700m二胜战,东京泥地1700m二胜战,Tokyo Dirt 1700m Two-Win Class,2胜,two-win,日本,泥地,东京,1700,3,1,四岁春,4岁,,现有中文,按条件赛规则生成,
two-win-dirt-5-3-early-nakayama-1200-5,中山泥地1200m二胜战,中山泥地1200m二胜战,Nakayama Dirt 1200m Two-Win Class,2胜,two-win,日本,泥地,中山,1200,3,1,五岁春,5岁,,现有中文,按条件赛规则生成,
two-win-dirt-5-3-early-niigata-1600-6,新潟泥地1600m二胜战,新潟泥地1600m二胜战,Niigata Dirt 1600m Two-Win Class,2胜,two-win,日本,泥地,新潟,1600,3,1,五岁春,5岁,,现有中文,按条件赛规则生成,
two-win-dirt-5-3-early-tokyo-1800-4,东京泥地1800m二胜战,东京泥地1800m二胜战,Tokyo Dirt 1800m Two-Win Class,2胜,two-win,日本,泥地,东京,1800,3,1,五岁春,5岁,,现有中文,按条件赛规则生成,
two-win-turf-4-3-early-fukushima-2000-3,福岛草地2000m二胜战,福岛草地2000m二胜战,Fukushima Turf 2000m Two-Win Class,2胜,two-win,日本,草地,福岛,2000,3,1,四岁春,4岁,,现有中文,按条件赛规则生成,
two-win-turf-4-3-early-nakayama-1400-2,中山草地1400m二胜战,中山草地1400m二胜战,Nakayama Turf 1400m Two-Win Class,2胜,two-win,日本,草地,中山,1400,3,1,四岁春,4岁,,现有中文,按条件赛规则生成,
two-win-turf-4-3-early-tokyo-2600-1,东京草地2600m二胜战,东京草地2600m二胜战,Tokyo Turf 2600m Two-Win Class,2胜,two-win,日本,草地,东京,2600,3,1,四岁春,4岁,,现有中文,按条件赛规则生成,
two-win-turf-5-3-early-fukushima-2600-3,福岛草地2600m二胜战,福岛草地2600m二胜战,Fukushima Turf 2600m Two-Win Class,2胜,two-win,日本,草地,福岛,2600,3,1,五岁春,5岁,,现有中文,按条件赛规则生成,
two-win-turf-5-3-early-nakayama-2200-2,中山草地2200m二胜战,中山草地2200m二胜战,Nakayama Turf 2200m Two-Win Class,2胜,two-win,日本,草地,中山,2200,3,1,五岁春,5岁,,现有中文,按条件赛规则生成,
two-win-turf-5-3-early-tokyo-1800-1,东京草地1800m二胜战,东京草地1800m二胜战,Tokyo Turf 1800m Two-Win Class,2胜,two-win,日本,草地,东京,1800,3,1,五岁春,5岁,,现有中文,按条件赛规则生成,
three-win-dirt-4-3-early-nakayama-1800-3,中山泥地1800m三胜战,中山泥地1800m三胜战,Nakayama Dirt 1800m Three-Win Class,3胜,three-win,日本,泥地,中山,1800,3,1,四岁春,4岁,,现有中文,按条件赛规则生成,
three-win-dirt-4-3-early-niigata-1400-4,新潟泥地1400m三胜战,新潟泥地1400m三胜战,Niigata Dirt 1400m Three-Win Class,3胜,three-win,日本,泥地,新潟,1400,3,1,四岁春,4岁,,现有中文,按条件赛规则生成,
three-win-dirt-5-3-early-nakayama-1900-3,中山泥地1900m三胜战,中山泥地1900m三胜战,Nakayama Dirt 1900m Three-Win Class,3胜,three-win,日本,泥地,中山,1900,3,1,五岁春,5岁,,现有中文,按条件赛规则生成,
three-win-dirt-5-3-early-niigata-1600-4,新潟泥地1600m三胜战,新潟泥地1600m三胜战,Niigata Dirt 1600m Three-Win Class,3胜,three-win,日本,泥地,新潟,1600,3,1,五岁春,5岁,,现有中文,按条件赛规则生成,
three-win-turf-4-3-early-fukushima-1800-2,福岛草地1800m三胜战,福岛草地1800m三胜战,Fukushima Turf 1800m Three-Win Class,3胜,three-win,日本,草地,福岛,1800,3,1,四岁春,4岁,,现有中文,按条件赛规则生成,
three-win-turf-4-3-early-tokyo-1200-1,东京草地1200m三胜战,东京草地1200m三胜战,Tokyo Turf 1200m Three-Win Class,3胜,three-win,日本,草地,东京,1200,3,1,四岁春,4岁,,现有中文,按条件赛规则生成,
three-win-turf-5-3-early-fukushima-1600-2,福岛草地1600m三胜战,福岛草地1600m三胜战,Fukushima Turf 1600m Three-Win Class,3胜,three-win,日本,草地,福岛,1600,3,1,五岁春,5岁,,现有中文,按条件赛规则生成,
three-win-turf-5-3-early-tokyo-2400-1,东京草地2400m三胜战,东京草地2400m三胜战,Tokyo Turf 2400m Three-Win Class,3胜,three-win,日本,草地,东京,2400,3,1,五岁春,5岁,,现有中文,按条件赛规则生成,
maiden-dirt-3-3-early-fukushima-1200-1,福岛泥地1200m未胜利战,福岛泥地1200m未胜利战,Fukushima Dirt 1200m Maiden,未胜利,maiden,日本,泥地,福岛,1200,3,1,三岁春,3岁,,现有中文,按条件赛规则生成,
maiden-dirt-3-3-early-nakayama-1400-4,中山泥地1400m未胜利战,中山泥地1400m未胜利战,Nakayama Dirt 1400m Maiden,未胜利,maiden,日本,泥地,中山,1400,3,1,三岁春,3岁,,现有中文,按条件赛规则生成,
maiden-dirt-3-3-early-niigata-1400-2,新潟泥地1400m未胜利战,新潟泥地1400m未胜利战,Niigata Dirt 1400m Maiden,未胜利,maiden,日本,泥地,新潟,1400,3,1,三岁春,3岁,,现有中文,按条件赛规则生成,
maiden-dirt-3-3-early-tokyo-1800-3,东京泥地1800m未胜利战,东京泥地1800m未胜利战,Tokyo Dirt 1800m Maiden,未胜利,maiden,日本,泥地,东京,1800,3,1,三岁春,3岁,,现有中文,按条件赛规则生成,
maiden-turf-3-3-early-fukushima-1200-3,福岛草地1200m未胜利战,福岛草地1200m未胜利战,Fukushima Turf 1200m Maiden,未胜利,maiden,日本,草地,福岛,1200,3,1,三岁春,3岁,,现有中文,按条件赛规则生成,
maiden-turf-3-3-early-nakayama-1000-2,中山草地1000m未胜利战,中山草地1000m未胜利战,Nakayama Turf 1000m Maiden,未胜利,maiden,日本,草地,中山,1000,3,1,三岁春,3岁,,现有中文,按条件赛规则生成,
maiden-turf-3-3-early-niigata-1400-4,新潟草地1400m未胜利战,新潟草地1400m未胜利战,Niigata Turf 1400m Maiden,未胜利,maiden,日本,草地,新潟,1400,3,1,三岁春,3岁,,现有中文,按条件赛规则生成,
maiden-turf-3-3-early-tokyo-1800-1,东京草地1800m未胜利战,东京草地1800m未胜利战,Tokyo Turf 1800m Maiden,未胜利,maiden,日本,草地,东京,1800,3,1,三岁春,3岁,,现有中文,按条件赛规则生成,
new-dirt-3-3-early-fukushima-1200-1,福岛泥地1200m新马战,福岛泥地1200m新马战,Fukushima Dirt 1200m Newcomer,新马,new,日本,泥地,福岛,1200,3,1,三岁春,3岁,,现有中文,按条件赛规则生成,
new-dirt-3-3-early-nakayama-1400-4,中山泥地1400m新马战,中山泥地1400m新马战,Nakayama Dirt 1400m Newcomer,新马,new,日本,泥地,中山,1400,3,1,三岁春,3岁,,现有中文,按条件赛规则生成,
new-dirt-3-3-early-niigata-1400-2,新潟泥地1400m新马战,新潟泥地1400m新马战,Niigata Dirt 1400m Newcomer,新马,new,日本,泥地,新潟,1400,3,1,三岁春,3岁,,现有中文,按条件赛规则生成,
new-dirt-3-3-early-tokyo-1800-3,东京泥地1800m新马战,东京泥地1800m新马战,Tokyo Dirt 1800m Newcomer,新马,new,日本,泥地,东京,1800,3,1,三岁春,3岁,,现有中文,按条件赛规则生成,
new-turf-3-3-early-fukushima-1200-3,福岛草地1200m新马战,福岛草地1200m新马战,Fukushima Turf 1200m Newcomer,新马,new,日本,草地,福岛,1200,3,1,三岁春,3岁,,现有中文,按条件赛规则生成,
new-turf-3-3-early-nakayama-1000-2,中山草地1000m新马战,中山草地1000m新马战,Nakayama Turf 1000m Newcomer,新马,new,日本,草地,中山,1000,3,1,三岁春,3岁,,现有中文,按条件赛规则生成,
new-turf-3-3-early-niigata-1400-4,新潟草地1400m新马战,新潟草地1400m新马战,Niigata Turf 1400m Newcomer,新马,new,日本,草地,新潟,1400,3,1,三岁春,3岁,,现有中文,按条件赛规则生成,
new-turf-3-3-early-tokyo-1800-1,东京草地1800m新马战,东京草地1800m新马战,Tokyo Turf 1800m Newcomer,新马,new,日本,草地,东京,1800,3,1,三岁春,3岁,,现有中文,按条件赛规则生成,
fillies-revue,报知杯雌马赛,报知杯雌马赛,Fillies Revue,G2,g2,日本,草地,阪神,1400,3,1,三岁春,3岁,牝马,现有中文,由ID自动生成待核对,
kinko-sho,金鯱赏,金鯱赏,Kinko Sho,G2,g2,日本,草地,中京,2000,3,1,四岁春,4岁以上,,现有中文,由ID自动生成待核对,
tulip-sho,郁金香赏,郁金香赏,Tulip Sho,G2,g2,日本,草地,阪神,1600,3,1,三岁春,3岁,牝马,现有中文,由ID自动生成待核对,
yayoi-sho,弥生赏,弥生赏,Yayoi Sho,G2,g2,日本,草地,中山,2000,3,1,三岁春,3岁,,现有中文,由ID自动生成待核对,
nakayama-himba-stakes,中山牝马S,中山牝马锦标,Nakayama Himba Stakes,G3,g3,日本,草地,中山,1800,3,1,四岁春,4岁以上,牝马,自动规范化待核对,由ID自动生成待核对,
ocean-stakes,海洋S,海洋锦标,Ocean Stakes,G3,g3,日本,草地,中山,1200,3,1,四岁春,4岁以上,,自动规范化待核对,由ID自动生成待核对,
diolite-kinen,ダイオライト记念,迪奥莱特纪念,Diolite Kinen,JpnII,jpn2,日本,泥地,船桥,2400,3,1,四岁春,4岁以上,,自译待核对,由ID自动生成待核对,
anemone-stakes,アネモネS,银莲花锦标,Anemone Stakes,L,op,日本,草地,中山,1600,3,1,三岁春,3岁,牝马,自译待核对,由ID自动生成待核对,
osaka-jo-stakes,大阪城S,大阪城锦标,Osaka Jo Stakes,L,op,日本,草地,阪神,1800,3,1,四岁春,4岁以上,,自动规范化待核对,由ID自动生成待核对,
one-win-dirt-3-3-late-chukyo-1400-7,中京泥地1400m一胜战,中京泥地1400m一胜战,Chukyo Dirt 1400m One-Win Class,1胜,one-win,日本,泥地,中京,1400,3,2,三岁春,3岁,,现有中文,按条件赛规则生成,
one-win-dirt-3-3-late-hanshin-1900-6,阪神泥地1900m一胜战,阪神泥地1900m一胜战,Hanshin Dirt 1900m One-Win Class,1胜,one-win,日本,泥地,阪神,1900,3,2,三岁春,3岁,,现有中文,按条件赛规则生成,
one-win-dirt-3-3-late-kyoto-1700-5,京都泥地1700m一胜战,京都泥地1700m一胜战,Kyoto Dirt 1700m One-Win Class,1胜,one-win,日本,泥地,京都,1700,3,2,三岁春,3岁,,现有中文,按条件赛规则生成,
one-win-dirt-4-3-late-chukyo-1900-7,中京泥地1900m一胜战,中京泥地1900m一胜战,Chukyo Dirt 1900m One-Win Class,1胜,one-win,日本,泥地,中京,1900,3,2,四岁春,4岁,,现有中文,按条件赛规则生成,
one-win-dirt-4-3-late-hanshin-1700-6,阪神泥地1700m一胜战,阪神泥地1700m一胜战,Hanshin Dirt 1700m One-Win Class,1胜,one-win,日本,泥地,阪神,1700,3,2,四岁春,4岁,,现有中文,按条件赛规则生成,
one-win-dirt-4-3-late-kyoto-1400-5,京都泥地1400m一胜战,京都泥地1400m一胜战,Kyoto Dirt 1400m One-Win Class,1胜,one-win,日本,泥地,京都,1400,3,2,四岁春,4岁,,现有中文,按条件赛规则生成,
one-win-turf-3-3-late-chukyo-2200-3,中京草地2200m一胜战,中京草地2200m一胜战,Chukyo Turf 2200m One-Win Class,1胜,one-win,日本,草地,中京,2200,3,2,三岁春,3岁,,现有中文,按条件赛规则生成,
one-win-turf-3-3-late-fukushima-1200-4,福岛草地1200m一胜战,福岛草地1200m一胜战,Fukushima Turf 1200m One-Win Class,1胜,one-win,日本,草地,福岛,1200,3,2,三岁春,3岁,,现有中文,按条件赛规则生成,
one-win-turf-3-3-late-hanshin-1800-2,阪神草地1800m一胜战,阪神草地1800m一胜战,Hanshin Turf 1800m One-Win Class,1胜,one-win,日本,草地,阪神,1800,3,2,三岁春,3岁,,现有中文,按条件赛规则生成,
one-win-turf-3-3-late-kyoto-1400-1,京都草地1400m一胜战,京都草地1400m一胜战,Kyoto Turf 1400m One-Win Class,1胜,one-win,日本,草地,京都,1400,3,2,三岁春,3岁,,现有中文,按条件赛规则生成,
one-win-turf-4-3-late-chukyo-1800-3,中京草地1800m一胜战,中京草地1800m一胜战,Chukyo Turf 1800m One-Win Class,1胜,one-win,日本,草地,中京,1800,3,2,四岁春,4岁,,现有中文,按条件赛规则生成,
one-win-turf-4-3-late-fukushima-2200-4,福岛草地2200m一胜战,福岛草地2200m一胜战,Fukushima Turf 2200m One-Win Class,1胜,one-win,日本,草地,福岛,2200,3,2,四岁春,4岁,,现有中文,按条件赛规则生成,
one-win-turf-4-3-late-hanshin-1400-2,阪神草地1400m一胜战,阪神草地1400m一胜战,Hanshin Turf 1400m One-Win Class,1胜,one-win,日本,草地,阪神,1400,3,2,四岁春,4岁,,现有中文,按条件赛规则生成,
one-win-turf-4-3-late-kyoto-2600-1,京都草地2600m一胜战,京都草地2600m一胜战,Kyoto Turf 2600m One-Win Class,1胜,one-win,日本,草地,京都,2600,3,2,四岁春,4岁,,现有中文,按条件赛规则生成,
two-win-dirt-4-3-late-fukushima-1600-6,福岛泥地1600m二胜战,福岛泥地1600m二胜战,Fukushima Dirt 1600m Two-Win Class,2胜,two-win,日本,泥地,福岛,1600,3,2,四岁春,4岁,,现有中文,按条件赛规则生成,
two-win-dirt-4-3-late-hanshin-1200-5,阪神泥地1200m二胜战,阪神泥地1200m二胜战,Hanshin Dirt 1200m Two-Win Class,2胜,two-win,日本,泥地,阪神,1200,3,2,四岁春,4岁,,现有中文,按条件赛规则生成,
two-win-dirt-4-3-late-kyoto-1800-4,京都泥地1800m二胜战,京都泥地1800m二胜战,Kyoto Dirt 1800m Two-Win Class,2胜,two-win,日本,泥地,京都,1800,3,2,四岁春,4岁,,现有中文,按条件赛规则生成,
two-win-dirt-5-3-late-fukushima-1700-6,福岛泥地1700m二胜战,福岛泥地1700m二胜战,Fukushima Dirt 1700m Two-Win Class,2胜,two-win,日本,泥地,福岛,1700,3,2,五岁春,5岁,,现有中文,按条件赛规则生成,
two-win-dirt-5-3-late-hanshin-1400-5,阪神泥地1400m二胜战,阪神泥地1400m二胜战,Hanshin Dirt 1400m Two-Win Class,2胜,two-win,日本,泥地,阪神,1400,3,2,五岁春,5岁,,现有中文,按条件赛规则生成,
two-win-dirt-5-3-late-kyoto-1900-4,京都泥地1900m二胜战,京都泥地1900m二胜战,Kyoto Dirt 1900m Two-Win Class,2胜,two-win,日本,泥地,京都,1900,3,2,五岁春,5岁,,现有中文,按条件赛规则生成,
two-win-turf-4-3-late-chukyo-2200-3,中京草地2200m二胜战,中京草地2200m二胜战,Chukyo Turf 2200m Two-Win Class,2胜,two-win,日本,草地,中京,2200,3,2,四岁春,4岁,,现有中文,按条件赛规则生成,
two-win-turf-4-3-late-hanshin-1600-2,阪神草地1600m二胜战,阪神草地1600m二胜战,Hanshin Turf 1600m Two-Win Class,2胜,two-win,日本,草地,阪神,1600,3,2,四岁春,4岁,,现有中文,按条件赛规则生成,
two-win-turf-4-3-late-kyoto-1200-1,京都草地1200m二胜战,京都草地1200m二胜战,Kyoto Turf 1200m Two-Win Class,2胜,two-win,日本,草地,京都,1200,3,2,四岁春,4岁,,现有中文,按条件赛规则生成,
two-win-turf-5-3-late-chukyo-1200-3,中京草地1200m二胜战,中京草地1200m二胜战,Chukyo Turf 1200m Two-Win Class,2胜,two-win,日本,草地,中京,1200,3,2,五岁春,5岁,,现有中文,按条件赛规则生成,
two-win-turf-5-3-late-hanshin-2400-2,阪神草地2400m二胜战,阪神草地2400m二胜战,Hanshin Turf 2400m Two-Win Class,2胜,two-win,日本,草地,阪神,2400,3,2,五岁春,5岁,,现有中文,按条件赛规则生成,
two-win-turf-5-3-late-kyoto-2000-1,京都草地2000m二胜战,京都草地2000m二胜战,Kyoto Turf 2000m Two-Win Class,2胜,two-win,日本,草地,京都,2000,3,2,五岁春,5岁,,现有中文,按条件赛规则生成,
three-win-dirt-4-3-late-fukushima-1600-4,福岛泥地1600m三胜战,福岛泥地1600m三胜战,Fukushima Dirt 1600m Three-Win Class,3胜,three-win,日本,泥地,福岛,1600,3,2,四岁春,4岁,,现有中文,按条件赛规则生成,
three-win-dirt-4-3-late-hanshin-1900-3,阪神泥地1900m三胜战,阪神泥地1900m三胜战,Hanshin Dirt 1900m Three-Win Class,3胜,three-win,日本,泥地,阪神,1900,3,2,四岁春,4岁,,现有中文,按条件赛规则生成,
three-win-dirt-5-3-late-fukushima-1700-4,福岛泥地1700m三胜战,福岛泥地1700m三胜战,Fukushima Dirt 1700m Three-Win Class,3胜,three-win,日本,泥地,福岛,1700,3,2,五岁春,5岁,,现有中文,按条件赛规则生成,
three-win-dirt-5-3-late-hanshin-1200-3,阪神泥地1200m三胜战,阪神泥地1200m三胜战,Hanshin Dirt 1200m Three-Win Class,3胜,three-win,日本,泥地,阪神,1200,3,2,五岁春,5岁,,现有中文,按条件赛规则生成,
three-win-turf-4-3-late-chukyo-2000-2,中京草地2000m三胜战,中京草地2000m三胜战,Chukyo Turf 2000m Three-Win Class,3胜,three-win,日本,草地,中京,2000,3,2,四岁春,4岁,,现有中文,按条件赛规则生成,
three-win-turf-4-3-late-kyoto-1400-1,京都草地1400m三胜战,京都草地1400m三胜战,Kyoto Turf 1400m Three-Win Class,3胜,three-win,日本,草地,京都,1400,3,2,四岁春,4岁,,现有中文,按条件赛规则生成,
three-win-turf-5-3-late-chukyo-1800-2,中京草地1800m三胜战,中京草地1800m三胜战,Chukyo Turf 1800m Three-Win Class,3胜,three-win,日本,草地,中京,1800,3,2,五岁春,5岁,,现有中文,按条件赛规则生成,
three-win-turf-5-3-late-kyoto-1200-1,京都草地1200m三胜战,京都草地1200m三胜战,Kyoto Turf 1200m Three-Win Class,3胜,three-win,日本,草地,京都,1200,3,2,五岁春,5岁,,现有中文,按条件赛规则生成,
maiden-dirt-3-3-late-chukyo-1400-1,中京泥地1400m未胜利战,中京泥地1400m未胜利战,Chukyo Dirt 1400m Maiden,未胜利,maiden,日本,泥地,中京,1400,3,2,三岁春,3岁,,现有中文,按条件赛规则生成,
maiden-dirt-3-3-late-fukushima-1000-2,福岛泥地1000m未胜利战,福岛泥地1000m未胜利战,Fukushima Dirt 1000m Maiden,未胜利,maiden,日本,泥地,福岛,1000,3,2,三岁春,3岁,,现有中文,按条件赛规则生成,
maiden-dirt-3-3-late-hanshin-1600-4,阪神泥地1600m未胜利战,阪神泥地1600m未胜利战,Hanshin Dirt 1600m Maiden,未胜利,maiden,日本,泥地,阪神,1600,3,2,三岁春,3岁,,现有中文,按条件赛规则生成,
maiden-dirt-3-3-late-kyoto-1200-3,京都泥地1200m未胜利战,京都泥地1200m未胜利战,Kyoto Dirt 1200m Maiden,未胜利,maiden,日本,泥地,京都,1200,3,2,三岁春,3岁,,现有中文,按条件赛规则生成,
maiden-turf-3-3-late-chukyo-1400-3,中京草地1400m未胜利战,中京草地1400m未胜利战,Chukyo Turf 1400m Maiden,未胜利,maiden,日本,草地,中京,1400,3,2,三岁春,3岁,,现有中文,按条件赛规则生成,
maiden-turf-3-3-late-fukushima-1000-4,福岛草地1000m未胜利战,福岛草地1000m未胜利战,Fukushima Turf 1000m Maiden,未胜利,maiden,日本,草地,福岛,1000,3,2,三岁春,3岁,,现有中文,按条件赛规则生成,
maiden-turf-3-3-late-hanshin-1200-2,阪神草地1200m未胜利战,阪神草地1200m未胜利战,Hanshin Turf 1200m Maiden,未胜利,maiden,日本,草地,阪神,1200,3,2,三岁春,3岁,,现有中文,按条件赛规则生成,
maiden-turf-3-3-late-kyoto-2000-1,京都草地2000m未胜利战,京都草地2000m未胜利战,Kyoto Turf 2000m Maiden,未胜利,maiden,日本,草地,京都,2000,3,2,三岁春,3岁,,现有中文,按条件赛规则生成,
new-dirt-3-3-late-chukyo-1400-1,中京泥地1400m新马战,中京泥地1400m新马战,Chukyo Dirt 1400m Newcomer,新马,new,日本,泥地,中京,1400,3,2,三岁春,3岁,,现有中文,按条件赛规则生成,
new-dirt-3-3-late-fukushima-1000-2,福岛泥地1000m新马战,福岛泥地1000m新马战,Fukushima Dirt 1000m Newcomer,新马,new,日本,泥地,福岛,1000,3,2,三岁春,3岁,,现有中文,按条件赛规则生成,
new-dirt-3-3-late-hanshin-1600-4,阪神泥地1600m新马战,阪神泥地1600m新马战,Hanshin Dirt 1600m Newcomer,新马,new,日本,泥地,阪神,1600,3,2,三岁春,3岁,,现有中文,按条件赛规则生成,
new-dirt-3-3-late-kyoto-1200-3,京都泥地1200m新马战,京都泥地1200m新马战,Kyoto Dirt 1200m Newcomer,新马,new,日本,泥地,京都,1200,3,2,三岁春,3岁,,现有中文,按条件赛规则生成,
new-turf-3-3-late-chukyo-1400-3,中京草地1400m新马战,中京草地1400m新马战,Chukyo Turf 1400m Newcomer,新马,new,日本,草地,中京,1400,3,2,三岁春,3岁,,现有中文,按条件赛规则生成,
new-turf-3-3-late-fukushima-1000-4,福岛草地1000m新马战,福岛草地1000m新马战,Fukushima Turf 1000m Newcomer,新马,new,日本,草地,福岛,1000,3,2,三岁春,3岁,,现有中文,按条件赛规则生成,
new-turf-3-3-late-hanshin-1200-2,阪神草地1200m新马战,阪神草地1200m新马战,Hanshin Turf 1200m Newcomer,新马,new,日本,草地,阪神,1200,3,2,三岁春,3岁,,现有中文,按条件赛规则生成,
new-turf-3-3-late-kyoto-2000-1,京都草地2000m新马战,京都草地2000m新马战,Kyoto Turf 2000m Newcomer,新马,new,日本,草地,京都,2000,3,2,三岁春,3岁,,现有中文,按条件赛规则生成,
takamatsunomiya-kinen,高松宫纪念,高松宫纪念,Takamatsunomiya Kinen,G1,g1,日本,草地,中京,1200,3,2,四岁春,4岁以上,,现有中文,由ID自动生成待核对,
hanshin-daishoten,阪神大赏典,阪神大赏典,Hanshin Daishoten,G2,g2,日本,草地,阪神,3000,3,2,四岁春,4岁以上,,现有中文,由ID自动生成待核对,
nikkei-sho,日经赏,日经赏,Nikkei Sho,G2,g2,日本,草地,中山,2500,3,2,四岁春,4岁以上,,现有中文,由ID自动生成待核对,
spring-stakes,春季锦标,春季锦标,Spring Stakes,G2,g2,日本,草地,中山,1800,3,2,三岁春,3岁,,现有中文,由ID自动生成待核对,
aichi-hai,爱知杯,爱知杯,Aichi Hai,G3,g3,日本,草地,中京,1400,3,2,四岁春,4岁以上,牝马,现有中文,由ID自动生成待核对,
falcon-stakes,Falcon S,猎鹰锦标,Falcon S,G3,g3,日本,草地,中京,1400,3,2,三岁春,3岁,,自译待核对,现有英文,
flower-cup,花杯,花杯,Flower Cup,G3,g3,日本,草地,中山,1800,3,2,三岁春,3岁,牝马,现有中文,由ID自动生成待核对,
mainichi-hai,每日杯,每日杯,Mainichi Hai,G3,g3,日本,草地,阪神,1800,3,2,三岁春,3岁,,现有中文,由ID自动生成待核对,
march-stakes,March S,三月锦标,March S,G3,g3,日本,泥地,中山,1800,3,2,四岁春,4岁以上,,自译待核对,现有英文,
keihin-hai,京滨杯,京滨杯,Keihin Hai,JpnII,jpn2,日本,泥地,大井,1700,3,2,三岁春,3岁,,现有中文,由ID自动生成待核对,
kurofune-sho,黑船赏,黑船赏,Kurofune Sho,JpnIII,jpn3,日本,泥地,高知,1400,3,2,四岁春,4岁以上,,现有中文,由ID自动生成待核对,
coral-stakes,コーラルS,珊瑚锦标,Coral Stakes,L,op,日本,泥地,阪神,1400,3,2,四岁春,4岁以上,,自译待核对,由ID自动生成待核对,
rokko-stakes,六甲S,六甲锦标,Rokko Stakes,L,op,日本,草地,阪神,1600,3,2,四岁春,4岁以上,,自动规范化待核对,由ID自动生成待核对,
wakaba-stakes,若葉S,若叶锦标,Wakaba Stakes,L,op,日本,草地,阪神,2000,3,2,三岁春,3岁,,自动规范化待核对,由ID自动生成待核对,
fukuryu-stakes,伏竜S,伏龙锦标,Fukuryu Stakes,OP,op,日本,泥地,中山,1800,3,2,三岁春,3岁,,自动规范化待核对,由ID自动生成待核对,
shoryu-stakes,昇竜S,昇龙锦标,Shoryu Stakes,OP,op,日本,泥地,中京,1400,3,2,三岁春,3岁,,自动规范化待核对,由ID自动生成待核对,
one-win-dirt-3-4-early-fukushima-1700-7,福岛泥地1700m一胜战,福岛泥地1700m一胜战,Fukushima Dirt 1700m One-Win Class,1胜,one-win,日本,泥地,福岛,1700,4,1,三岁春,3岁,,现有中文,按条件赛规则生成,
one-win-dirt-3-4-early-nakayama-1400-6,中山泥地1400m一胜战,中山泥地1400m一胜战,Nakayama Dirt 1400m One-Win Class,1胜,one-win,日本,泥地,中山,1400,4,1,三岁春,3岁,,现有中文,按条件赛规则生成,
one-win-dirt-3-4-early-tokyo-1900-5,东京泥地1900m一胜战,东京泥地1900m一胜战,Tokyo Dirt 1900m One-Win Class,1胜,one-win,日本,泥地,东京,1900,4,1,三岁春,3岁,,现有中文,按条件赛规则生成,
one-win-dirt-4-4-early-fukushima-1200-7,福岛泥地1200m一胜战,福岛泥地1200m一胜战,Fukushima Dirt 1200m One-Win Class,1胜,one-win,日本,泥地,福岛,1200,4,1,四岁春,4岁,,现有中文,按条件赛规则生成,
one-win-dirt-4-4-early-nakayama-1900-6,中山泥地1900m一胜战,中山泥地1900m一胜战,Nakayama Dirt 1900m One-Win Class,1胜,one-win,日本,泥地,中山,1900,4,1,四岁春,4岁,,现有中文,按条件赛规则生成,
one-win-dirt-4-4-early-tokyo-1700-5,东京泥地1700m一胜战,东京泥地1700m一胜战,Tokyo Dirt 1700m One-Win Class,1胜,one-win,日本,泥地,东京,1700,4,1,四岁春,4岁,,现有中文,按条件赛规则生成,
one-win-turf-3-4-early-fukushima-1200-3,福岛草地1200m一胜战,福岛草地1200m一胜战,Fukushima Turf 1200m One-Win Class,1胜,one-win,日本,草地,福岛,1200,4,1,三岁春,3岁,,现有中文,按条件赛规则生成,
one-win-turf-3-4-early-nakayama-2200-2,中山草地2200m一胜战,中山草地2200m一胜战,Nakayama Turf 2200m One-Win Class,1胜,one-win,日本,草地,中山,2200,4,1,三岁春,3岁,,现有中文,按条件赛规则生成,
one-win-turf-3-4-early-niigata-1600-4,新潟草地1600m一胜战,新潟草地1600m一胜战,Niigata Turf 1600m One-Win Class,1胜,one-win,日本,草地,新潟,1600,4,1,三岁春,3岁,,现有中文,按条件赛规则生成,
one-win-turf-3-4-early-tokyo-1800-1,东京草地1800m一胜战,东京草地1800m一胜战,Tokyo Turf 1800m One-Win Class,1胜,one-win,日本,草地,东京,1800,4,1,三岁春,3岁,,现有中文,按条件赛规则生成,
one-win-turf-4-4-early-fukushima-2200-3,福岛草地2200m一胜战,福岛草地2200m一胜战,Fukushima Turf 2200m One-Win Class,1胜,one-win,日本,草地,福岛,2200,4,1,四岁春,4岁,,现有中文,按条件赛规则生成,
one-win-turf-4-4-early-nakayama-1800-2,中山草地1800m一胜战,中山草地1800m一胜战,Nakayama Turf 1800m One-Win Class,1胜,one-win,日本,草地,中山,1800,4,1,四岁春,4岁,,现有中文,按条件赛规则生成,
one-win-turf-4-4-early-niigata-2600-4,新潟草地2600m一胜战,新潟草地2600m一胜战,Niigata Turf 2600m One-Win Class,1胜,one-win,日本,草地,新潟,2600,4,1,四岁春,4岁,,现有中文,按条件赛规则生成,
one-win-turf-4-4-early-tokyo-1400-1,东京草地1400m一胜战,东京草地1400m一胜战,Tokyo Turf 1400m One-Win Class,1胜,one-win,日本,草地,东京,1400,4,1,四岁春,4岁,,现有中文,按条件赛规则生成,
two-win-dirt-4-4-early-nakayama-1900-5,中山泥地1900m二胜战,中山泥地1900m二胜战,Nakayama Dirt 1900m Two-Win Class,2胜,two-win,日本,泥地,中山,1900,4,1,四岁春,4岁,,现有中文,按条件赛规则生成,
two-win-dirt-4-4-early-niigata-1200-6,新潟泥地1200m二胜战,新潟泥地1200m二胜战,Niigata Dirt 1200m Two-Win Class,2胜,two-win,日本,泥地,新潟,1200,4,1,四岁春,4岁,,现有中文,按条件赛规则生成,
two-win-dirt-4-4-early-tokyo-1700-4,东京泥地1700m二胜战,东京泥地1700m二胜战,Tokyo Dirt 1700m Two-Win Class,2胜,two-win,日本,泥地,东京,1700,4,1,四岁春,4岁,,现有中文,按条件赛规则生成,
two-win-dirt-5-4-early-nakayama-1800-5,中山泥地1800m二胜战,中山泥地1800m二胜战,Nakayama Dirt 1800m Two-Win Class,2胜,two-win,日本,泥地,中山,1800,4,1,五岁春,5岁,,现有中文,按条件赛规则生成,
two-win-dirt-5-4-early-niigata-2100-6,新潟泥地2100m二胜战,新潟泥地2100m二胜战,Niigata Dirt 2100m Two-Win Class,2胜,two-win,日本,泥地,新潟,2100,4,1,五岁春,5岁,,现有中文,按条件赛规则生成,
two-win-dirt-5-4-early-tokyo-1600-4,东京泥地1600m二胜战,东京泥地1600m二胜战,Tokyo Dirt 1600m Two-Win Class,2胜,two-win,日本,泥地,东京,1600,4,1,五岁春,5岁,,现有中文,按条件赛规则生成,
two-win-turf-4-4-early-fukushima-1200-3,福岛草地1200m二胜战,福岛草地1200m二胜战,Fukushima Turf 1200m Two-Win Class,2胜,two-win,日本,草地,福岛,1200,4,1,四岁春,4岁,,现有中文,按条件赛规则生成,
two-win-turf-4-4-early-nakayama-2000-2,中山草地2000m二胜战,中山草地2000m二胜战,Nakayama Turf 2000m Two-Win Class,2胜,two-win,日本,草地,中山,2000,4,1,四岁春,4岁,,现有中文,按条件赛规则生成,
two-win-turf-4-4-early-tokyo-1600-1,东京草地1600m二胜战,东京草地1600m二胜战,Tokyo Turf 1600m Two-Win Class,2胜,two-win,日本,草地,东京,1600,4,1,四岁春,4岁,,现有中文,按条件赛规则生成,
two-win-turf-5-4-early-fukushima-2400-3,福岛草地2400m二胜战,福岛草地2400m二胜战,Fukushima Turf 2400m Two-Win Class,2胜,two-win,日本,草地,福岛,2400,4,1,五岁春,5岁,,现有中文,按条件赛规则生成,
two-win-turf-5-4-early-nakayama-1800-2,中山草地1800m二胜战,中山草地1800m二胜战,Nakayama Turf 1800m Two-Win Class,2胜,two-win,日本,草地,中山,1800,4,1,五岁春,5岁,,现有中文,按条件赛规则生成,
two-win-turf-5-4-early-tokyo-1400-1,东京草地1400m二胜战,东京草地1400m二胜战,Tokyo Turf 1400m Two-Win Class,2胜,two-win,日本,草地,东京,1400,4,1,五岁春,5岁,,现有中文,按条件赛规则生成,
three-win-dirt-4-4-early-nakayama-1400-3,中山泥地1400m三胜战,中山泥地1400m三胜战,Nakayama Dirt 1400m Three-Win Class,3胜,three-win,日本,泥地,中山,1400,4,1,四岁春,4岁,,现有中文,按条件赛规则生成,
three-win-dirt-4-4-early-niigata-1800-4,新潟泥地1800m三胜战,新潟泥地1800m三胜战,Niigata Dirt 1800m Three-Win Class,3胜,three-win,日本,泥地,新潟,1800,4,1,四岁春,4岁,,现有中文,按条件赛规则生成,
three-win-dirt-5-4-early-nakayama-1600-3,中山泥地1600m三胜战,中山泥地1600m三胜战,Nakayama Dirt 1600m Three-Win Class,3胜,three-win,日本,泥地,中山,1600,4,1,五岁春,5岁,,现有中文,按条件赛规则生成,
three-win-dirt-5-4-early-niigata-1900-4,新潟泥地1900m三胜战,新潟泥地1900m三胜战,Niigata Dirt 1900m Three-Win Class,3胜,three-win,日本,泥地,新潟,1900,4,1,五岁春,5岁,,现有中文,按条件赛规则生成,
three-win-turf-4-4-early-fukushima-2400-2,福岛草地2400m三胜战,福岛草地2400m三胜战,Fukushima Turf 2400m Three-Win Class,3胜,three-win,日本,草地,福岛,2400,4,1,四岁春,4岁,,现有中文,按条件赛规则生成,
three-win-turf-4-4-early-tokyo-1800-1,东京草地1800m三胜战,东京草地1800m三胜战,Tokyo Turf 1800m Three-Win Class,3胜,three-win,日本,草地,东京,1800,4,1,四岁春,4岁,,现有中文,按条件赛规则生成,
three-win-turf-5-4-early-fukushima-1400-2,福岛草地1400m三胜战,福岛草地1400m三胜战,Fukushima Turf 1400m Three-Win Class,3胜,three-win,日本,草地,福岛,1400,4,1,五岁春,5岁,,现有中文,按条件赛规则生成,
three-win-turf-5-4-early-tokyo-2500-1,东京草地2500m三胜战,东京草地2500m三胜战,Tokyo Turf 2500m Three-Win Class,3胜,three-win,日本,草地,东京,2500,4,1,五岁春,5岁,,现有中文,按条件赛规则生成,
maiden-dirt-3-4-early-fukushima-1000-1,福岛泥地1000m未胜利战,福岛泥地1000m未胜利战,Fukushima Dirt 1000m Maiden,未胜利,maiden,日本,泥地,福岛,1000,4,1,三岁春,3岁,,现有中文,按条件赛规则生成,
maiden-dirt-3-4-early-nakayama-1800-4,中山泥地1800m未胜利战,中山泥地1800m未胜利战,Nakayama Dirt 1800m Maiden,未胜利,maiden,日本,泥地,中山,1800,4,1,三岁春,3岁,,现有中文,按条件赛规则生成,
maiden-dirt-3-4-early-niigata-1200-2,新潟泥地1200m未胜利战,新潟泥地1200m未胜利战,Niigata Dirt 1200m Maiden,未胜利,maiden,日本,泥地,新潟,1200,4,1,三岁春,3岁,,现有中文,按条件赛规则生成,
maiden-dirt-3-4-early-tokyo-1400-3,东京泥地1400m未胜利战,东京泥地1400m未胜利战,Tokyo Dirt 1400m Maiden,未胜利,maiden,日本,泥地,东京,1400,4,1,三岁春,3岁,,现有中文,按条件赛规则生成,
maiden-turf-3-4-early-fukushima-1000-3,福岛草地1000m未胜利战,福岛草地1000m未胜利战,Fukushima Turf 1000m Maiden,未胜利,maiden,日本,草地,福岛,1000,4,1,三岁春,3岁,,现有中文,按条件赛规则生成,
maiden-turf-3-4-early-nakayama-1400-2,中山草地1400m未胜利战,中山草地1400m未胜利战,Nakayama Turf 1400m Maiden,未胜利,maiden,日本,草地,中山,1400,4,1,三岁春,3岁,,现有中文,按条件赛规则生成,
maiden-turf-3-4-early-niigata-1200-4,新潟草地1200m未胜利战,新潟草地1200m未胜利战,Niigata Turf 1200m Maiden,未胜利,maiden,日本,草地,新潟,1200,4,1,三岁春,3岁,,现有中文,按条件赛规则生成,
maiden-turf-3-4-early-tokyo-1000-1,东京草地1000m未胜利战,东京草地1000m未胜利战,Tokyo Turf 1000m Maiden,未胜利,maiden,日本,草地,东京,1000,4,1,三岁春,3岁,,现有中文,按条件赛规则生成,
new-dirt-3-4-early-fukushima-1000-1,福岛泥地1000m新马战,福岛泥地1000m新马战,Fukushima Dirt 1000m Newcomer,新马,new,日本,泥地,福岛,1000,4,1,三岁春,3岁,,现有中文,按条件赛规则生成,
new-dirt-3-4-early-nakayama-1800-4,中山泥地1800m新马战,中山泥地1800m新马战,Nakayama Dirt 1800m Newcomer,新马,new,日本,泥地,中山,1800,4,1,三岁春,3岁,,现有中文,按条件赛规则生成,
new-dirt-3-4-early-niigata-1200-2,新潟泥地1200m新马战,新潟泥地1200m新马战,Niigata Dirt 1200m Newcomer,新马,new,日本,泥地,新潟,1200,4,1,三岁春,3岁,,现有中文,按条件赛规则生成,
new-dirt-3-4-early-tokyo-1400-3,东京泥地1400m新马战,东京泥地1400m新马战,Tokyo Dirt 1400m Newcomer,新马,new,日本,泥地,东京,1400,4,1,三岁春,3岁,,现有中文,按条件赛规则生成,
new-turf-3-4-early-fukushima-1000-3,福岛草地1000m新马战,福岛草地1000m新马战,Fukushima Turf 1000m Newcomer,新马,new,日本,草地,福岛,1000,4,1,三岁春,3岁,,现有中文,按条件赛规则生成,
new-turf-3-4-early-nakayama-1400-2,中山草地1400m新马战,中山草地1400m新马战,Nakayama Turf 1400m Newcomer,新马,new,日本,草地,中山,1400,4,1,三岁春,3岁,,现有中文,按条件赛规则生成,
new-turf-3-4-early-niigata-1200-4,新潟草地1200m新马战,新潟草地1200m新马战,Niigata Turf 1200m Newcomer,新马,new,日本,草地,新潟,1200,4,1,三岁春,3岁,,现有中文,按条件赛规则生成,
new-turf-3-4-early-tokyo-1000-1,东京草地1000m新马战,东京草地1000m新马战,Tokyo Turf 1000m Newcomer,新马,new,日本,草地,东京,1000,4,1,三岁春,3岁,,现有中文,按条件赛规则生成,
oka-sho,樱花赏,樱花赏,Oka Sho,G1,g1,日本,草地,阪神,1600,4,1,三岁春,3岁,牝马,现有中文,自译/规范名待核对,
osaka-hai,大阪杯,大阪杯,Osaka Hai,G1,g1,日本,草地,阪神,2000,4,1,四岁春,4岁以上,,现有中文,由ID自动生成待核对,
hanshin-himba-stakes,阪神牝马S,阪神牝马锦标,Hanshin Himba Stakes,G2,g2,日本,草地,阪神,1600,4,1,四岁春,4岁以上,牝马,自动规范化待核对,由ID自动生成待核对,
new-zealand-trophy,新西兰T,新西兰锦标,New Zealand Trophy,G2,g2,日本,草地,中山,1600,4,1,三岁春,3岁,,自动规范化待核对,由ID自动生成待核对,
churchill-downs-cup,Churchill Downs C,丘吉尔园杯,Churchill Downs C,G3,g3,日本,草地,阪神,1600,4,1,三岁春,3岁,,自译待核对,现有英文,
lord-derby-challenge-trophy,达比勋爵CT,达比勋爵挑战杯,Lord Derby Challenge Trophy,G3,g3,日本,草地,中山,1600,4,1,四岁春,4岁以上,,自动规范化待核对,由ID自动生成待核对,
kawasaki-kinen,川崎记念,川崎记念,Kawasaki Kinen,JpnI,jpn1,日本,泥地,川崎,2100,4,1,四岁春,4岁以上,,现有中文,由ID自动生成待核对,
hyogo-queen-cup,兵库女王杯,兵库女王杯,Hyogo Queen Cup,JpnIII,jpn3,日本,泥地,园田,1870,4,1,四岁春,4岁以上,牝马,现有中文,由ID自动生成待核对,
tokyo-sprint,东京短途赛,东京短途赛,Tokyo Sprint,JpnIII,jpn3,日本,泥地,大井,1200,4,1,四岁春,4岁以上,,现有中文,由ID自动生成待核对,
fukushima-minpo-cup,福島民報杯,福島民報杯,Fukushima Minpo Cup,L,op,日本,草地,福岛,2000,4,1,四岁春,4岁以上,,现有中文,由ID自动生成待核对,
keiyo-stakes,京葉S,京叶锦标,Keiyo Stakes,L,op,日本,泥地,中山,1200,4,1,四岁春,4岁以上,,自动规范化待核对,由ID自动生成待核对,
shunrai-stakes,春雷S,春雷锦标,Shunrai Stakes,L,op,日本,草地,中山,1200,4,1,四岁春,4岁以上,,自动规范化待核对,由ID自动生成待核对,
wasurenagusa-sho,忘れな草賞,勿忘草赏,Wasurenagusa Sho,L,op,日本,草地,阪神,2000,4,1,三岁春,3岁,牝马,自译待核对,由ID自动生成待核对,
one-win-dirt-3-4-late-chukyo-1800-7,中京泥地1800m一胜战,中京泥地1800m一胜战,Chukyo Dirt 1800m One-Win Class,1胜,one-win,日本,泥地,中京,1800,4,2,三岁春,3岁,,现有中文,按条件赛规则生成,
one-win-dirt-3-4-late-hanshin-1600-6,阪神泥地1600m一胜战,阪神泥地1600m一胜战,Hanshin Dirt 1600m One-Win Class,1胜,one-win,日本,泥地,阪神,1600,4,2,三岁春,3岁,,现有中文,按条件赛规则生成,
one-win-dirt-3-4-late-kyoto-1200-5,京都泥地1200m一胜战,京都泥地1200m一胜战,Kyoto Dirt 1200m One-Win Class,1胜,one-win,日本,泥地,京都,1200,4,2,三岁春,3岁,,现有中文,按条件赛规则生成,
one-win-dirt-4-4-late-chukyo-1400-7,中京泥地1400m一胜战,中京泥地1400m一胜战,Chukyo Dirt 1400m One-Win Class,1胜,one-win,日本,泥地,中京,1400,4,2,四岁春,4岁,,现有中文,按条件赛规则生成,
one-win-dirt-4-4-late-hanshin-2100-6,阪神泥地2100m一胜战,阪神泥地2100m一胜战,Hanshin Dirt 2100m One-Win Class,1胜,one-win,日本,泥地,阪神,2100,4,2,四岁春,4岁,,现有中文,按条件赛规则生成,
one-win-dirt-4-4-late-kyoto-1800-5,京都泥地1800m一胜战,京都泥地1800m一胜战,Kyoto Dirt 1800m One-Win Class,1胜,one-win,日本,泥地,京都,1800,4,2,四岁春,4岁,,现有中文,按条件赛规则生成,
one-win-turf-3-4-late-chukyo-1400-3,中京草地1400m一胜战,中京草地1400m一胜战,Chukyo Turf 1400m One-Win Class,1胜,one-win,日本,草地,中京,1400,4,2,三岁春,3岁,,现有中文,按条件赛规则生成,
one-win-turf-3-4-late-fukushima-1800-4,福岛草地1800m一胜战,福岛草地1800m一胜战,Fukushima Turf 1800m One-Win Class,1胜,one-win,日本,草地,福岛,1800,4,2,三岁春,3岁,,现有中文,按条件赛规则生成,
one-win-turf-3-4-late-hanshin-2400-2,阪神草地2400m一胜战,阪神草地2400m一胜战,Hanshin Turf 2400m One-Win Class,1胜,one-win,日本,草地,阪神,2400,4,2,三岁春,3岁,,现有中文,按条件赛规则生成,
one-win-turf-3-4-late-kyoto-2000-1,京都草地2000m一胜战,京都草地2000m一胜战,Kyoto Turf 2000m One-Win Class,1胜,one-win,日本,草地,京都,2000,4,2,三岁春,3岁,,现有中文,按条件赛规则生成,
one-win-turf-4-4-late-chukyo-2400-3,中京草地2400m一胜战,中京草地2400m一胜战,Chukyo Turf 2400m One-Win Class,1胜,one-win,日本,草地,中京,2400,4,2,四岁春,4岁,,现有中文,按条件赛规则生成,
one-win-turf-4-4-late-fukushima-1200-4,福岛草地1200m一胜战,福岛草地1200m一胜战,Fukushima Turf 1200m One-Win Class,1胜,one-win,日本,草地,福岛,1200,4,2,四岁春,4岁,,现有中文,按条件赛规则生成,
one-win-turf-4-4-late-hanshin-2000-2,阪神草地2000m一胜战,阪神草地2000m一胜战,Hanshin Turf 2000m One-Win Class,1胜,one-win,日本,草地,阪神,2000,4,2,四岁春,4岁,,现有中文,按条件赛规则生成,
one-win-turf-4-4-late-kyoto-1600-1,京都草地1600m一胜战,京都草地1600m一胜战,Kyoto Turf 1600m One-Win Class,1胜,one-win,日本,草地,京都,1600,4,2,四岁春,4岁,,现有中文,按条件赛规则生成,
two-win-dirt-4-4-late-fukushima-1400-6,福岛泥地1400m二胜战,福岛泥地1400m二胜战,Fukushima Dirt 1400m Two-Win Class,2胜,two-win,日本,泥地,福岛,1400,4,2,四岁春,4岁,,现有中文,按条件赛规则生成,
two-win-dirt-4-4-late-hanshin-2100-5,阪神泥地2100m二胜战,阪神泥地2100m二胜战,Hanshin Dirt 2100m Two-Win Class,2胜,two-win,日本,泥地,阪神,2100,4,2,四岁春,4岁,,现有中文,按条件赛规则生成,
two-win-dirt-4-4-late-kyoto-1800-4,京都泥地1800m二胜战,京都泥地1800m二胜战,Kyoto Dirt 1800m Two-Win Class,2胜,two-win,日本,泥地,京都,1800,4,2,四岁春,4岁,,现有中文,按条件赛规则生成,
two-win-dirt-5-4-late-fukushima-1200-6,福岛泥地1200m二胜战,福岛泥地1200m二胜战,Fukushima Dirt 1200m Two-Win Class,2胜,two-win,日本,泥地,福岛,1200,4,2,五岁春,5岁,,现有中文,按条件赛规则生成,
two-win-dirt-5-4-late-hanshin-1900-5,阪神泥地1900m二胜战,阪神泥地1900m二胜战,Hanshin Dirt 1900m Two-Win Class,2胜,two-win,日本,泥地,阪神,1900,4,2,五岁春,5岁,,现有中文,按条件赛规则生成,
two-win-dirt-5-4-late-kyoto-1700-4,京都泥地1700m二胜战,京都泥地1700m二胜战,Kyoto Dirt 1700m Two-Win Class,2胜,two-win,日本,泥地,京都,1700,4,2,五岁春,5岁,,现有中文,按条件赛规则生成,
two-win-turf-4-4-late-chukyo-1400-3,中京草地1400m二胜战,中京草地1400m二胜战,Chukyo Turf 1400m Two-Win Class,2胜,two-win,日本,草地,中京,1400,4,2,四岁春,4岁,,现有中文,按条件赛规则生成,
two-win-turf-4-4-late-hanshin-2200-2,阪神草地2200m二胜战,阪神草地2200m二胜战,Hanshin Turf 2200m Two-Win Class,2胜,two-win,日本,草地,阪神,2200,4,2,四岁春,4岁,,现有中文,按条件赛规则生成,
two-win-turf-4-4-late-kyoto-1800-1,京都草地1800m二胜战,京都草地1800m二胜战,Kyoto Turf 1800m Two-Win Class,2胜,two-win,日本,草地,京都,1800,4,2,四岁春,4岁,,现有中文,按条件赛规则生成,
two-win-turf-5-4-late-chukyo-1200-3,中京草地1200m二胜战,中京草地1200m二胜战,Chukyo Turf 1200m Two-Win Class,2胜,two-win,日本,草地,中京,1200,4,2,五岁春,5岁,,现有中文,按条件赛规则生成,
two-win-turf-5-4-late-hanshin-2000-2,阪神草地2000m二胜战,阪神草地2000m二胜战,Hanshin Turf 2000m Two-Win Class,2胜,two-win,日本,草地,阪神,2000,4,2,五岁春,5岁,,现有中文,按条件赛规则生成,
two-win-turf-5-4-late-kyoto-1600-1,京都草地1600m二胜战,京都草地1600m二胜战,Kyoto Turf 1600m Two-Win Class,2胜,two-win,日本,草地,京都,1600,4,2,五岁春,5岁,,现有中文,按条件赛规则生成,
three-win-dirt-4-4-late-fukushima-1900-4,福岛泥地1900m三胜战,福岛泥地1900m三胜战,Fukushima Dirt 1900m Three-Win Class,3胜,three-win,日本,泥地,福岛,1900,4,2,四岁春,4岁,,现有中文,按条件赛规则生成,
three-win-dirt-4-4-late-hanshin-1600-3,阪神泥地1600m三胜战,阪神泥地1600m三胜战,Hanshin Dirt 1600m Three-Win Class,3胜,three-win,日本,泥地,阪神,1600,4,2,四岁春,4岁,,现有中文,按条件赛规则生成,
three-win-dirt-5-4-late-fukushima-1200-4,福岛泥地1200m三胜战,福岛泥地1200m三胜战,Fukushima Dirt 1200m Three-Win Class,3胜,three-win,日本,泥地,福岛,1200,4,2,五岁春,5岁,,现有中文,按条件赛规则生成,
three-win-dirt-5-4-late-hanshin-1700-3,阪神泥地1700m三胜战,阪神泥地1700m三胜战,Hanshin Dirt 1700m Three-Win Class,3胜,three-win,日本,泥地,阪神,1700,4,2,五岁春,5岁,,现有中文,按条件赛规则生成,
three-win-turf-4-4-late-chukyo-2500-2,中京草地2500m三胜战,中京草地2500m三胜战,Chukyo Turf 2500m Three-Win Class,3胜,three-win,日本,草地,中京,2500,4,2,四岁春,4岁,,现有中文,按条件赛规则生成,
three-win-turf-4-4-late-kyoto-2000-1,京都草地2000m三胜战,京都草地2000m三胜战,Kyoto Turf 2000m Three-Win Class,3胜,three-win,日本,草地,京都,2000,4,2,四岁春,4岁,,现有中文,按条件赛规则生成,
three-win-turf-5-4-late-chukyo-1600-2,中京草地1600m三胜战,中京草地1600m三胜战,Chukyo Turf 1600m Three-Win Class,3胜,three-win,日本,草地,中京,1600,4,2,五岁春,5岁,,现有中文,按条件赛规则生成,
three-win-turf-5-4-late-kyoto-2600-1,京都草地2600m三胜战,京都草地2600m三胜战,Kyoto Turf 2600m Three-Win Class,3胜,three-win,日本,草地,京都,2600,4,2,五岁春,5岁,,现有中文,按条件赛规则生成,
maiden-dirt-3-4-late-chukyo-1200-1,中京泥地1200m未胜利战,中京泥地1200m未胜利战,Chukyo Dirt 1200m Maiden,未胜利,maiden,日本,泥地,中京,1200,4,2,三岁春,3岁,,现有中文,按条件赛规则生成,
maiden-dirt-3-4-late-fukushima-1400-2,福岛泥地1400m未胜利战,福岛泥地1400m未胜利战,Fukushima Dirt 1400m Maiden,未胜利,maiden,日本,泥地,福岛,1400,4,2,三岁春,3岁,,现有中文,按条件赛规则生成,
maiden-dirt-3-4-late-hanshin-1200-4,阪神泥地1200m未胜利战,阪神泥地1200m未胜利战,Hanshin Dirt 1200m Maiden,未胜利,maiden,日本,泥地,阪神,1200,4,2,三岁春,3岁,,现有中文,按条件赛规则生成,
maiden-dirt-3-4-late-kyoto-1600-3,京都泥地1600m未胜利战,京都泥地1600m未胜利战,Kyoto Dirt 1600m Maiden,未胜利,maiden,日本,泥地,京都,1600,4,2,三岁春,3岁,,现有中文,按条件赛规则生成,
maiden-turf-3-4-late-chukyo-1200-3,中京草地1200m未胜利战,中京草地1200m未胜利战,Chukyo Turf 1200m Maiden,未胜利,maiden,日本,草地,中京,1200,4,2,三岁春,3岁,,现有中文,按条件赛规则生成,
maiden-turf-3-4-late-fukushima-1400-4,福岛草地1400m未胜利战,福岛草地1400m未胜利战,Fukushima Turf 1400m Maiden,未胜利,maiden,日本,草地,福岛,1400,4,2,三岁春,3岁,,现有中文,按条件赛规则生成,
maiden-turf-3-4-late-hanshin-1600-2,阪神草地1600m未胜利战,阪神草地1600m未胜利战,Hanshin Turf 1600m Maiden,未胜利,maiden,日本,草地,阪神,1600,4,2,三岁春,3岁,,现有中文,按条件赛规则生成,
maiden-turf-3-4-late-kyoto-1200-1,京都草地1200m未胜利战,京都草地1200m未胜利战,Kyoto Turf 1200m Maiden,未胜利,maiden,日本,草地,京都,1200,4,2,三岁春,3岁,,现有中文,按条件赛规则生成,
new-dirt-3-4-late-chukyo-1200-1,中京泥地1200m新马战,中京泥地1200m新马战,Chukyo Dirt 1200m Newcomer,新马,new,日本,泥地,中京,1200,4,2,三岁春,3岁,,现有中文,按条件赛规则生成,
new-dirt-3-4-late-fukushima-1400-2,福岛泥地1400m新马战,福岛泥地1400m新马战,Fukushima Dirt 1400m Newcomer,新马,new,日本,泥地,福岛,1400,4,2,三岁春,3岁,,现有中文,按条件赛规则生成,
new-dirt-3-4-late-hanshin-1200-4,阪神泥地1200m新马战,阪神泥地1200m新马战,Hanshin Dirt 1200m Newcomer,新马,new,日本,泥地,阪神,1200,4,2,三岁春,3岁,,现有中文,按条件赛规则生成,
new-dirt-3-4-late-kyoto-1600-3,京都泥地1600m新马战,京都泥地1600m新马战,Kyoto Dirt 1600m Newcomer,新马,new,日本,泥地,京都,1600,4,2,三岁春,3岁,,现有中文,按条件赛规则生成,
new-turf-3-4-late-chukyo-1200-3,中京草地1200m新马战,中京草地1200m新马战,Chukyo Turf 1200m Newcomer,新马,new,日本,草地,中京,1200,4,2,三岁春,3岁,,现有中文,按条件赛规则生成,
new-turf-3-4-late-fukushima-1400-4,福岛草地1400m新马战,福岛草地1400m新马战,Fukushima Turf 1400m Newcomer,新马,new,日本,草地,福岛,1400,4,2,三岁春,3岁,,现有中文,按条件赛规则生成,
new-turf-3-4-late-hanshin-1600-2,阪神草地1600m新马战,阪神草地1600m新马战,Hanshin Turf 1600m Newcomer,新马,new,日本,草地,阪神,1600,4,2,三岁春,3岁,,现有中文,按条件赛规则生成,
new-turf-3-4-late-kyoto-1200-1,京都草地1200m新马战,京都草地1200m新马战,Kyoto Turf 1200m Newcomer,新马,new,日本,草地,京都,1200,4,2,三岁春,3岁,,现有中文,按条件赛规则生成,
satsuki-sho,皋月赏,皋月赏,Satsuki Sho,G1,g1,日本,草地,中山,2000,4,2,三岁春,3岁,,现有中文,自译/规范名待核对,
tenno-sho-haru,天皇赏春,天皇赏春,Tenno Sho (Spring),G1,g1,日本,草地,京都,3200,4,2,四岁春,4岁以上,,现有中文,自译/规范名待核对,
aoba-sho,青叶赏,青叶赏,Aoba Sho,G2,g2,日本,草地,东京,2400,4,2,三岁春,3岁,,现有中文,由ID自动生成待核对,
flora-stakes,花仙子S,花仙子锦标,Flora Stakes,G2,g2,日本,草地,东京,2000,4,2,三岁春,3岁,牝马,自动规范化待核对,由ID自动生成待核对,
yomiuri-milers-cup,读卖杯,读卖杯,Yomiuri Milers Cup,G2,g2,日本,草地,京都,1600,4,2,四岁春,4岁以上,,现有中文,由ID自动生成待核对,
antares-stakes,Antares S,心宿二锦标,Antares S,G3,g3,日本,泥地,阪神,1800,4,2,四岁春,4岁以上,,自译待核对,现有英文,
fukushima-himba-stakes,福岛牝马S,福岛牝马锦标,Fukushima Himba Stakes,G3,g3,日本,草地,福岛,1800,4,2,四岁春,4岁以上,牝马,自动规范化待核对,由ID自动生成待核对,
unicorn-stakes,Unicorn S,独角兽锦标,Unicorn S,G3,g3,日本,泥地,京都,1900,4,2,三岁春,3岁,,自译待核对,现有英文,
haneda-hai,羽田杯,羽田杯,Haneda Hai,JpnI,jpn1,日本,泥地,大井,1800,4,2,三岁春,3岁,,现有中文,由ID自动生成待核对,
oasis-stakes,オアシスS,绿洲锦标,Oasis Stakes,L,op,日本,泥地,东京,1600,4,2,四岁春,4岁以上,,自译待核对,由ID自动生成待核对,
violet-stakes,バイオレットS,紫罗兰锦标,Violet Stakes,OP,op,日本,泥地,阪神,1400,4,2,三岁春,3岁,,自译待核对,由ID自动生成待核对,
one-win-dirt-3-5-early-nakayama-1800-6,中山泥地1800m一胜战,中山泥地1800m一胜战,Nakayama Dirt 1800m One-Win Class,1胜,one-win,日本,泥地,中山,1800,5,1,三岁春,3岁,,现有中文,按条件赛规则生成,
one-win-dirt-3-5-early-niigata-1200-7,新潟泥地1200m一胜战,新潟泥地1200m一胜战,Niigata Dirt 1200m One-Win Class,1胜,one-win,日本,泥地,新潟,1200,5,1,三岁春,3岁,,现有中文,按条件赛规则生成,
one-win-dirt-3-5-early-tokyo-1600-5,东京泥地1600m一胜战,东京泥地1600m一胜战,Tokyo Dirt 1600m One-Win Class,1胜,one-win,日本,泥地,东京,1600,5,1,三岁春,3岁,,现有中文,按条件赛规则生成,
one-win-dirt-4-5-early-nakayama-1400-6,中山泥地1400m一胜战,中山泥地1400m一胜战,Nakayama Dirt 1400m One-Win Class,1胜,one-win,日本,泥地,中山,1400,5,1,四岁春,4岁,,现有中文,按条件赛规则生成,
one-win-dirt-4-5-early-niigata-1700-7,新潟泥地1700m一胜战,新潟泥地1700m一胜战,Niigata Dirt 1700m One-Win Class,1胜,one-win,日本,泥地,新潟,1700,5,1,四岁春,4岁,,现有中文,按条件赛规则生成,
one-win-dirt-4-5-early-tokyo-2100-5,东京泥地2100m一胜战,东京泥地2100m一胜战,Tokyo Dirt 2100m One-Win Class,1胜,one-win,日本,泥地,东京,2100,5,1,四岁春,4岁,,现有中文,按条件赛规则生成,
one-win-turf-3-5-early-hakodate-2200-4,函馆草地2200m一胜战,函馆草地2200m一胜战,Hakodate Turf 2200m One-Win Class,1胜,one-win,日本,草地,函馆,2200,5,1,三岁春,3岁,,现有中文,按条件赛规则生成,
one-win-turf-3-5-early-nakayama-1400-2,中山草地1400m一胜战,中山草地1400m一胜战,Nakayama Turf 1400m One-Win Class,1胜,one-win,日本,草地,中山,1400,5,1,三岁春,3岁,,现有中文,按条件赛规则生成,
one-win-turf-3-5-early-niigata-1800-3,新潟草地1800m一胜战,新潟草地1800m一胜战,Niigata Turf 1800m One-Win Class,1胜,one-win,日本,草地,新潟,1800,5,1,三岁春,3岁,,现有中文,按条件赛规则生成,
one-win-turf-3-5-early-tokyo-2400-1,东京草地2400m一胜战,东京草地2400m一胜战,Tokyo Turf 2400m One-Win Class,1胜,one-win,日本,草地,东京,2400,5,1,三岁春,3岁,,现有中文,按条件赛规则生成,
one-win-turf-4-5-early-hakodate-1600-4,函馆草地1600m一胜战,函馆草地1600m一胜战,Hakodate Turf 1600m One-Win Class,1胜,one-win,日本,草地,函馆,1600,5,1,四岁春,4岁,,现有中文,按条件赛规则生成,
one-win-turf-4-5-early-nakayama-2400-2,中山草地2400m一胜战,中山草地2400m一胜战,Nakayama Turf 2400m One-Win Class,1胜,one-win,日本,草地,中山,2400,5,1,四岁春,4岁,,现有中文,按条件赛规则生成,
one-win-turf-4-5-early-niigata-1200-3,新潟草地1200m一胜战,新潟草地1200m一胜战,Niigata Turf 1200m One-Win Class,1胜,one-win,日本,草地,新潟,1200,5,1,四岁春,4岁,,现有中文,按条件赛规则生成,
one-win-turf-4-5-early-tokyo-2000-1,东京草地2000m一胜战,东京草地2000m一胜战,Tokyo Turf 2000m One-Win Class,1胜,one-win,日本,草地,东京,2000,5,1,四岁春,4岁,,现有中文,按条件赛规则生成,
two-win-dirt-4-5-early-hakodate-1400-6,函馆泥地1400m二胜战,函馆泥地1400m二胜战,Hakodate Dirt 1400m Two-Win Class,2胜,two-win,日本,泥地,函馆,1400,5,1,四岁春,4岁,,现有中文,按条件赛规则生成,
two-win-dirt-4-5-early-nakayama-1900-5,中山泥地1900m二胜战,中山泥地1900m二胜战,Nakayama Dirt 1900m Two-Win Class,2胜,two-win,日本,泥地,中山,1900,5,1,四岁春,4岁,,现有中文,按条件赛规则生成,
two-win-dirt-4-5-early-tokyo-1700-4,东京泥地1700m二胜战,东京泥地1700m二胜战,Tokyo Dirt 1700m Two-Win Class,2胜,two-win,日本,泥地,东京,1700,5,1,四岁春,4岁,,现有中文,按条件赛规则生成,
two-win-dirt-5-5-early-hakodate-1600-6,函馆泥地1600m二胜战,函馆泥地1600m二胜战,Hakodate Dirt 1600m Two-Win Class,2胜,two-win,日本,泥地,函馆,1600,5,1,五岁春,5岁,,现有中文,按条件赛规则生成,
two-win-dirt-5-5-early-nakayama-1200-5,中山泥地1200m二胜战,中山泥地1200m二胜战,Nakayama Dirt 1200m Two-Win Class,2胜,two-win,日本,泥地,中山,1200,5,1,五岁春,5岁,,现有中文,按条件赛规则生成,
two-win-dirt-5-5-early-tokyo-1800-4,东京泥地1800m二胜战,东京泥地1800m二胜战,Tokyo Dirt 1800m Two-Win Class,2胜,two-win,日本,泥地,东京,1800,5,1,五岁春,5岁,,现有中文,按条件赛规则生成,
two-win-turf-4-5-early-nakayama-1200-2,中山草地1200m二胜战,中山草地1200m二胜战,Nakayama Turf 1200m Two-Win Class,2胜,two-win,日本,草地,中山,1200,5,1,四岁春,4岁,,现有中文,按条件赛规则生成,
two-win-turf-4-5-early-niigata-1800-3,新潟草地1800m二胜战,新潟草地1800m二胜战,Niigata Turf 1800m Two-Win Class,2胜,two-win,日本,草地,新潟,1800,5,1,四岁春,4岁,,现有中文,按条件赛规则生成,
two-win-turf-4-5-early-tokyo-2200-1,东京草地2200m二胜战,东京草地2200m二胜战,Tokyo Turf 2200m Two-Win Class,2胜,two-win,日本,草地,东京,2200,5,1,四岁春,4岁,,现有中文,按条件赛规则生成,
two-win-turf-5-5-early-nakayama-2400-2,中山草地2400m二胜战,中山草地2400m二胜战,Nakayama Turf 2400m Two-Win Class,2胜,two-win,日本,草地,中山,2400,5,1,五岁春,5岁,,现有中文,按条件赛规则生成,
two-win-turf-5-5-early-niigata-1600-3,新潟草地1600m二胜战,新潟草地1600m二胜战,Niigata Turf 1600m Two-Win Class,2胜,two-win,日本,草地,新潟,1600,5,1,五岁春,5岁,,现有中文,按条件赛规则生成,
two-win-turf-5-5-early-tokyo-2000-1,东京草地2000m二胜战,东京草地2000m二胜战,Tokyo Turf 2000m Two-Win Class,2胜,two-win,日本,草地,东京,2000,5,1,五岁春,5岁,,现有中文,按条件赛规则生成,
three-win-dirt-4-5-early-hakodate-1700-4,函馆泥地1700m三胜战,函馆泥地1700m三胜战,Hakodate Dirt 1700m Three-Win Class,3胜,three-win,日本,泥地,函馆,1700,5,1,四岁春,4岁,,现有中文,按条件赛规则生成,
three-win-dirt-4-5-early-nakayama-1200-3,中山泥地1200m三胜战,中山泥地1200m三胜战,Nakayama Dirt 1200m Three-Win Class,3胜,three-win,日本,泥地,中山,1200,5,1,四岁春,4岁,,现有中文,按条件赛规则生成,
three-win-dirt-5-5-early-hakodate-1600-4,函馆泥地1600m三胜战,函馆泥地1600m三胜战,Hakodate Dirt 1600m Three-Win Class,3胜,three-win,日本,泥地,函馆,1600,5,1,五岁春,5岁,,现有中文,按条件赛规则生成,
three-win-dirt-5-5-early-nakayama-2100-3,中山泥地2100m三胜战,中山泥地2100m三胜战,Nakayama Dirt 2100m Three-Win Class,3胜,three-win,日本,泥地,中山,2100,5,1,五岁春,5岁,,现有中文,按条件赛规则生成,
three-win-turf-4-5-early-niigata-1600-2,新潟草地1600m三胜战,新潟草地1600m三胜战,Niigata Turf 1600m Three-Win Class,3胜,three-win,日本,草地,新潟,1600,5,1,四岁春,4岁,,现有中文,按条件赛规则生成,
three-win-turf-4-5-early-tokyo-2400-1,东京草地2400m三胜战,东京草地2400m三胜战,Tokyo Turf 2400m Three-Win Class,3胜,three-win,日本,草地,东京,2400,5,1,四岁春,4岁,,现有中文,按条件赛规则生成,
three-win-turf-5-5-early-niigata-1400-2,新潟草地1400m三胜战,新潟草地1400m三胜战,Niigata Turf 1400m Three-Win Class,3胜,three-win,日本,草地,新潟,1400,5,1,五岁春,5岁,,现有中文,按条件赛规则生成,
three-win-turf-5-5-early-tokyo-2200-1,东京草地2200m三胜战,东京草地2200m三胜战,Tokyo Turf 2200m Three-Win Class,3胜,three-win,日本,草地,东京,2200,5,1,五岁春,5岁,,现有中文,按条件赛规则生成,
maiden-dirt-3-5-early-hakodate-1000-2,函馆泥地1000m未胜利战,函馆泥地1000m未胜利战,Hakodate Dirt 1000m Maiden,未胜利,maiden,日本,泥地,函馆,1000,5,1,三岁春,3岁,,现有中文,按条件赛规则生成,
maiden-dirt-3-5-early-nakayama-1400-4,中山泥地1400m未胜利战,中山泥地1400m未胜利战,Nakayama Dirt 1400m Maiden,未胜利,maiden,日本,泥地,中山,1400,5,1,三岁春,3岁,,现有中文,按条件赛规则生成,
maiden-dirt-3-5-early-niigata-1400-1,新潟泥地1400m未胜利战,新潟泥地1400m未胜利战,Niigata Dirt 1400m Maiden,未胜利,maiden,日本,泥地,新潟,1400,5,1,三岁春,3岁,,现有中文,按条件赛规则生成,
maiden-dirt-3-5-early-tokyo-1800-3,东京泥地1800m未胜利战,东京泥地1800m未胜利战,Tokyo Dirt 1800m Maiden,未胜利,maiden,日本,泥地,东京,1800,5,1,三岁春,3岁,,现有中文,按条件赛规则生成,
maiden-turf-3-5-early-hakodate-1000-4,函馆草地1000m未胜利战,函馆草地1000m未胜利战,Hakodate Turf 1000m Maiden,未胜利,maiden,日本,草地,函馆,1000,5,1,三岁春,3岁,,现有中文,按条件赛规则生成,
maiden-turf-3-5-early-nakayama-1800-2,中山草地1800m未胜利战,中山草地1800m未胜利战,Nakayama Turf 1800m Maiden,未胜利,maiden,日本,草地,中山,1800,5,1,三岁春,3岁,,现有中文,按条件赛规则生成,
maiden-turf-3-5-early-niigata-1400-3,新潟草地1400m未胜利战,新潟草地1400m未胜利战,Niigata Turf 1400m Maiden,未胜利,maiden,日本,草地,新潟,1400,5,1,三岁春,3岁,,现有中文,按条件赛规则生成,
maiden-turf-3-5-early-tokyo-1400-1,东京草地1400m未胜利战,东京草地1400m未胜利战,Tokyo Turf 1400m Maiden,未胜利,maiden,日本,草地,东京,1400,5,1,三岁春,3岁,,现有中文,按条件赛规则生成,
nhk-mile-cup,NHK一哩杯,NHK一哩杯,NHK Mile Cup,G1,g1,日本,草地,东京,1600,5,1,三岁春,3岁,,自动生成待核对,自译/规范名待核对,
victoria-mile,维多利亚一哩赛,维多利亚一哩赛,Victoria Mile,G1,g1,日本,草地,东京,1600,5,1,四岁春,4岁以上,牝马,现有中文,由ID自动生成待核对,
keio-hai-spring-cup,京王杯春季C,京王杯春季杯,Keio Hai Spring Cup,G2,g2,日本,草地,东京,1400,5,1,四岁春,4岁以上,,自动规范化待核对,由ID自动生成待核对,
kyoto-shimbun-hai,京都新闻杯,京都新闻杯,Kyoto Shimbun Hai,G2,g2,日本,草地,京都,2200,5,1,三岁春,3岁,,现有中文,由ID自动生成待核对,
niigata-daishoten,新潟大赏典,新潟大赏典,Niigata Daishoten,G3,g3,日本,草地,新潟,2000,5,1,四岁春,4岁以上,,现有中文,由ID自动生成待核对,
kashiwa-kinen,柏记念,柏记念,Kashiwa Kinen,JpnI,jpn1,日本,泥地,船桥,1600,5,1,四岁春,4岁以上,,现有中文,由ID自动生成待核对,
hyogo-championship,兵库冠军锦标,兵库冠军锦标,Hyogo Championship,JpnII,jpn2,日本,泥地,园田,1400,5,1,三岁春,3岁,,现有中文,由ID自动生成待核对,
nagoya-grand-prix,名古屋大奖赛,名古屋大奖赛,Nagoya Grand Prix,JpnII,jpn2,日本,泥地,名古屋,2100,5,1,四岁春,4岁以上,,现有中文,由ID自动生成待核对,
brilliant-stakes,ブリリアントS,辉煌锦标,Brilliant Stakes,L,op,日本,泥地,东京,2100,5,1,四岁春,4岁以上,,自译待核对,由ID自动生成待核对,
metropolitan-stakes,メトロポリタンS,大都会锦标,Metropolitan Stakes,L,op,日本,草地,东京,2400,5,1,四岁春,4岁以上,,自译待核对,由ID自动生成待核对,
miyakooji-stakes,都大路S,都大路锦标,Miyakooji Stakes,L,op,日本,草地,京都,1800,5,1,四岁春,4岁以上,,自动规范化待核对,由ID自动生成待核对,
principal-stakes,プリンシパルS,首席锦标,Principal Stakes,L,op,日本,草地,东京,2000,5,1,三岁春,3岁,,自译待核对,由ID自动生成待核对,
ritto-stakes,栗東S,栗東锦标,Ritto Stakes,L,op,日本,泥地,京都,1400,5,1,四岁春,4岁以上,,自动规范化待核对,由ID自动生成待核对,
tachibana-stakes,橘S,橘锦标,Tachibana Stakes,L,op,日本,草地,京都,1400,5,1,三岁春,3岁,,自动规范化待核对,由ID自动生成待核对,
one-win-dirt-3-5-late-chukyo-1400-7,中京泥地1400m一胜战,中京泥地1400m一胜战,Chukyo Dirt 1400m One-Win Class,1胜,one-win,日本,泥地,中京,1400,5,2,三岁春,3岁,,现有中文,按条件赛规则生成,
one-win-dirt-3-5-late-hanshin-1900-6,阪神泥地1900m一胜战,阪神泥地1900m一胜战,Hanshin Dirt 1900m One-Win Class,1胜,one-win,日本,泥地,阪神,1900,5,2,三岁春,3岁,,现有中文,按条件赛规则生成,
one-win-dirt-3-5-late-kyoto-1700-5,京都泥地1700m一胜战,京都泥地1700m一胜战,Kyoto Dirt 1700m One-Win Class,1胜,one-win,日本,泥地,京都,1700,5,2,三岁春,3岁,,现有中文,按条件赛规则生成,
one-win-dirt-4-5-late-chukyo-1800-7,中京泥地1800m一胜战,中京泥地1800m一胜战,Chukyo Dirt 1800m One-Win Class,1胜,one-win,日本,泥地,中京,1800,5,2,四岁春,4岁,,现有中文,按条件赛规则生成,
one-win-dirt-4-5-late-hanshin-1600-6,阪神泥地1600m一胜战,阪神泥地1600m一胜战,Hanshin Dirt 1600m One-Win Class,1胜,one-win,日本,泥地,阪神,1600,5,2,四岁春,4岁,,现有中文,按条件赛规则生成,
one-win-dirt-4-5-late-kyoto-1200-5,京都泥地1200m一胜战,京都泥地1200m一胜战,Kyoto Dirt 1200m One-Win Class,1胜,one-win,日本,泥地,京都,1200,5,2,四岁春,4岁,,现有中文,按条件赛规则生成,
one-win-turf-3-5-late-chukyo-2000-3,中京草地2000m一胜战,中京草地2000m一胜战,Chukyo Turf 2000m One-Win Class,1胜,one-win,日本,草地,中京,2000,5,2,三岁春,3岁,,现有中文,按条件赛规则生成,
one-win-turf-3-5-late-hakodate-2400-4,函馆草地2400m一胜战,函馆草地2400m一胜战,Hakodate Turf 2400m One-Win Class,1胜,one-win,日本,草地,函馆,2400,5,2,三岁春,3岁,,现有中文,按条件赛规则生成,
one-win-turf-3-5-late-hanshin-1600-2,阪神草地1600m一胜战,阪神草地1600m一胜战,Hanshin Turf 1600m One-Win Class,1胜,one-win,日本,草地,阪神,1600,5,2,三岁春,3岁,,现有中文,按条件赛规则生成,
one-win-turf-3-5-late-kyoto-1200-1,京都草地1200m一胜战,京都草地1200m一胜战,Kyoto Turf 1200m One-Win Class,1胜,one-win,日本,草地,京都,1200,5,2,三岁春,3岁,,现有中文,按条件赛规则生成,
one-win-turf-4-5-late-chukyo-1400-3,中京草地1400m一胜战,中京草地1400m一胜战,Chukyo Turf 1400m One-Win Class,1胜,one-win,日本,草地,中京,1400,5,2,四岁春,4岁,,现有中文,按条件赛规则生成,
one-win-turf-4-5-late-hakodate-1800-4,函馆草地1800m一胜战,函馆草地1800m一胜战,Hakodate Turf 1800m One-Win Class,1胜,one-win,日本,草地,函馆,1800,5,2,四岁春,4岁,,现有中文,按条件赛规则生成,
one-win-turf-4-5-late-hanshin-2600-2,阪神草地2600m一胜战,阪神草地2600m一胜战,Hanshin Turf 2600m One-Win Class,1胜,one-win,日本,草地,阪神,2600,5,2,四岁春,4岁,,现有中文,按条件赛规则生成,
one-win-turf-4-5-late-kyoto-2200-1,京都草地2200m一胜战,京都草地2200m一胜战,Kyoto Turf 2200m One-Win Class,1胜,one-win,日本,草地,京都,2200,5,2,四岁春,4岁,,现有中文,按条件赛规则生成,
two-win-dirt-4-5-late-hakodate-1600-6,函馆泥地1600m二胜战,函馆泥地1600m二胜战,Hakodate Dirt 1600m Two-Win Class,2胜,two-win,日本,泥地,函馆,1600,5,2,四岁春,4岁,,现有中文,按条件赛规则生成,
two-win-dirt-4-5-late-hanshin-1200-5,阪神泥地1200m二胜战,阪神泥地1200m二胜战,Hanshin Dirt 1200m Two-Win Class,2胜,two-win,日本,泥地,阪神,1200,5,2,四岁春,4岁,,现有中文,按条件赛规则生成,
two-win-dirt-4-5-late-kyoto-1800-4,京都泥地1800m二胜战,京都泥地1800m二胜战,Kyoto Dirt 1800m Two-Win Class,2胜,two-win,日本,泥地,京都,1800,5,2,四岁春,4岁,,现有中文,按条件赛规则生成,
two-win-dirt-5-5-late-hakodate-1700-6,函馆泥地1700m二胜战,函馆泥地1700m二胜战,Hakodate Dirt 1700m Two-Win Class,2胜,two-win,日本,泥地,函馆,1700,5,2,五岁春,5岁,,现有中文,按条件赛规则生成,
two-win-dirt-5-5-late-hanshin-1400-5,阪神泥地1400m二胜战,阪神泥地1400m二胜战,Hanshin Dirt 1400m Two-Win Class,2胜,two-win,日本,泥地,阪神,1400,5,2,五岁春,5岁,,现有中文,按条件赛规则生成,
two-win-dirt-5-5-late-kyoto-1900-4,京都泥地1900m二胜战,京都泥地1900m二胜战,Kyoto Dirt 1900m Two-Win Class,2胜,two-win,日本,泥地,京都,1900,5,2,五岁春,5岁,,现有中文,按条件赛规则生成,
two-win-turf-4-5-late-chukyo-2000-3,中京草地2000m二胜战,中京草地2000m二胜战,Chukyo Turf 2000m Two-Win Class,2胜,two-win,日本,草地,中京,2000,5,2,四岁春,4岁,,现有中文,按条件赛规则生成,
two-win-turf-4-5-late-hanshin-1400-2,阪神草地1400m二胜战,阪神草地1400m二胜战,Hanshin Turf 1400m Two-Win Class,2胜,two-win,日本,草地,阪神,1400,5,2,四岁春,4岁,,现有中文,按条件赛规则生成,
two-win-turf-4-5-late-kyoto-2400-1,京都草地2400m二胜战,京都草地2400m二胜战,Kyoto Turf 2400m Two-Win Class,2胜,two-win,日本,草地,京都,2400,5,2,四岁春,4岁,,现有中文,按条件赛规则生成,
two-win-turf-5-5-late-chukyo-1800-3,中京草地1800m二胜战,中京草地1800m二胜战,Chukyo Turf 1800m Two-Win Class,2胜,two-win,日本,草地,中京,1800,5,2,五岁春,5岁,,现有中文,按条件赛规则生成,
two-win-turf-5-5-late-hanshin-1200-2,阪神草地1200m二胜战,阪神草地1200m二胜战,Hanshin Turf 1200m Two-Win Class,2胜,two-win,日本,草地,阪神,1200,5,2,五岁春,5岁,,现有中文,按条件赛规则生成,
two-win-turf-5-5-late-kyoto-2200-1,京都草地2200m二胜战,京都草地2200m二胜战,Kyoto Turf 2200m Two-Win Class,2胜,two-win,日本,草地,京都,2200,5,2,五岁春,5岁,,现有中文,按条件赛规则生成,
three-win-dirt-4-5-late-hakodate-1800-4,函馆泥地1800m三胜战,函馆泥地1800m三胜战,Hakodate Dirt 1800m Three-Win Class,3胜,three-win,日本,泥地,函馆,1800,5,2,四岁春,4岁,,现有中文,按条件赛规则生成,
three-win-dirt-4-5-late-hanshin-1400-3,阪神泥地1400m三胜战,阪神泥地1400m三胜战,Hanshin Dirt 1400m Three-Win Class,3胜,three-win,日本,泥地,阪神,1400,5,2,四岁春,4岁,,现有中文,按条件赛规则生成,
three-win-dirt-5-5-late-hakodate-1700-4,函馆泥地1700m三胜战,函馆泥地1700m三胜战,Hakodate Dirt 1700m Three-Win Class,3胜,three-win,日本,泥地,函馆,1700,5,2,五岁春,5岁,,现有中文,按条件赛规则生成,
three-win-dirt-5-5-late-hanshin-1200-3,阪神泥地1200m三胜战,阪神泥地1200m三胜战,Hanshin Dirt 1200m Three-Win Class,3胜,three-win,日本,泥地,阪神,1200,5,2,五岁春,5岁,,现有中文,按条件赛规则生成,
three-win-turf-4-5-late-chukyo-1800-2,中京草地1800m三胜战,中京草地1800m三胜战,Chukyo Turf 1800m Three-Win Class,3胜,three-win,日本,草地,中京,1800,5,2,四岁春,4岁,,现有中文,按条件赛规则生成,
three-win-turf-4-5-late-kyoto-1200-1,京都草地1200m三胜战,京都草地1200m三胜战,Kyoto Turf 1200m Three-Win Class,3胜,three-win,日本,草地,京都,1200,5,2,四岁春,4岁,,现有中文,按条件赛规则生成,
three-win-turf-5-5-late-chukyo-1600-2,中京草地1600m三胜战,中京草地1600m三胜战,Chukyo Turf 1600m Three-Win Class,3胜,three-win,日本,草地,中京,1600,5,2,五岁春,5岁,,现有中文,按条件赛规则生成,
three-win-turf-5-5-late-kyoto-2400-1,京都草地2400m三胜战,京都草地2400m三胜战,Kyoto Turf 2400m Three-Win Class,3胜,three-win,日本,草地,京都,2400,5,2,五岁春,5岁,,现有中文,按条件赛规则生成,
maiden-dirt-3-5-late-chukyo-1000-1,中京泥地1000m未胜利战,中京泥地1000m未胜利战,Chukyo Dirt 1000m Maiden,未胜利,maiden,日本,泥地,中京,1000,5,2,三岁春,3岁,,现有中文,按条件赛规则生成,
maiden-dirt-3-5-late-hakodate-1200-2,函馆泥地1200m未胜利战,函馆泥地1200m未胜利战,Hakodate Dirt 1200m Maiden,未胜利,maiden,日本,泥地,函馆,1200,5,2,三岁春,3岁,,现有中文,按条件赛规则生成,
maiden-dirt-3-5-late-hanshin-1600-4,阪神泥地1600m未胜利战,阪神泥地1600m未胜利战,Hanshin Dirt 1600m Maiden,未胜利,maiden,日本,泥地,阪神,1600,5,2,三岁春,3岁,,现有中文,按条件赛规则生成,
maiden-dirt-3-5-late-kyoto-1200-3,京都泥地1200m未胜利战,京都泥地1200m未胜利战,Kyoto Dirt 1200m Maiden,未胜利,maiden,日本,泥地,京都,1200,5,2,三岁春,3岁,,现有中文,按条件赛规则生成,
maiden-turf-3-5-late-chukyo-1000-3,中京草地1000m未胜利战,中京草地1000m未胜利战,Chukyo Turf 1000m Maiden,未胜利,maiden,日本,草地,中京,1000,5,2,三岁春,3岁,,现有中文,按条件赛规则生成,
maiden-turf-3-5-late-hakodate-1200-4,函馆草地1200m未胜利战,函馆草地1200m未胜利战,Hakodate Turf 1200m Maiden,未胜利,maiden,日本,草地,函馆,1200,5,2,三岁春,3岁,,现有中文,按条件赛规则生成,
maiden-turf-3-5-late-hanshin-2000-2,阪神草地2000m未胜利战,阪神草地2000m未胜利战,Hanshin Turf 2000m Maiden,未胜利,maiden,日本,草地,阪神,2000,5,2,三岁春,3岁,,现有中文,按条件赛规则生成,
maiden-turf-3-5-late-kyoto-1600-1,京都草地1600m未胜利战,京都草地1600m未胜利战,Kyoto Turf 1600m Maiden,未胜利,maiden,日本,草地,京都,1600,5,2,三岁春,3岁,,现有中文,按条件赛规则生成,
tokyo-yushun,日本德比,日本德比,Tokyo Yushun,G1,g1,日本,草地,东京,2400,5,2,三岁春,3岁,,现有中文,自译/规范名待核对,
yushun-himba,优骏牝马,优骏牝马,Yushun Himba,G1,g1,日本,草地,东京,2400,5,2,三岁春,3岁,牝马,现有中文,自译/规范名待核对,
meguro-kinen,目黑记念,目黑记念,Meguro Kinen,G2,g2,日本,草地,东京,2500,5,2,四岁春,4岁以上,,现有中文,由ID自动生成待核对,
aoi-stakes,葵S,葵锦标,Aoi Stakes,G3,g3,日本,草地,京都,1200,5,2,三岁春,3岁,,自动规范化待核对,由ID自动生成待核对,
heian-stakes,平安S,平安锦标,Heian Stakes,G3,g3,日本,泥地,京都,1900,5,2,四岁春,4岁以上,,自动规范化待核对,由ID自动生成待核对,
empress-hai,雌马杯,雌马杯,Empress Hai,JpnII,jpn2,日本,泥地,川崎,2100,5,2,四岁春,4岁以上,牝马,现有中文,由ID自动生成待核对,
hosu-stakes,鳳雛S,鳳雛锦标,Hosu Stakes,L,op,日本,泥地,京都,1800,5,2,三岁春,3岁,,自动规范化待核对,由ID自动生成待核对,
shirayuri-stakes,白百合S,白百合锦标,Shirayuri Stakes,L,op,日本,草地,京都,1800,5,2,三岁春,3岁,,自动规范化待核对,由ID自动生成待核对,
seiryu-stakes,青竜S,青龙锦标,Seiryu Stakes,OP,op,日本,泥地,东京,1600,5,2,三岁春,3岁,,自动规范化待核对,由ID自动生成待核对,
one-win-dirt-3-6-early-nakayama-1400-6,中山泥地1400m一胜战,中山泥地1400m一胜战,Nakayama Dirt 1400m One-Win Class,1胜,one-win,日本,泥地,中山,1400,6,1,三岁夏,3岁,,现有中文,按条件赛规则生成,
one-win-dirt-3-6-early-niigata-1700-7,新潟泥地1700m一胜战,新潟泥地1700m一胜战,Niigata Dirt 1700m One-Win Class,1胜,one-win,日本,泥地,新潟,1700,6,1,三岁夏,3岁,,现有中文,按条件赛规则生成,
one-win-dirt-3-6-early-tokyo-1900-5,东京泥地1900m一胜战,东京泥地1900m一胜战,Tokyo Dirt 1900m One-Win Class,1胜,one-win,日本,泥地,东京,1900,6,1,三岁夏,3岁,,现有中文,按条件赛规则生成,
one-win-dirt-4-6-early-nakayama-1800-6,中山泥地1800m一胜战,中山泥地1800m一胜战,Nakayama Dirt 1800m One-Win Class,1胜,one-win,日本,泥地,中山,1800,6,1,四岁夏,4岁,,现有中文,按条件赛规则生成,
one-win-dirt-4-6-early-niigata-2100-7,新潟泥地2100m一胜战,新潟泥地2100m一胜战,Niigata Dirt 2100m One-Win Class,1胜,one-win,日本,泥地,新潟,2100,6,1,四岁夏,4岁,,现有中文,按条件赛规则生成,
one-win-dirt-4-6-early-tokyo-1600-5,东京泥地1600m一胜战,东京泥地1600m一胜战,Tokyo Dirt 1600m One-Win Class,1胜,one-win,日本,泥地,东京,1600,6,1,四岁夏,4岁,,现有中文,按条件赛规则生成,
one-win-turf-3-6-early-hakodate-1400-4,函馆草地1400m一胜战,函馆草地1400m一胜战,Hakodate Turf 1400m One-Win Class,1胜,one-win,日本,草地,函馆,1400,6,1,三岁夏,3岁,,现有中文,按条件赛规则生成,
one-win-turf-3-6-early-nakayama-2000-2,中山草地2000m一胜战,中山草地2000m一胜战,Nakayama Turf 2000m One-Win Class,1胜,one-win,日本,草地,中山,2000,6,1,三岁夏,3岁,,现有中文,按条件赛规则生成,
one-win-turf-3-6-early-niigata-2400-3,新潟草地2400m一胜战,新潟草地2400m一胜战,Niigata Turf 2400m One-Win Class,1胜,one-win,日本,草地,新潟,2400,6,1,三岁夏,3岁,,现有中文,按条件赛规则生成,
one-win-turf-3-6-early-tokyo-1600-1,东京草地1600m一胜战,东京草地1600m一胜战,Tokyo Turf 1600m One-Win Class,1胜,one-win,日本,草地,东京,1600,6,1,三岁夏,3岁,,现有中文,按条件赛规则生成,
one-win-turf-4-6-early-hakodate-2200-4,函馆草地2200m一胜战,函馆草地2200m一胜战,Hakodate Turf 2200m One-Win Class,1胜,one-win,日本,草地,函馆,2200,6,1,四岁夏,4岁,,现有中文,按条件赛规则生成,
one-win-turf-4-6-early-nakayama-1400-2,中山草地1400m一胜战,中山草地1400m一胜战,Nakayama Turf 1400m One-Win Class,1胜,one-win,日本,草地,中山,1400,6,1,四岁夏,4岁,,现有中文,按条件赛规则生成,
one-win-turf-4-6-early-niigata-1800-3,新潟草地1800m一胜战,新潟草地1800m一胜战,Niigata Turf 1800m One-Win Class,1胜,one-win,日本,草地,新潟,1800,6,1,四岁夏,4岁,,现有中文,按条件赛规则生成,
one-win-turf-4-6-early-tokyo-2600-1,东京草地2600m一胜战,东京草地2600m一胜战,Tokyo Turf 2600m One-Win Class,1胜,one-win,日本,草地,东京,2600,6,1,四岁夏,4岁,,现有中文,按条件赛规则生成,
two-win-dirt-3-6-early-hakodate-1700-6,函馆泥地1700m二胜战,函馆泥地1700m二胜战,Hakodate Dirt 1700m Two-Win Class,2胜,two-win,日本,泥地,函馆,1700,6,1,三岁夏,3岁,,现有中文,按条件赛规则生成,
two-win-dirt-3-6-early-nakayama-1400-5,中山泥地1400m二胜战,中山泥地1400m二胜战,Nakayama Dirt 1400m Two-Win Class,2胜,two-win,日本,泥地,中山,1400,6,1,三岁夏,3岁,,现有中文,按条件赛规则生成,
two-win-dirt-3-6-early-tokyo-1900-4,东京泥地1900m二胜战,东京泥地1900m二胜战,Tokyo Dirt 1900m Two-Win Class,2胜,two-win,日本,泥地,东京,1900,6,1,三岁夏,3岁,,现有中文,按条件赛规则生成,
two-win-dirt-4-6-early-hakodate-1800-6,函馆泥地1800m二胜战,函馆泥地1800m二胜战,Hakodate Dirt 1800m Two-Win Class,2胜,two-win,日本,泥地,函馆,1800,6,1,四岁夏,4岁,,现有中文,按条件赛规则生成,
two-win-dirt-4-6-early-nakayama-1600-5,中山泥地1600m二胜战,中山泥地1600m二胜战,Nakayama Dirt 1600m Two-Win Class,2胜,two-win,日本,泥地,中山,1600,6,1,四岁夏,4岁,,现有中文,按条件赛规则生成,
two-win-dirt-4-6-early-tokyo-1200-4,东京泥地1200m二胜战,东京泥地1200m二胜战,Tokyo Dirt 1200m Two-Win Class,2胜,two-win,日本,泥地,东京,1200,6,1,四岁夏,4岁,,现有中文,按条件赛规则生成,
two-win-dirt-5-6-early-hakodate-1900-6,函馆泥地1900m二胜战,函馆泥地1900m二胜战,Hakodate Dirt 1900m Two-Win Class,2胜,two-win,日本,泥地,函馆,1900,6,1,五岁夏,5岁,,现有中文,按条件赛规则生成,
two-win-dirt-5-6-early-nakayama-1700-5,中山泥地1700m二胜战,中山泥地1700m二胜战,Nakayama Dirt 1700m Two-Win Class,2胜,two-win,日本,泥地,中山,1700,6,1,五岁夏,5岁,,现有中文,按条件赛规则生成,
two-win-dirt-5-6-early-tokyo-1400-4,东京泥地1400m二胜战,东京泥地1400m二胜战,Tokyo Dirt 1400m Two-Win Class,2胜,two-win,日本,泥地,东京,1400,6,1,五岁夏,5岁,,现有中文,按条件赛规则生成,
two-win-turf-3-6-early-nakayama-2400-2,中山草地2400m二胜战,中山草地2400m二胜战,Nakayama Turf 2400m Two-Win Class,2胜,two-win,日本,草地,中山,2400,6,1,三岁夏,3岁,,现有中文,按条件赛规则生成,
two-win-turf-3-6-early-niigata-1200-3,新潟草地1200m二胜战,新潟草地1200m二胜战,Niigata Turf 1200m Two-Win Class,2胜,two-win,日本,草地,新潟,1200,6,1,三岁夏,3岁,,现有中文,按条件赛规则生成,
two-win-turf-3-6-early-tokyo-2000-1,东京草地2000m二胜战,东京草地2000m二胜战,Tokyo Turf 2000m Two-Win Class,2胜,two-win,日本,草地,东京,2000,6,1,三岁夏,3岁,,现有中文,按条件赛规则生成,
two-win-turf-4-6-early-nakayama-1400-2,中山草地1400m二胜战,中山草地1400m二胜战,Nakayama Turf 1400m Two-Win Class,2胜,two-win,日本,草地,中山,1400,6,1,四岁夏,4岁,,现有中文,按条件赛规则生成,
two-win-turf-4-6-early-niigata-2000-3,新潟草地2000m二胜战,新潟草地2000m二胜战,Niigata Turf 2000m Two-Win Class,2胜,two-win,日本,草地,新潟,2000,6,1,四岁夏,4岁,,现有中文,按条件赛规则生成,
two-win-turf-4-6-early-tokyo-2600-1,东京草地2600m二胜战,东京草地2600m二胜战,Tokyo Turf 2600m Two-Win Class,2胜,two-win,日本,草地,东京,2600,6,1,四岁夏,4岁,,现有中文,按条件赛规则生成,
two-win-turf-5-6-early-nakayama-2200-2,中山草地2200m二胜战,中山草地2200m二胜战,Nakayama Turf 2200m Two-Win Class,2胜,two-win,日本,草地,中山,2200,6,1,五岁夏,5岁,,现有中文,按条件赛规则生成,
two-win-turf-5-6-early-niigata-2600-3,新潟草地2600m二胜战,新潟草地2600m二胜战,Niigata Turf 2600m Two-Win Class,2胜,two-win,日本,草地,新潟,2600,6,1,五岁夏,5岁,,现有中文,按条件赛规则生成,
two-win-turf-5-6-early-tokyo-1800-1,东京草地1800m二胜战,东京草地1800m二胜战,Tokyo Turf 1800m Two-Win Class,2胜,two-win,日本,草地,东京,1800,6,1,五岁夏,5岁,,现有中文,按条件赛规则生成,
three-win-dirt-3-6-early-hakodate-1700-4,函馆泥地1700m三胜战,函馆泥地1700m三胜战,Hakodate Dirt 1700m Three-Win Class,3胜,three-win,日本,泥地,函馆,1700,6,1,三岁夏,3岁,,现有中文,按条件赛规则生成,
three-win-dirt-3-6-early-nakayama-1200-3,中山泥地1200m三胜战,中山泥地1200m三胜战,Nakayama Dirt 1200m Three-Win Class,3胜,three-win,日本,泥地,中山,1200,6,1,三岁夏,3岁,,现有中文,按条件赛规则生成,
three-win-dirt-4-6-early-hakodate-1800-4,函馆泥地1800m三胜战,函馆泥地1800m三胜战,Hakodate Dirt 1800m Three-Win Class,3胜,three-win,日本,泥地,函馆,1800,6,1,四岁夏,4岁,,现有中文,按条件赛规则生成,
three-win-dirt-4-6-early-nakayama-1400-3,中山泥地1400m三胜战,中山泥地1400m三胜战,Nakayama Dirt 1400m Three-Win Class,3胜,three-win,日本,泥地,中山,1400,6,1,四岁夏,4岁,,现有中文,按条件赛规则生成,
three-win-dirt-5-6-early-hakodate-1900-4,函馆泥地1900m三胜战,函馆泥地1900m三胜战,Hakodate Dirt 1900m Three-Win Class,3胜,three-win,日本,泥地,函馆,1900,6,1,五岁夏,5岁,,现有中文,按条件赛规则生成,
three-win-dirt-5-6-early-nakayama-1600-3,中山泥地1600m三胜战,中山泥地1600m三胜战,Nakayama Dirt 1600m Three-Win Class,3胜,three-win,日本,泥地,中山,1600,6,1,五岁夏,5岁,,现有中文,按条件赛规则生成,
three-win-turf-3-6-early-niigata-2400-2,新潟草地2400m三胜战,新潟草地2400m三胜战,Niigata Turf 2400m Three-Win Class,3胜,three-win,日本,草地,新潟,2400,6,1,三岁夏,3岁,,现有中文,按条件赛规则生成,
three-win-turf-3-6-early-tokyo-1800-1,东京草地1800m三胜战,东京草地1800m三胜战,Tokyo Turf 1800m Three-Win Class,3胜,three-win,日本,草地,东京,1800,6,1,三岁夏,3岁,,现有中文,按条件赛规则生成,
three-win-turf-4-6-early-niigata-2200-2,新潟草地2200m三胜战,新潟草地2200m三胜战,Niigata Turf 2200m Three-Win Class,3胜,three-win,日本,草地,新潟,2200,6,1,四岁夏,4岁,,现有中文,按条件赛规则生成,
three-win-turf-4-6-early-tokyo-1600-1,东京草地1600m三胜战,东京草地1600m三胜战,Tokyo Turf 1600m Three-Win Class,3胜,three-win,日本,草地,东京,1600,6,1,四岁夏,4岁,,现有中文,按条件赛规则生成,
three-win-turf-5-6-early-niigata-2000-2,新潟草地2000m三胜战,新潟草地2000m三胜战,Niigata Turf 2000m Three-Win Class,3胜,three-win,日本,草地,新潟,2000,6,1,五岁夏,5岁,,现有中文,按条件赛规则生成,
three-win-turf-5-6-early-tokyo-1400-1,东京草地1400m三胜战,东京草地1400m三胜战,Tokyo Turf 1400m Three-Win Class,3胜,three-win,日本,草地,东京,1400,6,1,五岁夏,5岁,,现有中文,按条件赛规则生成,
maiden-dirt-3-6-early-hakodate-1400-2,函馆泥地1400m未胜利战,函馆泥地1400m未胜利战,Hakodate Dirt 1400m Maiden,未胜利,maiden,日本,泥地,函馆,1400,6,1,三岁夏,3岁,,现有中文,按条件赛规则生成,
maiden-dirt-3-6-early-nakayama-1800-4,中山泥地1800m未胜利战,中山泥地1800m未胜利战,Nakayama Dirt 1800m Maiden,未胜利,maiden,日本,泥地,中山,1800,6,1,三岁夏,3岁,,现有中文,按条件赛规则生成,
maiden-dirt-3-6-early-niigata-1200-1,新潟泥地1200m未胜利战,新潟泥地1200m未胜利战,Niigata Dirt 1200m Maiden,未胜利,maiden,日本,泥地,新潟,1200,6,1,三岁夏,3岁,,现有中文,按条件赛规则生成,
maiden-dirt-3-6-early-tokyo-1400-3,东京泥地1400m未胜利战,东京泥地1400m未胜利战,Tokyo Dirt 1400m Maiden,未胜利,maiden,日本,泥地,东京,1400,6,1,三岁夏,3岁,,现有中文,按条件赛规则生成,
maiden-turf-3-6-early-hakodate-1400-4,函馆草地1400m未胜利战,函馆草地1400m未胜利战,Hakodate Turf 1400m Maiden,未胜利,maiden,日本,草地,函馆,1400,6,1,三岁夏,3岁,,现有中文,按条件赛规则生成,
maiden-turf-3-6-early-nakayama-1000-2,中山草地1000m未胜利战,中山草地1000m未胜利战,Nakayama Turf 1000m Maiden,未胜利,maiden,日本,草地,中山,1000,6,1,三岁夏,3岁,,现有中文,按条件赛规则生成,
maiden-turf-3-6-early-niigata-1200-3,新潟草地1200m未胜利战,新潟草地1200m未胜利战,Niigata Turf 1200m Maiden,未胜利,maiden,日本,草地,新潟,1200,6,1,三岁夏,3岁,,现有中文,按条件赛规则生成,
maiden-turf-3-6-early-tokyo-1800-1,东京草地1800m未胜利战,东京草地1800m未胜利战,Tokyo Turf 1800m Maiden,未胜利,maiden,日本,草地,东京,1800,6,1,三岁夏,3岁,,现有中文,按条件赛规则生成,
new-dirt-2-6-early-hakodate-1400-2,函馆泥地1400m新马战,函馆泥地1400m新马战,Hakodate Dirt 1400m Newcomer,新马,new,日本,泥地,函馆,1400,6,1,二岁夏,2岁,,现有中文,按条件赛规则生成,
new-dirt-2-6-early-niigata-1200-1,新潟泥地1200m新马战,新潟泥地1200m新马战,Niigata Dirt 1200m Newcomer,新马,new,日本,泥地,新潟,1200,6,1,二岁夏,2岁,,现有中文,按条件赛规则生成,
new-turf-2-6-early-hakodate-1400-4,函馆草地1400m新马战,函馆草地1400m新马战,Hakodate Turf 1400m Newcomer,新马,new,日本,草地,函馆,1400,6,1,二岁夏,2岁,,现有中文,按条件赛规则生成,
new-turf-2-6-early-nakayama-1000-2,中山草地1000m新马战,中山草地1000m新马战,Nakayama Turf 1000m Newcomer,新马,new,日本,草地,中山,1000,6,1,二岁夏,2岁,,现有中文,按条件赛规则生成,
new-turf-2-6-early-niigata-1200-3,新潟草地1200m新马战,新潟草地1200m新马战,Niigata Turf 1200m Newcomer,新马,new,日本,草地,新潟,1200,6,1,二岁夏,2岁,,现有中文,按条件赛规则生成,
new-turf-2-6-early-tokyo-1800-1,东京草地1800m新马战,东京草地1800m新马战,Tokyo Turf 1800m Newcomer,新马,new,日本,草地,东京,1800,6,1,二岁夏,2岁,,现有中文,按条件赛规则生成,
yasuda-kinen,安田纪念,安田纪念,Yasuda Kinen,G1,g1,日本,草地,东京,1600,6,1,三岁夏,3岁以上,,现有中文,由ID自动生成待核对,
epsom-cup,Epsom C,叶森杯,Epsom C,G3,g3,日本,草地,东京,1800,6,1,三岁夏,3岁以上,,自译待核对,现有英文,
hakodate-sprint-stakes,函馆短途S,函馆短途锦标,Hakodate Sprint Stakes,G3,g3,日本,草地,函馆,1200,6,1,三岁夏,3岁以上,,自动规范化待核对,由ID自动生成待核对,
sakitama-hai,埼玉杯,埼玉杯,Sakitama Hai,JpnI,jpn1,日本,泥地,浦和,1400,6,1,三岁夏,3岁以上,,现有中文,由ID自动生成待核对,
tokyo-derby,东京德比,东京德比,Tokyo Derby,JpnI,jpn1,日本,泥地,大井,2000,6,1,三岁夏,3岁,,现有中文,由ID自动生成待核对,
kanto-oaks,关东橡树大赛,关东橡树大赛,Kanto Oaks,JpnII,jpn2,日本,泥地,川崎,2100,6,1,三岁夏,3岁,牝马,现有中文,由ID自动生成待核对,
one-win-dirt-3-6-late-chukyo-1800-7,中京泥地1800m一胜战,中京泥地1800m一胜战,Chukyo Dirt 1800m One-Win Class,1胜,one-win,日本,泥地,中京,1800,6,2,三岁夏,3岁,,现有中文,按条件赛规则生成,
one-win-dirt-3-6-late-hanshin-1600-6,阪神泥地1600m一胜战,阪神泥地1600m一胜战,Hanshin Dirt 1600m One-Win Class,1胜,one-win,日本,泥地,阪神,1600,6,2,三岁夏,3岁,,现有中文,按条件赛规则生成,
one-win-dirt-3-6-late-kyoto-1200-5,京都泥地1200m一胜战,京都泥地1200m一胜战,Kyoto Dirt 1200m One-Win Class,1胜,one-win,日本,泥地,京都,1200,6,2,三岁夏,3岁,,现有中文,按条件赛规则生成,
one-win-dirt-4-6-late-chukyo-1200-7,中京泥地1200m一胜战,中京泥地1200m一胜战,Chukyo Dirt 1200m One-Win Class,1胜,one-win,日本,泥地,中京,1200,6,2,四岁夏,4岁,,现有中文,按条件赛规则生成,
one-win-dirt-4-6-late-hanshin-1900-6,阪神泥地1900m一胜战,阪神泥地1900m一胜战,Hanshin Dirt 1900m One-Win Class,1胜,one-win,日本,泥地,阪神,1900,6,2,四岁夏,4岁,,现有中文,按条件赛规则生成,
one-win-dirt-4-6-late-kyoto-1700-5,京都泥地1700m一胜战,京都泥地1700m一胜战,Kyoto Dirt 1700m One-Win Class,1胜,one-win,日本,泥地,京都,1700,6,2,四岁夏,4岁,,现有中文,按条件赛规则生成,
one-win-turf-3-6-late-chukyo-1200-3,中京草地1200m一胜战,中京草地1200m一胜战,Chukyo Turf 1200m One-Win Class,1胜,one-win,日本,草地,中京,1200,6,2,三岁夏,3岁,,现有中文,按条件赛规则生成,
one-win-turf-3-6-late-hakodate-1600-4,函馆草地1600m一胜战,函馆草地1600m一胜战,Hakodate Turf 1600m One-Win Class,1胜,one-win,日本,草地,函馆,1600,6,2,三岁夏,3岁,,现有中文,按条件赛规则生成,
one-win-turf-3-6-late-hanshin-2200-2,阪神草地2200m一胜战,阪神草地2200m一胜战,Hanshin Turf 2200m One-Win Class,1胜,one-win,日本,草地,阪神,2200,6,2,三岁夏,3岁,,现有中文,按条件赛规则生成,
one-win-turf-3-6-late-kyoto-1800-1,京都草地1800m一胜战,京都草地1800m一胜战,Kyoto Turf 1800m One-Win Class,1胜,one-win,日本,草地,京都,1800,6,2,三岁夏,3岁,,现有中文,按条件赛规则生成,
one-win-turf-4-6-late-chukyo-2000-3,中京草地2000m一胜战,中京草地2000m一胜战,Chukyo Turf 2000m One-Win Class,1胜,one-win,日本,草地,中京,2000,6,2,四岁夏,4岁,,现有中文,按条件赛规则生成,
one-win-turf-4-6-late-hakodate-2400-4,函馆草地2400m一胜战,函馆草地2400m一胜战,Hakodate Turf 2400m One-Win Class,1胜,one-win,日本,草地,函馆,2400,6,2,四岁夏,4岁,,现有中文,按条件赛规则生成,
one-win-turf-4-6-late-hanshin-1600-2,阪神草地1600m一胜战,阪神草地1600m一胜战,Hanshin Turf 1600m One-Win Class,1胜,one-win,日本,草地,阪神,1600,6,2,四岁夏,4岁,,现有中文,按条件赛规则生成,
one-win-turf-4-6-late-kyoto-1200-1,京都草地1200m一胜战,京都草地1200m一胜战,Kyoto Turf 1200m One-Win Class,1胜,one-win,日本,草地,京都,1200,6,2,四岁夏,4岁,,现有中文,按条件赛规则生成,
two-win-dirt-3-6-late-hakodate-1800-6,函馆泥地1800m二胜战,函馆泥地1800m二胜战,Hakodate Dirt 1800m Two-Win Class,2胜,two-win,日本,泥地,函馆,1800,6,2,三岁夏,3岁,,现有中文,按条件赛规则生成,
two-win-dirt-3-6-late-hanshin-1600-5,阪神泥地1600m二胜战,阪神泥地1600m二胜战,Hanshin Dirt 1600m Two-Win Class,2胜,two-win,日本,泥地,阪神,1600,6,2,三岁夏,3岁,,现有中文,按条件赛规则生成,
two-win-dirt-3-6-late-kyoto-1200-4,京都泥地1200m二胜战,京都泥地1200m二胜战,Kyoto Dirt 1200m Two-Win Class,2胜,two-win,日本,泥地,京都,1200,6,2,三岁夏,3岁,,现有中文,按条件赛规则生成,
two-win-dirt-4-6-late-hakodate-1900-6,函馆泥地1900m二胜战,函馆泥地1900m二胜战,Hakodate Dirt 1900m Two-Win Class,2胜,two-win,日本,泥地,函馆,1900,6,2,四岁夏,4岁,,现有中文,按条件赛规则生成,
two-win-dirt-4-6-late-hanshin-1700-5,阪神泥地1700m二胜战,阪神泥地1700m二胜战,Hanshin Dirt 1700m Two-Win Class,2胜,two-win,日本,泥地,阪神,1700,6,2,四岁夏,4岁,,现有中文,按条件赛规则生成,
two-win-dirt-4-6-late-kyoto-1400-4,京都泥地1400m二胜战,京都泥地1400m二胜战,Kyoto Dirt 1400m Two-Win Class,2胜,two-win,日本,泥地,京都,1400,6,2,四岁夏,4岁,,现有中文,按条件赛规则生成,
two-win-dirt-5-6-late-hakodate-1200-6,函馆泥地1200m二胜战,函馆泥地1200m二胜战,Hakodate Dirt 1200m Two-Win Class,2胜,two-win,日本,泥地,函馆,1200,6,2,五岁夏,5岁,,现有中文,按条件赛规则生成,
two-win-dirt-5-6-late-hanshin-1800-5,阪神泥地1800m二胜战,阪神泥地1800m二胜战,Hanshin Dirt 1800m Two-Win Class,2胜,two-win,日本,泥地,阪神,1800,6,2,五岁夏,5岁,,现有中文,按条件赛规则生成,
two-win-dirt-5-6-late-kyoto-1600-4,京都泥地1600m二胜战,京都泥地1600m二胜战,Kyoto Dirt 1600m Two-Win Class,2胜,two-win,日本,泥地,京都,1600,6,2,五岁夏,5岁,,现有中文,按条件赛规则生成,
two-win-turf-3-6-late-chukyo-1400-3,中京草地1400m二胜战,中京草地1400m二胜战,Chukyo Turf 1400m Two-Win Class,2胜,two-win,日本,草地,中京,1400,6,2,三岁夏,3岁,,现有中文,按条件赛规则生成,
two-win-turf-3-6-late-hanshin-2500-2,阪神草地2500m二胜战,阪神草地2500m二胜战,Hanshin Turf 2500m Two-Win Class,2胜,two-win,日本,草地,阪神,2500,6,2,三岁夏,3岁,,现有中文,按条件赛规则生成,
two-win-turf-3-6-late-kyoto-2200-1,京都草地2200m二胜战,京都草地2200m二胜战,Kyoto Turf 2200m Two-Win Class,2胜,two-win,日本,草地,京都,2200,6,2,三岁夏,3岁,,现有中文,按条件赛规则生成,
two-win-turf-4-6-late-chukyo-2200-3,中京草地2200m二胜战,中京草地2200m二胜战,Chukyo Turf 2200m Two-Win Class,2胜,two-win,日本,草地,中京,2200,6,2,四岁夏,4岁,,现有中文,按条件赛规则生成,
two-win-turf-4-6-late-hanshin-1600-2,阪神草地1600m二胜战,阪神草地1600m二胜战,Hanshin Turf 1600m Two-Win Class,2胜,two-win,日本,草地,阪神,1600,6,2,四岁夏,4岁,,现有中文,按条件赛规则生成,
two-win-turf-4-6-late-kyoto-1200-1,京都草地1200m二胜战,京都草地1200m二胜战,Kyoto Turf 1200m Two-Win Class,2胜,two-win,日本,草地,京都,1200,6,2,四岁夏,4岁,,现有中文,按条件赛规则生成,
two-win-turf-5-6-late-chukyo-1200-3,中京草地1200m二胜战,中京草地1200m二胜战,Chukyo Turf 1200m Two-Win Class,2胜,two-win,日本,草地,中京,1200,6,2,五岁夏,5岁,,现有中文,按条件赛规则生成,
two-win-turf-5-6-late-hanshin-2400-2,阪神草地2400m二胜战,阪神草地2400m二胜战,Hanshin Turf 2400m Two-Win Class,2胜,two-win,日本,草地,阪神,2400,6,2,五岁夏,5岁,,现有中文,按条件赛规则生成,
two-win-turf-5-6-late-kyoto-2000-1,京都草地2000m二胜战,京都草地2000m二胜战,Kyoto Turf 2000m Two-Win Class,2胜,two-win,日本,草地,京都,2000,6,2,五岁夏,5岁,,现有中文,按条件赛规则生成,
three-win-dirt-3-6-late-hakodate-1800-4,函馆泥地1800m三胜战,函馆泥地1800m三胜战,Hakodate Dirt 1800m Three-Win Class,3胜,three-win,日本,泥地,函馆,1800,6,2,三岁夏,3岁,,现有中文,按条件赛规则生成,
three-win-dirt-3-6-late-hanshin-1400-3,阪神泥地1400m三胜战,阪神泥地1400m三胜战,Hanshin Dirt 1400m Three-Win Class,3胜,three-win,日本,泥地,阪神,1400,6,2,三岁夏,3岁,,现有中文,按条件赛规则生成,
three-win-dirt-4-6-late-hakodate-1900-4,函馆泥地1900m三胜战,函馆泥地1900m三胜战,Hakodate Dirt 1900m Three-Win Class,3胜,three-win,日本,泥地,函馆,1900,6,2,四岁夏,4岁,,现有中文,按条件赛规则生成,
three-win-dirt-4-6-late-hanshin-1600-3,阪神泥地1600m三胜战,阪神泥地1600m三胜战,Hanshin Dirt 1600m Three-Win Class,3胜,three-win,日本,泥地,阪神,1600,6,2,四岁夏,4岁,,现有中文,按条件赛规则生成,
three-win-dirt-5-6-late-hakodate-1200-4,函馆泥地1200m三胜战,函馆泥地1200m三胜战,Hakodate Dirt 1200m Three-Win Class,3胜,three-win,日本,泥地,函馆,1200,6,2,五岁夏,5岁,,现有中文,按条件赛规则生成,
three-win-dirt-5-6-late-hanshin-1700-3,阪神泥地1700m三胜战,阪神泥地1700m三胜战,Hanshin Dirt 1700m Three-Win Class,3胜,three-win,日本,泥地,阪神,1700,6,2,五岁夏,5岁,,现有中文,按条件赛规则生成,
three-win-turf-3-6-late-chukyo-1200-2,中京草地1200m三胜战,中京草地1200m三胜战,Chukyo Turf 1200m Three-Win Class,3胜,three-win,日本,草地,中京,1200,6,2,三岁夏,3岁,,现有中文,按条件赛规则生成,
three-win-turf-3-6-late-kyoto-2000-1,京都草地2000m三胜战,京都草地2000m三胜战,Kyoto Turf 2000m Three-Win Class,3胜,three-win,日本,草地,京都,2000,6,2,三岁夏,3岁,,现有中文,按条件赛规则生成,
three-win-turf-4-6-late-chukyo-2400-2,中京草地2400m三胜战,中京草地2400m三胜战,Chukyo Turf 2400m Three-Win Class,3胜,three-win,日本,草地,中京,2400,6,2,四岁夏,4岁,,现有中文,按条件赛规则生成,
three-win-turf-4-6-late-kyoto-1800-1,京都草地1800m三胜战,京都草地1800m三胜战,Kyoto Turf 1800m Three-Win Class,3胜,three-win,日本,草地,京都,1800,6,2,四岁夏,4岁,,现有中文,按条件赛规则生成,
three-win-turf-5-6-late-chukyo-2200-2,中京草地2200m三胜战,中京草地2200m三胜战,Chukyo Turf 2200m Three-Win Class,3胜,three-win,日本,草地,中京,2200,6,2,五岁夏,5岁,,现有中文,按条件赛规则生成,
three-win-turf-5-6-late-kyoto-1600-1,京都草地1600m三胜战,京都草地1600m三胜战,Kyoto Turf 1600m Three-Win Class,3胜,three-win,日本,草地,京都,1600,6,2,五岁夏,5岁,,现有中文,按条件赛规则生成,
maiden-dirt-3-6-late-chukyo-1400-1,中京泥地1400m未胜利战,中京泥地1400m未胜利战,Chukyo Dirt 1400m Maiden,未胜利,maiden,日本,泥地,中京,1400,6,2,三岁夏,3岁,,现有中文,按条件赛规则生成,
maiden-dirt-3-6-late-hakodate-1000-2,函馆泥地1000m未胜利战,函馆泥地1000m未胜利战,Hakodate Dirt 1000m Maiden,未胜利,maiden,日本,泥地,函馆,1000,6,2,三岁夏,3岁,,现有中文,按条件赛规则生成,
maiden-dirt-3-6-late-hanshin-1200-4,阪神泥地1200m未胜利战,阪神泥地1200m未胜利战,Hanshin Dirt 1200m Maiden,未胜利,maiden,日本,泥地,阪神,1200,6,2,三岁夏,3岁,,现有中文,按条件赛规则生成,
maiden-dirt-3-6-late-kyoto-1600-3,京都泥地1600m未胜利战,京都泥地1600m未胜利战,Kyoto Dirt 1600m Maiden,未胜利,maiden,日本,泥地,京都,1600,6,2,三岁夏,3岁,,现有中文,按条件赛规则生成,
maiden-turf-3-6-late-chukyo-1400-3,中京草地1400m未胜利战,中京草地1400m未胜利战,Chukyo Turf 1400m Maiden,未胜利,maiden,日本,草地,中京,1400,6,2,三岁夏,3岁,,现有中文,按条件赛规则生成,
maiden-turf-3-6-late-hakodate-1000-4,函馆草地1000m未胜利战,函馆草地1000m未胜利战,Hakodate Turf 1000m Maiden,未胜利,maiden,日本,草地,函馆,1000,6,2,三岁夏,3岁,,现有中文,按条件赛规则生成,
maiden-turf-3-6-late-hanshin-1200-2,阪神草地1200m未胜利战,阪神草地1200m未胜利战,Hanshin Turf 1200m Maiden,未胜利,maiden,日本,草地,阪神,1200,6,2,三岁夏,3岁,,现有中文,按条件赛规则生成,
maiden-turf-3-6-late-kyoto-2000-1,京都草地2000m未胜利战,京都草地2000m未胜利战,Kyoto Turf 2000m Maiden,未胜利,maiden,日本,草地,京都,2000,6,2,三岁夏,3岁,,现有中文,按条件赛规则生成,
new-dirt-2-6-late-chukyo-1400-1,中京泥地1400m新马战,中京泥地1400m新马战,Chukyo Dirt 1400m Newcomer,新马,new,日本,泥地,中京,1400,6,2,二岁夏,2岁,,现有中文,按条件赛规则生成,
new-dirt-2-6-late-hakodate-1000-2,函馆泥地1000m新马战,函馆泥地1000m新马战,Hakodate Dirt 1000m Newcomer,新马,new,日本,泥地,函馆,1000,6,2,二岁夏,2岁,,现有中文,按条件赛规则生成,
new-turf-2-6-late-chukyo-1400-3,中京草地1400m新马战,中京草地1400m新马战,Chukyo Turf 1400m Newcomer,新马,new,日本,草地,中京,1400,6,2,二岁夏,2岁,,现有中文,按条件赛规则生成,
new-turf-2-6-late-hakodate-1000-4,函馆草地1000m新马战,函馆草地1000m新马战,Hakodate Turf 1000m Newcomer,新马,new,日本,草地,函馆,1000,6,2,二岁夏,2岁,,现有中文,按条件赛规则生成,
new-turf-2-6-late-hanshin-1200-2,阪神草地1200m新马战,阪神草地1200m新马战,Hanshin Turf 1200m Newcomer,新马,new,日本,草地,阪神,1200,6,2,二岁夏,2岁,,现有中文,按条件赛规则生成,
new-turf-2-6-late-kyoto-2000-1,京都草地2000m新马战,京都草地2000m新马战,Kyoto Turf 2000m Newcomer,新马,new,日本,草地,京都,2000,6,2,二岁夏,2岁,,现有中文,按条件赛规则生成,
takarazuka-kinen,宝塚纪念,宝塚纪念,Takarazuka Kinen,G1,g1,日本,草地,阪神,2200,6,2,三岁夏,3岁以上,,现有中文,由ID自动生成待核对,
fuchu-himba-stakes,府中牝马S,府中牝马锦标,Fuchu Himba Stakes,G3,g3,日本,草地,东京,1800,6,2,三岁夏,3岁以上,牝马,自动规范化待核对,由ID自动生成待核对,
radio-nikkei-sho,Radio NIKKEI赏,日经电台赏,Radio NIKKEI Sho,G3,g3,日本,草地,福岛,1800,6,2,三岁夏,3岁,,自译待核对,自译/规范名待核对,
shirasagi-stakes,しらさぎS,白鹭锦标,Shirasagi Stakes,G3,g3,日本,草地,阪神,1600,6,2,三岁夏,3岁以上,,自译待核对,由ID自动生成待核对,
teio-sho,帝王赏,帝王赏,Teio Sho,JpnI,jpn1,日本,泥地,大井,2000,6,2,四岁夏,4岁以上,,现有中文,由ID自动生成待核对,
paradise-stakes,パラダイスS,天堂锦标,Paradise Stakes,L,op,日本,草地,东京,1400,6,2,三岁夏,3岁以上,,自译待核对,由ID自动生成待核对,
sannomiya-stakes,三宮S,三宮锦标,Sannomiya Stakes,OP,op,日本,泥地,阪神,1800,6,2,三岁夏,3岁以上,,自动规范化待核对,由ID自动生成待核对,
sleipnir-stakes,スレイプニルS,斯莱普尼尔锦标,Sleipnir Stakes,OP,op,日本,泥地,东京,2100,6,2,三岁夏,3岁以上,,自译待核对,由ID自动生成待核对,
one-win-dirt-2-7-early-hakodate-1600-7,函馆泥地1600m一胜战,函馆泥地1600m一胜战,Hakodate Dirt 1600m One-Win Class,1胜,one-win,日本,泥地,函馆,1600,7,1,二岁夏,2岁,,现有中文,按条件赛规则生成,
one-win-dirt-2-7-early-nakayama-1200-6,中山泥地1200m一胜战,中山泥地1200m一胜战,Nakayama Dirt 1200m One-Win Class,1胜,one-win,日本,泥地,中山,1200,7,1,二岁夏,2岁,,现有中文,按条件赛规则生成,
one-win-dirt-2-7-early-tokyo-1400-5,东京泥地1400m一胜战,东京泥地1400m一胜战,Tokyo Dirt 1400m One-Win Class,1胜,one-win,日本,泥地,东京,1400,7,1,二岁夏,2岁,,现有中文,按条件赛规则生成,
one-win-dirt-3-7-early-hakodate-1200-7,函馆泥地1200m一胜战,函馆泥地1200m一胜战,Hakodate Dirt 1200m One-Win Class,1胜,one-win,日本,泥地,函馆,1200,7,1,三岁夏,3岁,,现有中文,按条件赛规则生成,
one-win-dirt-3-7-early-nakayama-1800-6,中山泥地1800m一胜战,中山泥地1800m一胜战,Nakayama Dirt 1800m One-Win Class,1胜,one-win,日本,泥地,中山,1800,7,1,三岁夏,3岁,,现有中文,按条件赛规则生成,
one-win-dirt-3-7-early-tokyo-1600-5,东京泥地1600m一胜战,东京泥地1600m一胜战,Tokyo Dirt 1600m One-Win Class,1胜,one-win,日本,泥地,东京,1600,7,1,三岁夏,3岁,,现有中文,按条件赛规则生成,
one-win-turf-2-7-early-hakodate-1200-3,函馆草地1200m一胜战,函馆草地1200m一胜战,Hakodate Turf 1200m One-Win Class,1胜,one-win,日本,草地,函馆,1200,7,1,二岁夏,2岁,,现有中文,按条件赛规则生成,
one-win-turf-2-7-early-nakayama-1600-2,中山草地1600m一胜战,中山草地1600m一胜战,Nakayama Turf 1600m One-Win Class,1胜,one-win,日本,草地,中山,1600,7,1,二岁夏,2岁,,现有中文,按条件赛规则生成,
one-win-turf-2-7-early-sapporo-1600-4,札幌草地1600m一胜战,札幌草地1600m一胜战,Sapporo Turf 1600m One-Win Class,1胜,one-win,日本,草地,札幌,1600,7,1,二岁夏,2岁,,现有中文,按条件赛规则生成,
one-win-turf-2-7-early-tokyo-1200-1,东京草地1200m一胜战,东京草地1200m一胜战,Tokyo Turf 1200m One-Win Class,1胜,one-win,日本,草地,东京,1200,7,1,二岁夏,2岁,,现有中文,按条件赛规则生成,
one-win-turf-3-7-early-hakodate-1600-3,函馆草地1600m一胜战,函馆草地1600m一胜战,Hakodate Turf 1600m One-Win Class,1胜,one-win,日本,草地,函馆,1600,7,1,三岁夏,3岁,,现有中文,按条件赛规则生成,
one-win-turf-3-7-early-nakayama-1200-2,中山草地1200m一胜战,中山草地1200m一胜战,Nakayama Turf 1200m One-Win Class,1胜,one-win,日本,草地,中山,1200,7,1,三岁夏,3岁,,现有中文,按条件赛规则生成,
one-win-turf-3-7-early-sapporo-2000-4,札幌草地2000m一胜战,札幌草地2000m一胜战,Sapporo Turf 2000m One-Win Class,1胜,one-win,日本,草地,札幌,2000,7,1,三岁夏,3岁,,现有中文,按条件赛规则生成,
one-win-turf-3-7-early-tokyo-2200-1,东京草地2200m一胜战,东京草地2200m一胜战,Tokyo Turf 2200m One-Win Class,1胜,one-win,日本,草地,东京,2200,7,1,三岁夏,3岁,,现有中文,按条件赛规则生成,
two-win-dirt-3-7-early-nakayama-1800-5,中山泥地1800m二胜战,中山泥地1800m二胜战,Nakayama Dirt 1800m Two-Win Class,2胜,two-win,日本,泥地,中山,1800,7,1,三岁夏,3岁,,现有中文,按条件赛规则生成,
two-win-dirt-3-7-early-sapporo-1200-6,札幌泥地1200m二胜战,札幌泥地1200m二胜战,Sapporo Dirt 1200m Two-Win Class,2胜,two-win,日本,泥地,札幌,1200,7,1,三岁夏,3岁,,现有中文,按条件赛规则生成,
two-win-dirt-3-7-early-tokyo-1600-4,东京泥地1600m二胜战,东京泥地1600m二胜战,Tokyo Dirt 1600m Two-Win Class,2胜,two-win,日本,泥地,东京,1600,7,1,三岁夏,3岁,,现有中文,按条件赛规则生成,
two-win-dirt-4-7-early-nakayama-1900-5,中山泥地1900m二胜战,中山泥地1900m二胜战,Nakayama Dirt 1900m Two-Win Class,2胜,two-win,日本,泥地,中山,1900,7,1,四岁夏,4岁,,现有中文,按条件赛规则生成,
two-win-dirt-4-7-early-sapporo-1400-6,札幌泥地1400m二胜战,札幌泥地1400m二胜战,Sapporo Dirt 1400m Two-Win Class,2胜,two-win,日本,泥地,札幌,1400,7,1,四岁夏,4岁,,现有中文,按条件赛规则生成,
two-win-dirt-4-7-early-tokyo-1700-4,东京泥地1700m二胜战,东京泥地1700m二胜战,Tokyo Dirt 1700m Two-Win Class,2胜,two-win,日本,泥地,东京,1700,7,1,四岁夏,4岁,,现有中文,按条件赛规则生成,
two-win-dirt-5-7-early-nakayama-1200-5,中山泥地1200m二胜战,中山泥地1200m二胜战,Nakayama Dirt 1200m Two-Win Class,2胜,two-win,日本,泥地,中山,1200,7,1,五岁夏,5岁,,现有中文,按条件赛规则生成,
two-win-dirt-5-7-early-sapporo-1600-6,札幌泥地1600m二胜战,札幌泥地1600m二胜战,Sapporo Dirt 1600m Two-Win Class,2胜,two-win,日本,泥地,札幌,1600,7,1,五岁夏,5岁,,现有中文,按条件赛规则生成,
two-win-dirt-5-7-early-tokyo-1800-4,东京泥地1800m二胜战,东京泥地1800m二胜战,Tokyo Dirt 1800m Two-Win Class,2胜,two-win,日本,泥地,东京,1800,7,1,五岁夏,5岁,,现有中文,按条件赛规则生成,
two-win-turf-3-7-early-hakodate-1800-3,函馆草地1800m二胜战,函馆草地1800m二胜战,Hakodate Turf 1800m Two-Win Class,2胜,two-win,日本,草地,函馆,1800,7,1,三岁夏,3岁,,现有中文,按条件赛规则生成,
two-win-turf-3-7-early-nakayama-1200-2,中山草地1200m二胜战,中山草地1200m二胜战,Nakayama Turf 1200m Two-Win Class,2胜,two-win,日本,草地,中山,1200,7,1,三岁夏,3岁,,现有中文,按条件赛规则生成,
two-win-turf-3-7-early-tokyo-2200-1,东京草地2200m二胜战,东京草地2200m二胜战,Tokyo Turf 2200m Two-Win Class,2胜,two-win,日本,草地,东京,2200,7,1,三岁夏,3岁,,现有中文,按条件赛规则生成,
two-win-turf-4-7-early-hakodate-1600-3,函馆草地1600m二胜战,函馆草地1600m二胜战,Hakodate Turf 1600m Two-Win Class,2胜,two-win,日本,草地,函馆,1600,7,1,四岁夏,4岁,,现有中文,按条件赛规则生成,
two-win-turf-4-7-early-nakayama-2400-2,中山草地2400m二胜战,中山草地2400m二胜战,Nakayama Turf 2400m Two-Win Class,2胜,two-win,日本,草地,中山,2400,7,1,四岁夏,4岁,,现有中文,按条件赛规则生成,
two-win-turf-4-7-early-tokyo-2000-1,东京草地2000m二胜战,东京草地2000m二胜战,Tokyo Turf 2000m Two-Win Class,2胜,two-win,日本,草地,东京,2000,7,1,四岁夏,4岁,,现有中文,按条件赛规则生成,
two-win-turf-5-7-early-hakodate-1400-3,函馆草地1400m二胜战,函馆草地1400m二胜战,Hakodate Turf 1400m Two-Win Class,2胜,two-win,日本,草地,函馆,1400,7,1,五岁夏,5岁,,现有中文,按条件赛规则生成,
two-win-turf-5-7-early-nakayama-2200-2,中山草地2200m二胜战,中山草地2200m二胜战,Nakayama Turf 2200m Two-Win Class,2胜,two-win,日本,草地,中山,2200,7,1,五岁夏,5岁,,现有中文,按条件赛规则生成,
two-win-turf-5-7-early-tokyo-1800-1,东京草地1800m二胜战,东京草地1800m二胜战,Tokyo Turf 1800m Two-Win Class,2胜,two-win,日本,草地,东京,1800,7,1,五岁夏,5岁,,现有中文,按条件赛规则生成,
three-win-dirt-3-7-early-nakayama-1700-3,中山泥地1700m三胜战,中山泥地1700m三胜战,Nakayama Dirt 1700m Three-Win Class,3胜,three-win,日本,泥地,中山,1700,7,1,三岁夏,3岁,,现有中文,按条件赛规则生成,
three-win-dirt-3-7-early-sapporo-1200-4,札幌泥地1200m三胜战,札幌泥地1200m三胜战,Sapporo Dirt 1200m Three-Win Class,3胜,three-win,日本,泥地,札幌,1200,7,1,三岁夏,3岁,,现有中文,按条件赛规则生成,
three-win-dirt-4-7-early-nakayama-1800-3,中山泥地1800m三胜战,中山泥地1800m三胜战,Nakayama Dirt 1800m Three-Win Class,3胜,three-win,日本,泥地,中山,1800,7,1,四岁夏,4岁,,现有中文,按条件赛规则生成,
three-win-dirt-4-7-early-sapporo-1400-4,札幌泥地1400m三胜战,札幌泥地1400m三胜战,Sapporo Dirt 1400m Three-Win Class,3胜,three-win,日本,泥地,札幌,1400,7,1,四岁夏,4岁,,现有中文,按条件赛规则生成,
three-win-dirt-5-7-early-nakayama-1900-3,中山泥地1900m三胜战,中山泥地1900m三胜战,Nakayama Dirt 1900m Three-Win Class,3胜,three-win,日本,泥地,中山,1900,7,1,五岁夏,5岁,,现有中文,按条件赛规则生成,
three-win-dirt-5-7-early-sapporo-1600-4,札幌泥地1600m三胜战,札幌泥地1600m三胜战,Sapporo Dirt 1600m Three-Win Class,3胜,three-win,日本,泥地,札幌,1600,7,1,五岁夏,5岁,,现有中文,按条件赛规则生成,
three-win-turf-3-7-early-hakodate-1600-2,函馆草地1600m三胜战,函馆草地1600m三胜战,Hakodate Turf 1600m Three-Win Class,3胜,three-win,日本,草地,函馆,1600,7,1,三岁夏,3岁,,现有中文,按条件赛规则生成,
three-win-turf-3-7-early-tokyo-2400-1,东京草地2400m三胜战,东京草地2400m三胜战,Tokyo Turf 2400m Three-Win Class,3胜,three-win,日本,草地,东京,2400,7,1,三岁夏,3岁,,现有中文,按条件赛规则生成,
three-win-turf-4-7-early-hakodate-1400-2,函馆草地1400m三胜战,函馆草地1400m三胜战,Hakodate Turf 1400m Three-Win Class,3胜,three-win,日本,草地,函馆,1400,7,1,四岁夏,4岁,,现有中文,按条件赛规则生成,
three-win-turf-4-7-early-tokyo-2200-1,东京草地2200m三胜战,东京草地2200m三胜战,Tokyo Turf 2200m Three-Win Class,3胜,three-win,日本,草地,东京,2200,7,1,四岁夏,4岁,,现有中文,按条件赛规则生成,
three-win-turf-5-7-early-hakodate-1200-2,函馆草地1200m三胜战,函馆草地1200m三胜战,Hakodate Turf 1200m Three-Win Class,3胜,three-win,日本,草地,函馆,1200,7,1,五岁夏,5岁,,现有中文,按条件赛规则生成,
three-win-turf-5-7-early-tokyo-2000-1,东京草地2000m三胜战,东京草地2000m三胜战,Tokyo Turf 2000m Three-Win Class,3胜,three-win,日本,草地,东京,2000,7,1,五岁夏,5岁,,现有中文,按条件赛规则生成,
maiden-dirt-2-7-early-hakodate-1000-1,函馆泥地1000m未胜利战,函馆泥地1000m未胜利战,Hakodate Dirt 1000m Maiden,未胜利,maiden,日本,泥地,函馆,1000,7,1,二岁夏,2岁,,现有中文,按条件赛规则生成,
maiden-dirt-2-7-early-sapporo-1200-2,札幌泥地1200m未胜利战,札幌泥地1200m未胜利战,Sapporo Dirt 1200m Maiden,未胜利,maiden,日本,泥地,札幌,1200,7,1,二岁夏,2岁,,现有中文,按条件赛规则生成,
maiden-dirt-3-7-early-hakodate-1000-1,函馆泥地1000m未胜利战,函馆泥地1000m未胜利战,Hakodate Dirt 1000m Maiden,未胜利,maiden,日本,泥地,函馆,1000,7,1,三岁夏,3岁,,现有中文,按条件赛规则生成,
maiden-dirt-3-7-early-nakayama-1400-4,中山泥地1400m未胜利战,中山泥地1400m未胜利战,Nakayama Dirt 1400m Maiden,未胜利,maiden,日本,泥地,中山,1400,7,1,三岁夏,3岁,,现有中文,按条件赛规则生成,
maiden-dirt-3-7-early-sapporo-1200-2,札幌泥地1200m未胜利战,札幌泥地1200m未胜利战,Sapporo Dirt 1200m Maiden,未胜利,maiden,日本,泥地,札幌,1200,7,1,三岁夏,3岁,,现有中文,按条件赛规则生成,
maiden-dirt-3-7-early-tokyo-1800-3,东京泥地1800m未胜利战,东京泥地1800m未胜利战,Tokyo Dirt 1800m Maiden,未胜利,maiden,日本,泥地,东京,1800,7,1,三岁夏,3岁,,现有中文,按条件赛规则生成,
maiden-turf-2-7-early-hakodate-1000-3,函馆草地1000m未胜利战,函馆草地1000m未胜利战,Hakodate Turf 1000m Maiden,未胜利,maiden,日本,草地,函馆,1000,7,1,二岁夏,2岁,,现有中文,按条件赛规则生成,
maiden-turf-2-7-early-nakayama-1400-2,中山草地1400m未胜利战,中山草地1400m未胜利战,Nakayama Turf 1400m Maiden,未胜利,maiden,日本,草地,中山,1400,7,1,二岁夏,2岁,,现有中文,按条件赛规则生成,
maiden-turf-2-7-early-sapporo-1200-4,札幌草地1200m未胜利战,札幌草地1200m未胜利战,Sapporo Turf 1200m Maiden,未胜利,maiden,日本,草地,札幌,1200,7,1,二岁夏,2岁,,现有中文,按条件赛规则生成,
maiden-turf-2-7-early-tokyo-1000-1,东京草地1000m未胜利战,东京草地1000m未胜利战,Tokyo Turf 1000m Maiden,未胜利,maiden,日本,草地,东京,1000,7,1,二岁夏,2岁,,现有中文,按条件赛规则生成,
maiden-turf-3-7-early-hakodate-1000-3,函馆草地1000m未胜利战,函馆草地1000m未胜利战,Hakodate Turf 1000m Maiden,未胜利,maiden,日本,草地,函馆,1000,7,1,三岁夏,3岁,,现有中文,按条件赛规则生成,
maiden-turf-3-7-early-nakayama-1400-2,中山草地1400m未胜利战,中山草地1400m未胜利战,Nakayama Turf 1400m Maiden,未胜利,maiden,日本,草地,中山,1400,7,1,三岁夏,3岁,,现有中文,按条件赛规则生成,
maiden-turf-3-7-early-sapporo-1200-4,札幌草地1200m未胜利战,札幌草地1200m未胜利战,Sapporo Turf 1200m Maiden,未胜利,maiden,日本,草地,札幌,1200,7,1,三岁夏,3岁,,现有中文,按条件赛规则生成,
maiden-turf-3-7-early-tokyo-1000-1,东京草地1000m未胜利战,东京草地1000m未胜利战,Tokyo Turf 1000m Maiden,未胜利,maiden,日本,草地,东京,1000,7,1,三岁夏,3岁,,现有中文,按条件赛规则生成,
new-dirt-2-7-early-hakodate-1000-1,函馆泥地1000m新马战,函馆泥地1000m新马战,Hakodate Dirt 1000m Newcomer,新马,new,日本,泥地,函馆,1000,7,1,二岁夏,2岁,,现有中文,按条件赛规则生成,
new-dirt-2-7-early-sapporo-1200-2,札幌泥地1200m新马战,札幌泥地1200m新马战,Sapporo Dirt 1200m Newcomer,新马,new,日本,泥地,札幌,1200,7,1,二岁夏,2岁,,现有中文,按条件赛规则生成,
new-turf-2-7-early-hakodate-1000-3,函馆草地1000m新马战,函馆草地1000m新马战,Hakodate Turf 1000m Newcomer,新马,new,日本,草地,函馆,1000,7,1,二岁夏,2岁,,现有中文,按条件赛规则生成,
new-turf-2-7-early-nakayama-1400-2,中山草地1400m新马战,中山草地1400m新马战,Nakayama Turf 1400m Newcomer,新马,new,日本,草地,中山,1400,7,1,二岁夏,2岁,,现有中文,按条件赛规则生成,
new-turf-2-7-early-sapporo-1200-4,札幌草地1200m新马战,札幌草地1200m新马战,Sapporo Turf 1200m Newcomer,新马,new,日本,草地,札幌,1200,7,1,二岁夏,2岁,,现有中文,按条件赛规则生成,
new-turf-2-7-early-tokyo-1000-1,东京草地1000m新马战,东京草地1000m新马战,Tokyo Turf 1000m Newcomer,新马,new,日本,草地,东京,1000,7,1,二岁夏,2岁,,现有中文,按条件赛规则生成,
tanabata-sho,七夕赏,七夕赏,Tanabata Sho,G3,g3,日本,草地,福岛,2000,7,1,三岁夏,3岁以上,,现有中文,由ID自动生成待核对,
sparking-lady-cup,闪耀雌马杯,闪耀雌马杯,Sparking Lady Cup,JpnIII,jpn3,日本,泥地,川崎,1600,7,1,三岁夏,3岁以上,牝马,现有中文,由ID自动生成待核对,
one-win-dirt-2-7-late-hanshin-1400-6,阪神泥地1400m一胜战,阪神泥地1400m一胜战,Hanshin Dirt 1400m One-Win Class,1胜,one-win,日本,泥地,阪神,1400,7,2,二岁夏,2岁,,现有中文,按条件赛规则生成,
one-win-dirt-2-7-late-kokura-1200-7,小仓泥地1200m一胜战,小仓泥地1200m一胜战,Kokura Dirt 1200m One-Win Class,1胜,one-win,日本,泥地,小仓,1200,7,2,二岁夏,2岁,,现有中文,按条件赛规则生成,
one-win-dirt-2-7-late-kyoto-1600-5,京都泥地1600m一胜战,京都泥地1600m一胜战,Kyoto Dirt 1600m One-Win Class,1胜,one-win,日本,泥地,京都,1600,7,2,二岁夏,2岁,,现有中文,按条件赛规则生成,
one-win-dirt-3-7-late-hanshin-1900-6,阪神泥地1900m一胜战,阪神泥地1900m一胜战,Hanshin Dirt 1900m One-Win Class,1胜,one-win,日本,泥地,阪神,1900,7,2,三岁夏,3岁,,现有中文,按条件赛规则生成,
one-win-dirt-3-7-late-kokura-1400-7,小仓泥地1400m一胜战,小仓泥地1400m一胜战,Kokura Dirt 1400m One-Win Class,1胜,one-win,日本,泥地,小仓,1400,7,2,三岁夏,3岁,,现有中文,按条件赛规则生成,
one-win-dirt-3-7-late-kyoto-1700-5,京都泥地1700m一胜战,京都泥地1700m一胜战,Kyoto Dirt 1700m One-Win Class,1胜,one-win,日本,泥地,京都,1700,7,2,三岁夏,3岁,,现有中文,按条件赛规则生成,
one-win-turf-2-7-late-hanshin-1800-2,阪神草地1800m一胜战,阪神草地1800m一胜战,Hanshin Turf 1800m One-Win Class,1胜,one-win,日本,草地,阪神,1800,7,2,二岁夏,2岁,,现有中文,按条件赛规则生成,
one-win-turf-2-7-late-kokura-1400-3,小仓草地1400m一胜战,小仓草地1400m一胜战,Kokura Turf 1400m One-Win Class,1胜,one-win,日本,草地,小仓,1400,7,2,二岁夏,2岁,,现有中文,按条件赛规则生成,
one-win-turf-2-7-late-kyoto-1400-1,京都草地1400m一胜战,京都草地1400m一胜战,Kyoto Turf 1400m One-Win Class,1胜,one-win,日本,草地,京都,1400,7,2,二岁夏,2岁,,现有中文,按条件赛规则生成,
one-win-turf-2-7-late-sapporo-1800-4,札幌草地1800m一胜战,札幌草地1800m一胜战,Sapporo Turf 1800m One-Win Class,1胜,one-win,日本,草地,札幌,1800,7,2,二岁夏,2岁,,现有中文,按条件赛规则生成,
one-win-turf-3-7-late-hanshin-1400-2,阪神草地1400m一胜战,阪神草地1400m一胜战,Hanshin Turf 1400m One-Win Class,1胜,one-win,日本,草地,阪神,1400,7,2,三岁夏,3岁,,现有中文,按条件赛规则生成,
one-win-turf-3-7-late-kokura-1800-3,小仓草地1800m一胜战,小仓草地1800m一胜战,Kokura Turf 1800m One-Win Class,1胜,one-win,日本,草地,小仓,1800,7,2,三岁夏,3岁,,现有中文,按条件赛规则生成,
one-win-turf-3-7-late-kyoto-2400-1,京都草地2400m一胜战,京都草地2400m一胜战,Kyoto Turf 2400m One-Win Class,1胜,one-win,日本,草地,京都,2400,7,2,三岁夏,3岁,,现有中文,按条件赛规则生成,
one-win-turf-3-7-late-sapporo-2200-4,札幌草地2200m一胜战,札幌草地2200m一胜战,Sapporo Turf 2200m One-Win Class,1胜,one-win,日本,草地,札幌,2200,7,2,三岁夏,3岁,,现有中文,按条件赛规则生成,
two-win-dirt-3-7-late-hanshin-1900-5,阪神泥地1900m二胜战,阪神泥地1900m二胜战,Hanshin Dirt 1900m Two-Win Class,2胜,two-win,日本,泥地,阪神,1900,7,2,三岁夏,3岁,,现有中文,按条件赛规则生成,
two-win-dirt-3-7-late-kyoto-1700-4,京都泥地1700m二胜战,京都泥地1700m二胜战,Kyoto Dirt 1700m Two-Win Class,2胜,two-win,日本,泥地,京都,1700,7,2,三岁夏,3岁,,现有中文,按条件赛规则生成,
two-win-dirt-3-7-late-sapporo-1400-6,札幌泥地1400m二胜战,札幌泥地1400m二胜战,Sapporo Dirt 1400m Two-Win Class,2胜,two-win,日本,泥地,札幌,1400,7,2,三岁夏,3岁,,现有中文,按条件赛规则生成,
two-win-dirt-4-7-late-hanshin-1200-5,阪神泥地1200m二胜战,阪神泥地1200m二胜战,Hanshin Dirt 1200m Two-Win Class,2胜,two-win,日本,泥地,阪神,1200,7,2,四岁夏,4岁,,现有中文,按条件赛规则生成,
two-win-dirt-4-7-late-kyoto-1800-4,京都泥地1800m二胜战,京都泥地1800m二胜战,Kyoto Dirt 1800m Two-Win Class,2胜,two-win,日本,泥地,京都,1800,7,2,四岁夏,4岁,,现有中文,按条件赛规则生成,
two-win-dirt-4-7-late-sapporo-1600-6,札幌泥地1600m二胜战,札幌泥地1600m二胜战,Sapporo Dirt 1600m Two-Win Class,2胜,two-win,日本,泥地,札幌,1600,7,2,四岁夏,4岁,,现有中文,按条件赛规则生成,
two-win-dirt-5-7-late-hanshin-1400-5,阪神泥地1400m二胜战,阪神泥地1400m二胜战,Hanshin Dirt 1400m Two-Win Class,2胜,two-win,日本,泥地,阪神,1400,7,2,五岁夏,5岁,,现有中文,按条件赛规则生成,
two-win-dirt-5-7-late-kyoto-1900-4,京都泥地1900m二胜战,京都泥地1900m二胜战,Kyoto Dirt 1900m Two-Win Class,2胜,two-win,日本,泥地,京都,1900,7,2,五岁夏,5岁,,现有中文,按条件赛规则生成,
two-win-dirt-5-7-late-sapporo-1700-6,札幌泥地1700m二胜战,札幌泥地1700m二胜战,Sapporo Dirt 1700m Two-Win Class,2胜,two-win,日本,泥地,札幌,1700,7,2,五岁夏,5岁,,现有中文,按条件赛规则生成,
two-win-turf-3-7-late-hanshin-1400-2,阪神草地1400m二胜战,阪神草地1400m二胜战,Hanshin Turf 1400m Two-Win Class,2胜,two-win,日本,草地,阪神,1400,7,2,三岁夏,3岁,,现有中文,按条件赛规则生成,
two-win-turf-3-7-late-kokura-2000-3,小仓草地2000m二胜战,小仓草地2000m二胜战,Kokura Turf 2000m Two-Win Class,2胜,two-win,日本,草地,小仓,2000,7,2,三岁夏,3岁,,现有中文,按条件赛规则生成,
two-win-turf-3-7-late-kyoto-2400-1,京都草地2400m二胜战,京都草地2400m二胜战,Kyoto Turf 2400m Two-Win Class,2胜,two-win,日本,草地,京都,2400,7,2,三岁夏,3岁,,现有中文,按条件赛规则生成,
two-win-turf-4-7-late-hanshin-1200-2,阪神草地1200m二胜战,阪神草地1200m二胜战,Hanshin Turf 1200m Two-Win Class,2胜,two-win,日本,草地,阪神,1200,7,2,四岁夏,4岁,,现有中文,按条件赛规则生成,
two-win-turf-4-7-late-kokura-1800-3,小仓草地1800m二胜战,小仓草地1800m二胜战,Kokura Turf 1800m Two-Win Class,2胜,two-win,日本,草地,小仓,1800,7,2,四岁夏,4岁,,现有中文,按条件赛规则生成,
two-win-turf-4-7-late-kyoto-2200-1,京都草地2200m二胜战,京都草地2200m二胜战,Kyoto Turf 2200m Two-Win Class,2胜,two-win,日本,草地,京都,2200,7,2,四岁夏,4岁,,现有中文,按条件赛规则生成,
two-win-turf-5-7-late-hanshin-2400-2,阪神草地2400m二胜战,阪神草地2400m二胜战,Hanshin Turf 2400m Two-Win Class,2胜,two-win,日本,草地,阪神,2400,7,2,五岁夏,5岁,,现有中文,按条件赛规则生成,
two-win-turf-5-7-late-kokura-1600-3,小仓草地1600m二胜战,小仓草地1600m二胜战,Kokura Turf 1600m Two-Win Class,2胜,two-win,日本,草地,小仓,1600,7,2,五岁夏,5岁,,现有中文,按条件赛规则生成,
two-win-turf-5-7-late-kyoto-2000-1,京都草地2000m二胜战,京都草地2000m二胜战,Kyoto Turf 2000m Two-Win Class,2胜,two-win,日本,草地,京都,2000,7,2,五岁夏,5岁,,现有中文,按条件赛规则生成,
three-win-dirt-3-7-late-hanshin-1800-3,阪神泥地1800m三胜战,阪神泥地1800m三胜战,Hanshin Dirt 1800m Three-Win Class,3胜,three-win,日本,泥地,阪神,1800,7,2,三岁夏,3岁,,现有中文,按条件赛规则生成,
three-win-dirt-3-7-late-sapporo-1400-4,札幌泥地1400m三胜战,札幌泥地1400m三胜战,Sapporo Dirt 1400m Three-Win Class,3胜,three-win,日本,泥地,札幌,1400,7,2,三岁夏,3岁,,现有中文,按条件赛规则生成,
three-win-dirt-4-7-late-hanshin-1900-3,阪神泥地1900m三胜战,阪神泥地1900m三胜战,Hanshin Dirt 1900m Three-Win Class,3胜,three-win,日本,泥地,阪神,1900,7,2,四岁夏,4岁,,现有中文,按条件赛规则生成,
three-win-dirt-4-7-late-sapporo-1600-4,札幌泥地1600m三胜战,札幌泥地1600m三胜战,Sapporo Dirt 1600m Three-Win Class,3胜,three-win,日本,泥地,札幌,1600,7,2,四岁夏,4岁,,现有中文,按条件赛规则生成,
three-win-dirt-5-7-late-hanshin-1200-3,阪神泥地1200m三胜战,阪神泥地1200m三胜战,Hanshin Dirt 1200m Three-Win Class,3胜,three-win,日本,泥地,阪神,1200,7,2,五岁夏,5岁,,现有中文,按条件赛规则生成,
three-win-dirt-5-7-late-sapporo-1700-4,札幌泥地1700m三胜战,札幌泥地1700m三胜战,Sapporo Dirt 1700m Three-Win Class,3胜,three-win,日本,泥地,札幌,1700,7,2,五岁夏,5岁,,现有中文,按条件赛规则生成,
three-win-turf-3-7-late-kokura-1800-2,小仓草地1800m三胜战,小仓草地1800m三胜战,Kokura Turf 1800m Three-Win Class,3胜,three-win,日本,草地,小仓,1800,7,2,三岁夏,3岁,,现有中文,按条件赛规则生成,
three-win-turf-3-7-late-kyoto-1200-1,京都草地1200m三胜战,京都草地1200m三胜战,Kyoto Turf 1200m Three-Win Class,3胜,three-win,日本,草地,京都,1200,7,2,三岁夏,3岁,,现有中文,按条件赛规则生成,
three-win-turf-4-7-late-kokura-1600-2,小仓草地1600m三胜战,小仓草地1600m三胜战,Kokura Turf 1600m Three-Win Class,3胜,three-win,日本,草地,小仓,1600,7,2,四岁夏,4岁,,现有中文,按条件赛规则生成,
three-win-turf-4-7-late-kyoto-2400-1,京都草地2400m三胜战,京都草地2400m三胜战,Kyoto Turf 2400m Three-Win Class,3胜,three-win,日本,草地,京都,2400,7,2,四岁夏,4岁,,现有中文,按条件赛规则生成,
three-win-turf-5-7-late-kokura-1400-2,小仓草地1400m三胜战,小仓草地1400m三胜战,Kokura Turf 1400m Three-Win Class,3胜,three-win,日本,草地,小仓,1400,7,2,五岁夏,5岁,,现有中文,按条件赛规则生成,
three-win-turf-5-7-late-kyoto-2200-1,京都草地2200m三胜战,京都草地2200m三胜战,Kyoto Turf 2200m Three-Win Class,3胜,three-win,日本,草地,京都,2200,7,2,五岁夏,5岁,,现有中文,按条件赛规则生成,
maiden-dirt-2-7-late-kokura-1200-1,小仓泥地1200m未胜利战,小仓泥地1200m未胜利战,Kokura Dirt 1200m Maiden,未胜利,maiden,日本,泥地,小仓,1200,7,2,二岁夏,2岁,,现有中文,按条件赛规则生成,
maiden-dirt-2-7-late-sapporo-1400-2,札幌泥地1400m未胜利战,札幌泥地1400m未胜利战,Sapporo Dirt 1400m Maiden,未胜利,maiden,日本,泥地,札幌,1400,7,2,二岁夏,2岁,,现有中文,按条件赛规则生成,
maiden-dirt-3-7-late-hanshin-1600-4,阪神泥地1600m未胜利战,阪神泥地1600m未胜利战,Hanshin Dirt 1600m Maiden,未胜利,maiden,日本,泥地,阪神,1600,7,2,三岁夏,3岁,,现有中文,按条件赛规则生成,
maiden-dirt-3-7-late-kokura-1200-1,小仓泥地1200m未胜利战,小仓泥地1200m未胜利战,Kokura Dirt 1200m Maiden,未胜利,maiden,日本,泥地,小仓,1200,7,2,三岁夏,3岁,,现有中文,按条件赛规则生成,
maiden-dirt-3-7-late-kyoto-1200-3,京都泥地1200m未胜利战,京都泥地1200m未胜利战,Kyoto Dirt 1200m Maiden,未胜利,maiden,日本,泥地,京都,1200,7,2,三岁夏,3岁,,现有中文,按条件赛规则生成,
maiden-dirt-3-7-late-sapporo-1400-2,札幌泥地1400m未胜利战,札幌泥地1400m未胜利战,Sapporo Dirt 1400m Maiden,未胜利,maiden,日本,泥地,札幌,1400,7,2,三岁夏,3岁,,现有中文,按条件赛规则生成,
maiden-turf-2-7-late-hanshin-1600-2,阪神草地1600m未胜利战,阪神草地1600m未胜利战,Hanshin Turf 1600m Maiden,未胜利,maiden,日本,草地,阪神,1600,7,2,二岁夏,2岁,,现有中文,按条件赛规则生成,
maiden-turf-2-7-late-kokura-1200-3,小仓草地1200m未胜利战,小仓草地1200m未胜利战,Kokura Turf 1200m Maiden,未胜利,maiden,日本,草地,小仓,1200,7,2,二岁夏,2岁,,现有中文,按条件赛规则生成,
maiden-turf-2-7-late-kyoto-1200-1,京都草地1200m未胜利战,京都草地1200m未胜利战,Kyoto Turf 1200m Maiden,未胜利,maiden,日本,草地,京都,1200,7,2,二岁夏,2岁,,现有中文,按条件赛规则生成,
maiden-turf-2-7-late-sapporo-1400-4,札幌草地1400m未胜利战,札幌草地1400m未胜利战,Sapporo Turf 1400m Maiden,未胜利,maiden,日本,草地,札幌,1400,7,2,二岁夏,2岁,,现有中文,按条件赛规则生成,
maiden-turf-3-7-late-hanshin-1600-2,阪神草地1600m未胜利战,阪神草地1600m未胜利战,Hanshin Turf 1600m Maiden,未胜利,maiden,日本,草地,阪神,1600,7,2,三岁夏,3岁,,现有中文,按条件赛规则生成,
maiden-turf-3-7-late-kokura-1200-3,小仓草地1200m未胜利战,小仓草地1200m未胜利战,Kokura Turf 1200m Maiden,未胜利,maiden,日本,草地,小仓,1200,7,2,三岁夏,3岁,,现有中文,按条件赛规则生成,
maiden-turf-3-7-late-kyoto-1200-1,京都草地1200m未胜利战,京都草地1200m未胜利战,Kyoto Turf 1200m Maiden,未胜利,maiden,日本,草地,京都,1200,7,2,三岁夏,3岁,,现有中文,按条件赛规则生成,
maiden-turf-3-7-late-sapporo-1400-4,札幌草地1400m未胜利战,札幌草地1400m未胜利战,Sapporo Turf 1400m Maiden,未胜利,maiden,日本,草地,札幌,1400,7,2,三岁夏,3岁,,现有中文,按条件赛规则生成,
new-dirt-2-7-late-kokura-1200-1,小仓泥地1200m新马战,小仓泥地1200m新马战,Kokura Dirt 1200m Newcomer,新马,new,日本,泥地,小仓,1200,7,2,二岁夏,2岁,,现有中文,按条件赛规则生成,
new-dirt-2-7-late-sapporo-1400-2,札幌泥地1400m新马战,札幌泥地1400m新马战,Sapporo Dirt 1400m Newcomer,新马,new,日本,泥地,札幌,1400,7,2,二岁夏,2岁,,现有中文,按条件赛规则生成,
new-turf-2-7-late-hanshin-1600-2,阪神草地1600m新马战,阪神草地1600m新马战,Hanshin Turf 1600m Newcomer,新马,new,日本,草地,阪神,1600,7,2,二岁夏,2岁,,现有中文,按条件赛规则生成,
new-turf-2-7-late-kokura-1200-3,小仓草地1200m新马战,小仓草地1200m新马战,Kokura Turf 1200m Newcomer,新马,new,日本,草地,小仓,1200,7,2,二岁夏,2岁,,现有中文,按条件赛规则生成,
new-turf-2-7-late-kyoto-1200-1,京都草地1200m新马战,京都草地1200m新马战,Kyoto Turf 1200m Newcomer,新马,new,日本,草地,京都,1200,7,2,二岁夏,2岁,,现有中文,按条件赛规则生成,
new-turf-2-7-late-sapporo-1400-4,札幌草地1400m新马战,札幌草地1400m新马战,Sapporo Turf 1400m Newcomer,新马,new,日本,草地,札幌,1400,7,2,二岁夏,2岁,,现有中文,按条件赛规则生成,
chukyo-kinen,中京记念,中京记念,Chukyo Kinen,G3,g3,日本,草地,中京,1600,7,2,三岁夏,3岁以上,,现有中文,由ID自动生成待核对,
hakodate-kinen,函馆记念,函馆记念,Hakodate Kinen,G3,g3,日本,草地,函馆,2000,7,2,三岁夏,3岁以上,,现有中文,由ID自动生成待核对,
hakodate-nisai-stakes,函馆2岁S,函馆2岁锦标,Hakodate Nisai Stakes,G3,g3,日本,草地,函馆,1200,7,2,二岁夏,2岁,,自动规范化待核对,由ID自动生成待核对,
ibis-summer-dash,Ibis Summer Dash,朱鹮夏季短途赛,Ibis Summer Dash,G3,g3,日本,草地,新潟,1000,7,2,三岁夏,3岁以上,,自译待核对,现有英文,
queen-stakes,皇后S,皇后锦标,Queen Stakes,G3,g3,日本,草地,札幌,1800,7,2,三岁夏,3岁以上,牝马,自动规范化待核对,由ID自动生成待核对,
tokai-stakes,东海S,东海锦标,Tokai Stakes,G3,g3,日本,泥地,中京,1400,7,2,三岁夏,3岁以上,,自动规范化待核对,由ID自动生成待核对,
mercury-cup,水星杯,水星杯,Mercury Cup,JpnIII,jpn3,日本,泥地,盛冈,2000,7,2,三岁夏,3岁以上,,现有中文,由ID自动生成待核对,
sapporo-nikkei-open,札幌日経OP,札幌日経公开赛,Sapporo Nikkei Open,L,op,日本,草地,札幌,2600,7,2,三岁夏,3岁以上,,自动规范化待核对,由ID自动生成待核对,
one-win-dirt-2-8-early-hakodate-1600-7,函馆泥地1600m一胜战,函馆泥地1600m一胜战,Hakodate Dirt 1600m One-Win Class,1胜,one-win,日本,泥地,函馆,1600,8,1,二岁夏,2岁,,现有中文,按条件赛规则生成,
one-win-dirt-2-8-early-nakayama-1200-6,中山泥地1200m一胜战,中山泥地1200m一胜战,Nakayama Dirt 1200m One-Win Class,1胜,one-win,日本,泥地,中山,1200,8,1,二岁夏,2岁,,现有中文,按条件赛规则生成,
one-win-dirt-2-8-early-tokyo-1400-5,东京泥地1400m一胜战,东京泥地1400m一胜战,Tokyo Dirt 1400m One-Win Class,1胜,one-win,日本,泥地,东京,1400,8,1,二岁夏,2岁,,现有中文,按条件赛规则生成,
one-win-dirt-3-8-early-hakodate-1700-7,函馆泥地1700m一胜战,函馆泥地1700m一胜战,Hakodate Dirt 1700m One-Win Class,1胜,one-win,日本,泥地,函馆,1700,8,1,三岁夏,3岁,,现有中文,按条件赛规则生成,
one-win-dirt-3-8-early-nakayama-1400-6,中山泥地1400m一胜战,中山泥地1400m一胜战,Nakayama Dirt 1400m One-Win Class,1胜,one-win,日本,泥地,中山,1400,8,1,三岁夏,3岁,,现有中文,按条件赛规则生成,
one-win-dirt-3-8-early-tokyo-1900-5,东京泥地1900m一胜战,东京泥地1900m一胜战,Tokyo Dirt 1900m One-Win Class,1胜,one-win,日本,泥地,东京,1900,8,1,三岁夏,3岁,,现有中文,按条件赛规则生成,
one-win-turf-2-8-early-hakodate-1800-3,函馆草地1800m一胜战,函馆草地1800m一胜战,Hakodate Turf 1800m One-Win Class,1胜,one-win,日本,草地,函馆,1800,8,1,二岁夏,2岁,,现有中文,按条件赛规则生成,
one-win-turf-2-8-early-nakayama-1400-2,中山草地1400m一胜战,中山草地1400m一胜战,Nakayama Turf 1400m One-Win Class,1胜,one-win,日本,草地,中山,1400,8,1,二岁夏,2岁,,现有中文,按条件赛规则生成,
one-win-turf-2-8-early-sapporo-1400-4,札幌草地1400m一胜战,札幌草地1400m一胜战,Sapporo Turf 1400m One-Win Class,1胜,one-win,日本,草地,札幌,1400,8,1,二岁夏,2岁,,现有中文,按条件赛规则生成,
one-win-turf-2-8-early-tokyo-1800-1,东京草地1800m一胜战,东京草地1800m一胜战,Tokyo Turf 1800m One-Win Class,1胜,one-win,日本,草地,东京,1800,8,1,二岁夏,2岁,,现有中文,按条件赛规则生成,
one-win-turf-3-8-early-hakodate-2200-3,函馆草地2200m一胜战,函馆草地2200m一胜战,Hakodate Turf 2200m One-Win Class,1胜,one-win,日本,草地,函馆,2200,8,1,三岁夏,3岁,,现有中文,按条件赛规则生成,
one-win-turf-3-8-early-nakayama-1800-2,中山草地1800m一胜战,中山草地1800m一胜战,Nakayama Turf 1800m One-Win Class,1胜,one-win,日本,草地,中山,1800,8,1,三岁夏,3岁,,现有中文,按条件赛规则生成,
one-win-turf-3-8-early-sapporo-1200-4,札幌草地1200m一胜战,札幌草地1200m一胜战,Sapporo Turf 1200m One-Win Class,1胜,one-win,日本,草地,札幌,1200,8,1,三岁夏,3岁,,现有中文,按条件赛规则生成,
one-win-turf-3-8-early-tokyo-1400-1,东京草地1400m一胜战,东京草地1400m一胜战,Tokyo Turf 1400m One-Win Class,1胜,one-win,日本,草地,东京,1400,8,1,三岁夏,3岁,,现有中文,按条件赛规则生成,
two-win-dirt-3-8-early-nakayama-1700-5,中山泥地1700m二胜战,中山泥地1700m二胜战,Nakayama Dirt 1700m Two-Win Class,2胜,two-win,日本,泥地,中山,1700,8,1,三岁夏,3岁,,现有中文,按条件赛规则生成,
two-win-dirt-3-8-early-sapporo-1900-6,札幌泥地1900m二胜战,札幌泥地1900m二胜战,Sapporo Dirt 1900m Two-Win Class,2胜,two-win,日本,泥地,札幌,1900,8,1,三岁夏,3岁,,现有中文,按条件赛规则生成,
two-win-dirt-3-8-early-tokyo-1400-4,东京泥地1400m二胜战,东京泥地1400m二胜战,Tokyo Dirt 1400m Two-Win Class,2胜,two-win,日本,泥地,东京,1400,8,1,三岁夏,3岁,,现有中文,按条件赛规则生成,
two-win-dirt-4-8-early-nakayama-1200-5,中山泥地1200m二胜战,中山泥地1200m二胜战,Nakayama Dirt 1200m Two-Win Class,2胜,two-win,日本,泥地,中山,1200,8,1,四岁夏,4岁,,现有中文,按条件赛规则生成,
two-win-dirt-4-8-early-sapporo-1600-6,札幌泥地1600m二胜战,札幌泥地1600m二胜战,Sapporo Dirt 1600m Two-Win Class,2胜,two-win,日本,泥地,札幌,1600,8,1,四岁夏,4岁,,现有中文,按条件赛规则生成,
two-win-dirt-4-8-early-tokyo-2100-4,东京泥地2100m二胜战,东京泥地2100m二胜战,Tokyo Dirt 2100m Two-Win Class,2胜,two-win,日本,泥地,东京,2100,8,1,四岁夏,4岁,,现有中文,按条件赛规则生成,
two-win-dirt-5-8-early-nakayama-1900-5,中山泥地1900m二胜战,中山泥地1900m二胜战,Nakayama Dirt 1900m Two-Win Class,2胜,two-win,日本,泥地,中山,1900,8,1,五岁夏,5岁,,现有中文,按条件赛规则生成,
two-win-dirt-5-8-early-sapporo-2400-6,札幌泥地2400m二胜战,札幌泥地2400m二胜战,Sapporo Dirt 2400m Two-Win Class,2胜,two-win,日本,泥地,札幌,2400,8,1,五岁夏,5岁,,现有中文,按条件赛规则生成,
two-win-dirt-5-8-early-tokyo-1700-4,东京泥地1700m二胜战,东京泥地1700m二胜战,Tokyo Dirt 1700m Two-Win Class,2胜,two-win,日本,泥地,东京,1700,8,1,五岁夏,5岁,,现有中文,按条件赛规则生成,
two-win-turf-3-8-early-hakodate-2400-3,函馆草地2400m二胜战,函馆草地2400m二胜战,Hakodate Turf 2400m Two-Win Class,2胜,two-win,日本,草地,函馆,2400,8,1,三岁夏,3岁,,现有中文,按条件赛规则生成,
two-win-turf-3-8-early-nakayama-1800-2,中山草地1800m二胜战,中山草地1800m二胜战,Nakayama Turf 1800m Two-Win Class,2胜,two-win,日本,草地,中山,1800,8,1,三岁夏,3岁,,现有中文,按条件赛规则生成,
two-win-turf-3-8-early-tokyo-1400-1,东京草地1400m二胜战,东京草地1400m二胜战,Tokyo Turf 1400m Two-Win Class,2胜,two-win,日本,草地,东京,1400,8,1,三岁夏,3岁,,现有中文,按条件赛规则生成,
two-win-turf-4-8-early-hakodate-2200-3,函馆草地2200m二胜战,函馆草地2200m二胜战,Hakodate Turf 2200m Two-Win Class,2胜,two-win,日本,草地,函馆,2200,8,1,四岁夏,4岁,,现有中文,按条件赛规则生成,
two-win-turf-4-8-early-nakayama-1600-2,中山草地1600m二胜战,中山草地1600m二胜战,Nakayama Turf 1600m Two-Win Class,2胜,two-win,日本,草地,中山,1600,8,1,四岁夏,4岁,,现有中文,按条件赛规则生成,
two-win-turf-4-8-early-tokyo-1200-1,东京草地1200m二胜战,东京草地1200m二胜战,Tokyo Turf 1200m Two-Win Class,2胜,two-win,日本,草地,东京,1200,8,1,四岁夏,4岁,,现有中文,按条件赛规则生成,
two-win-turf-5-8-early-hakodate-2000-3,函馆草地2000m二胜战,函馆草地2000m二胜战,Hakodate Turf 2000m Two-Win Class,2胜,two-win,日本,草地,函馆,2000,8,1,五岁夏,5岁,,现有中文,按条件赛规则生成,
two-win-turf-5-8-early-nakayama-1400-2,中山草地1400m二胜战,中山草地1400m二胜战,Nakayama Turf 1400m Two-Win Class,2胜,two-win,日本,草地,中山,1400,8,1,五岁夏,5岁,,现有中文,按条件赛规则生成,
two-win-turf-5-8-early-tokyo-2400-1,东京草地2400m二胜战,东京草地2400m二胜战,Tokyo Turf 2400m Two-Win Class,2胜,two-win,日本,草地,东京,2400,8,1,五岁夏,5岁,,现有中文,按条件赛规则生成,
three-win-dirt-3-8-early-nakayama-1700-3,中山泥地1700m三胜战,中山泥地1700m三胜战,Nakayama Dirt 1700m Three-Win Class,3胜,three-win,日本,泥地,中山,1700,8,1,三岁夏,3岁,,现有中文,按条件赛规则生成,
three-win-dirt-3-8-early-sapporo-2400-4,札幌泥地2400m三胜战,札幌泥地2400m三胜战,Sapporo Dirt 2400m Three-Win Class,3胜,three-win,日本,泥地,札幌,2400,8,1,三岁夏,3岁,,现有中文,按条件赛规则生成,
three-win-dirt-4-8-early-nakayama-1600-3,中山泥地1600m三胜战,中山泥地1600m三胜战,Nakayama Dirt 1600m Three-Win Class,3胜,three-win,日本,泥地,中山,1600,8,1,四岁夏,4岁,,现有中文,按条件赛规则生成,
three-win-dirt-4-8-early-sapporo-1900-4,札幌泥地1900m三胜战,札幌泥地1900m三胜战,Sapporo Dirt 1900m Three-Win Class,3胜,three-win,日本,泥地,札幌,1900,8,1,四岁夏,4岁,,现有中文,按条件赛规则生成,
three-win-dirt-5-8-early-nakayama-1400-3,中山泥地1400m三胜战,中山泥地1400m三胜战,Nakayama Dirt 1400m Three-Win Class,3胜,three-win,日本,泥地,中山,1400,8,1,五岁夏,5岁,,现有中文,按条件赛规则生成,
three-win-dirt-5-8-early-sapporo-1800-4,札幌泥地1800m三胜战,札幌泥地1800m三胜战,Sapporo Dirt 1800m Three-Win Class,3胜,three-win,日本,泥地,札幌,1800,8,1,五岁夏,5岁,,现有中文,按条件赛规则生成,
three-win-turf-3-8-early-hakodate-2200-2,函馆草地2200m三胜战,函馆草地2200m三胜战,Hakodate Turf 2200m Three-Win Class,3胜,three-win,日本,草地,函馆,2200,8,1,三岁夏,3岁,,现有中文,按条件赛规则生成,
three-win-turf-3-8-early-tokyo-1600-1,东京草地1600m三胜战,东京草地1600m三胜战,Tokyo Turf 1600m Three-Win Class,3胜,three-win,日本,草地,东京,1600,8,1,三岁夏,3岁,,现有中文,按条件赛规则生成,
three-win-turf-4-8-early-hakodate-1200-2,函馆草地1200m三胜战,函馆草地1200m三胜战,Hakodate Turf 1200m Three-Win Class,3胜,three-win,日本,草地,函馆,1200,8,1,四岁夏,4岁,,现有中文,按条件赛规则生成,
three-win-turf-4-8-early-tokyo-2400-1,东京草地2400m三胜战,东京草地2400m三胜战,Tokyo Turf 2400m Three-Win Class,3胜,three-win,日本,草地,东京,2400,8,1,四岁夏,4岁,,现有中文,按条件赛规则生成,
three-win-turf-5-8-early-hakodate-2000-2,函馆草地2000m三胜战,函馆草地2000m三胜战,Hakodate Turf 2000m Three-Win Class,3胜,three-win,日本,草地,函馆,2000,8,1,五岁夏,5岁,,现有中文,按条件赛规则生成,
three-win-turf-5-8-early-tokyo-1400-1,东京草地1400m三胜战,东京草地1400m三胜战,Tokyo Turf 1400m Three-Win Class,3胜,three-win,日本,草地,东京,1400,8,1,五岁夏,5岁,,现有中文,按条件赛规则生成,
maiden-dirt-2-8-early-hakodate-1400-1,函馆泥地1400m未胜利战,函馆泥地1400m未胜利战,Hakodate Dirt 1400m Maiden,未胜利,maiden,日本,泥地,函馆,1400,8,1,二岁夏,2岁,,现有中文,按条件赛规则生成,
maiden-dirt-2-8-early-sapporo-1000-2,札幌泥地1000m未胜利战,札幌泥地1000m未胜利战,Sapporo Dirt 1000m Maiden,未胜利,maiden,日本,泥地,札幌,1000,8,1,二岁夏,2岁,,现有中文,按条件赛规则生成,
maiden-dirt-3-8-early-hakodate-1400-1,函馆泥地1400m未胜利战,函馆泥地1400m未胜利战,Hakodate Dirt 1400m Maiden,未胜利,maiden,日本,泥地,函馆,1400,8,1,三岁夏,3岁,,现有中文,按条件赛规则生成,
maiden-dirt-3-8-early-nakayama-1800-4,中山泥地1800m未胜利战,中山泥地1800m未胜利战,Nakayama Dirt 1800m Maiden,未胜利,maiden,日本,泥地,中山,1800,8,1,三岁夏,3岁,,现有中文,按条件赛规则生成,
maiden-dirt-3-8-early-sapporo-1000-2,札幌泥地1000m未胜利战,札幌泥地1000m未胜利战,Sapporo Dirt 1000m Maiden,未胜利,maiden,日本,泥地,札幌,1000,8,1,三岁夏,3岁,,现有中文,按条件赛规则生成,
maiden-dirt-3-8-early-tokyo-1400-3,东京泥地1400m未胜利战,东京泥地1400m未胜利战,Tokyo Dirt 1400m Maiden,未胜利,maiden,日本,泥地,东京,1400,8,1,三岁夏,3岁,,现有中文,按条件赛规则生成,
maiden-turf-2-8-early-hakodate-1400-3,函馆草地1400m未胜利战,函馆草地1400m未胜利战,Hakodate Turf 1400m Maiden,未胜利,maiden,日本,草地,函馆,1400,8,1,二岁夏,2岁,,现有中文,按条件赛规则生成,
maiden-turf-2-8-early-nakayama-1800-2,中山草地1800m未胜利战,中山草地1800m未胜利战,Nakayama Turf 1800m Maiden,未胜利,maiden,日本,草地,中山,1800,8,1,二岁夏,2岁,,现有中文,按条件赛规则生成,
maiden-turf-2-8-early-sapporo-1000-4,札幌草地1000m未胜利战,札幌草地1000m未胜利战,Sapporo Turf 1000m Maiden,未胜利,maiden,日本,草地,札幌,1000,8,1,二岁夏,2岁,,现有中文,按条件赛规则生成,
maiden-turf-2-8-early-tokyo-1400-1,东京草地1400m未胜利战,东京草地1400m未胜利战,Tokyo Turf 1400m Maiden,未胜利,maiden,日本,草地,东京,1400,8,1,二岁夏,2岁,,现有中文,按条件赛规则生成,
maiden-turf-3-8-early-hakodate-1400-3,函馆草地1400m未胜利战,函馆草地1400m未胜利战,Hakodate Turf 1400m Maiden,未胜利,maiden,日本,草地,函馆,1400,8,1,三岁夏,3岁,,现有中文,按条件赛规则生成,
maiden-turf-3-8-early-nakayama-1800-2,中山草地1800m未胜利战,中山草地1800m未胜利战,Nakayama Turf 1800m Maiden,未胜利,maiden,日本,草地,中山,1800,8,1,三岁夏,3岁,,现有中文,按条件赛规则生成,
maiden-turf-3-8-early-sapporo-1000-4,札幌草地1000m未胜利战,札幌草地1000m未胜利战,Sapporo Turf 1000m Maiden,未胜利,maiden,日本,草地,札幌,1000,8,1,三岁夏,3岁,,现有中文,按条件赛规则生成,
maiden-turf-3-8-early-tokyo-1400-1,东京草地1400m未胜利战,东京草地1400m未胜利战,Tokyo Turf 1400m Maiden,未胜利,maiden,日本,草地,东京,1400,8,1,三岁夏,3岁,,现有中文,按条件赛规则生成,
new-dirt-2-8-early-hakodate-1400-1,函馆泥地1400m新马战,函馆泥地1400m新马战,Hakodate Dirt 1400m Newcomer,新马,new,日本,泥地,函馆,1400,8,1,二岁夏,2岁,,现有中文,按条件赛规则生成,
new-dirt-2-8-early-sapporo-1000-2,札幌泥地1000m新马战,札幌泥地1000m新马战,Sapporo Dirt 1000m Newcomer,新马,new,日本,泥地,札幌,1000,8,1,二岁夏,2岁,,现有中文,按条件赛规则生成,
new-turf-2-8-early-hakodate-1400-3,函馆草地1400m新马战,函馆草地1400m新马战,Hakodate Turf 1400m Newcomer,新马,new,日本,草地,函馆,1400,8,1,二岁夏,2岁,,现有中文,按条件赛规则生成,
new-turf-2-8-early-nakayama-1800-2,中山草地1800m新马战,中山草地1800m新马战,Nakayama Turf 1800m Newcomer,新马,new,日本,草地,中山,1800,8,1,二岁夏,2岁,,现有中文,按条件赛规则生成,
new-turf-2-8-early-sapporo-1000-4,札幌草地1000m新马战,札幌草地1000m新马战,Sapporo Turf 1000m Newcomer,新马,new,日本,草地,札幌,1000,8,1,二岁夏,2岁,,现有中文,按条件赛规则生成,
new-turf-2-8-early-tokyo-1400-1,东京草地1400m新马战,东京草地1400m新马战,Tokyo Turf 1400m Newcomer,新马,new,日本,草地,东京,1400,8,1,二岁夏,2岁,,现有中文,按条件赛规则生成,
cbc-sho,CBC赏,CBC赏,CBC Sho,G3,g3,日本,草地,中京,1200,8,1,三岁夏,3岁以上,,自动生成待核对,自译/规范名待核对,
elm-stakes,Elm S,榆树锦标,Elm S,G3,g3,日本,泥地,札幌,1700,8,1,三岁夏,3岁以上,,自译待核对,现有英文,
kokura-kinen,小仓记念,小仓记念,Kokura Kinen,G3,g3,日本,草地,小仓,2000,8,1,三岁夏,3岁以上,,现有中文,由ID自动生成待核对,
leopard-stakes,Leopard S,豹锦标,Leopard S,G3,g3,日本,泥地,新潟,1800,8,1,三岁夏,3岁,,自译待核对,现有英文,
sekiya-kinen,关屋记念,关屋记念,Sekiya Kinen,G3,g3,日本,草地,新潟,1600,8,1,三岁夏,3岁以上,,现有中文,由ID自动生成待核对,
cluster-cup,星团杯,星团杯,Cluster Cup,JpnIII,jpn3,日本,泥地,盛冈,1200,8,1,三岁夏,3岁以上,,现有中文,由ID自动生成待核对,
one-win-dirt-2-8-late-hanshin-1400-6,阪神泥地1400m一胜战,阪神泥地1400m一胜战,Hanshin Dirt 1400m One-Win Class,1胜,one-win,日本,泥地,阪神,1400,8,2,二岁夏,2岁,,现有中文,按条件赛规则生成,
one-win-dirt-2-8-late-kokura-1200-7,小仓泥地1200m一胜战,小仓泥地1200m一胜战,Kokura Dirt 1200m One-Win Class,1胜,one-win,日本,泥地,小仓,1200,8,2,二岁夏,2岁,,现有中文,按条件赛规则生成,
one-win-dirt-2-8-late-kyoto-1600-5,京都泥地1600m一胜战,京都泥地1600m一胜战,Kyoto Dirt 1600m One-Win Class,1胜,one-win,日本,泥地,京都,1600,8,2,二岁夏,2岁,,现有中文,按条件赛规则生成,
one-win-dirt-3-8-late-hanshin-1600-6,阪神泥地1600m一胜战,阪神泥地1600m一胜战,Hanshin Dirt 1600m One-Win Class,1胜,one-win,日本,泥地,阪神,1600,8,2,三岁夏,3岁,,现有中文,按条件赛规则生成,
one-win-dirt-3-8-late-kokura-1800-7,小仓泥地1800m一胜战,小仓泥地1800m一胜战,Kokura Dirt 1800m One-Win Class,1胜,one-win,日本,泥地,小仓,1800,8,2,三岁夏,3岁,,现有中文,按条件赛规则生成,
one-win-dirt-3-8-late-kyoto-1200-5,京都泥地1200m一胜战,京都泥地1200m一胜战,Kyoto Dirt 1200m One-Win Class,1胜,one-win,日本,泥地,京都,1200,8,2,三岁夏,3岁,,现有中文,按条件赛规则生成,
one-win-turf-2-8-late-hanshin-1600-2,阪神草地1600m一胜战,阪神草地1600m一胜战,Hanshin Turf 1600m One-Win Class,1胜,one-win,日本,草地,阪神,1600,8,2,二岁夏,2岁,,现有中文,按条件赛规则生成,
one-win-turf-2-8-late-kokura-1200-3,小仓草地1200m一胜战,小仓草地1200m一胜战,Kokura Turf 1200m One-Win Class,1胜,one-win,日本,草地,小仓,1200,8,2,二岁夏,2岁,,现有中文,按条件赛规则生成,
one-win-turf-2-8-late-kyoto-1200-1,京都草地1200m一胜战,京都草地1200m一胜战,Kyoto Turf 1200m One-Win Class,1胜,one-win,日本,草地,京都,1200,8,2,二岁夏,2岁,,现有中文,按条件赛规则生成,
one-win-turf-2-8-late-sapporo-1600-4,札幌草地1600m一胜战,札幌草地1600m一胜战,Sapporo Turf 1600m One-Win Class,1胜,one-win,日本,草地,札幌,1600,8,2,二岁夏,2岁,,现有中文,按条件赛规则生成,
one-win-turf-3-8-late-hanshin-2000-2,阪神草地2000m一胜战,阪神草地2000m一胜战,Hanshin Turf 2000m One-Win Class,1胜,one-win,日本,草地,阪神,2000,8,2,三岁夏,3岁,,现有中文,按条件赛规则生成,
one-win-turf-3-8-late-kokura-2400-3,小仓草地2400m一胜战,小仓草地2400m一胜战,Kokura Turf 2400m One-Win Class,1胜,one-win,日本,草地,小仓,2400,8,2,三岁夏,3岁,,现有中文,按条件赛规则生成,
one-win-turf-3-8-late-kyoto-1600-1,京都草地1600m一胜战,京都草地1600m一胜战,Kyoto Turf 1600m One-Win Class,1胜,one-win,日本,草地,京都,1600,8,2,三岁夏,3岁,,现有中文,按条件赛规则生成,
one-win-turf-3-8-late-sapporo-1400-4,札幌草地1400m一胜战,札幌草地1400m一胜战,Sapporo Turf 1400m One-Win Class,1胜,one-win,日本,草地,札幌,1400,8,2,三岁夏,3岁,,现有中文,按条件赛规则生成,
two-win-dirt-3-8-late-hanshin-1800-5,阪神泥地1800m二胜战,阪神泥地1800m二胜战,Hanshin Dirt 1800m Two-Win Class,2胜,two-win,日本,泥地,阪神,1800,8,2,三岁夏,3岁,,现有中文,按条件赛规则生成,
two-win-dirt-3-8-late-kyoto-1600-4,京都泥地1600m二胜战,京都泥地1600m二胜战,Kyoto Dirt 1600m Two-Win Class,2胜,two-win,日本,泥地,京都,1600,8,2,三岁夏,3岁,,现有中文,按条件赛规则生成,
two-win-dirt-3-8-late-sapporo-2100-6,札幌泥地2100m二胜战,札幌泥地2100m二胜战,Sapporo Dirt 2100m Two-Win Class,2胜,two-win,日本,泥地,札幌,2100,8,2,三岁夏,3岁,,现有中文,按条件赛规则生成,
two-win-dirt-4-8-late-hanshin-1400-5,阪神泥地1400m二胜战,阪神泥地1400m二胜战,Hanshin Dirt 1400m Two-Win Class,2胜,two-win,日本,泥地,阪神,1400,8,2,四岁夏,4岁,,现有中文,按条件赛规则生成,
two-win-dirt-4-8-late-kyoto-2400-4,京都泥地2400m二胜战,京都泥地2400m二胜战,Kyoto Dirt 2400m Two-Win Class,2胜,two-win,日本,泥地,京都,2400,8,2,四岁夏,4岁,,现有中文,按条件赛规则生成,
two-win-dirt-4-8-late-sapporo-1700-6,札幌泥地1700m二胜战,札幌泥地1700m二胜战,Sapporo Dirt 1700m Two-Win Class,2胜,two-win,日本,泥地,札幌,1700,8,2,四岁夏,4岁,,现有中文,按条件赛规则生成,
two-win-dirt-5-8-late-hanshin-2100-5,阪神泥地2100m二胜战,阪神泥地2100m二胜战,Hanshin Dirt 2100m Two-Win Class,2胜,two-win,日本,泥地,阪神,2100,8,2,五岁夏,5岁,,现有中文,按条件赛规则生成,
two-win-dirt-5-8-late-kyoto-1800-4,京都泥地1800m二胜战,京都泥地1800m二胜战,Kyoto Dirt 1800m Two-Win Class,2胜,two-win,日本,泥地,京都,1800,8,2,五岁夏,5岁,,现有中文,按条件赛规则生成,
two-win-dirt-5-8-late-sapporo-1200-6,札幌泥地1200m二胜战,札幌泥地1200m二胜战,Sapporo Dirt 1200m Two-Win Class,2胜,two-win,日本,泥地,札幌,1200,8,2,五岁夏,5岁,,现有中文,按条件赛规则生成,
two-win-turf-3-8-late-hanshin-2000-2,阪神草地2000m二胜战,阪神草地2000m二胜战,Hanshin Turf 2000m Two-Win Class,2胜,two-win,日本,草地,阪神,2000,8,2,三岁夏,3岁,,现有中文,按条件赛规则生成,
two-win-turf-3-8-late-kokura-1200-3,小仓草地1200m二胜战,小仓草地1200m二胜战,Kokura Turf 1200m Two-Win Class,2胜,two-win,日本,草地,小仓,1200,8,2,三岁夏,3岁,,现有中文,按条件赛规则生成,
two-win-turf-3-8-late-kyoto-1600-1,京都草地1600m二胜战,京都草地1600m二胜战,Kyoto Turf 1600m Two-Win Class,2胜,two-win,日本,草地,京都,1600,8,2,三岁夏,3岁,,现有中文,按条件赛规则生成,
two-win-turf-4-8-late-hanshin-1800-2,阪神草地1800m二胜战,阪神草地1800m二胜战,Hanshin Turf 1800m Two-Win Class,2胜,two-win,日本,草地,阪神,1800,8,2,四岁夏,4岁,,现有中文,按条件赛规则生成,
two-win-turf-4-8-late-kokura-2400-3,小仓草地2400m二胜战,小仓草地2400m二胜战,Kokura Turf 2400m Two-Win Class,2胜,two-win,日本,草地,小仓,2400,8,2,四岁夏,4岁,,现有中文,按条件赛规则生成,
two-win-turf-4-8-late-kyoto-1400-1,京都草地1400m二胜战,京都草地1400m二胜战,Kyoto Turf 1400m Two-Win Class,2胜,two-win,日本,草地,京都,1400,8,2,四岁夏,4岁,,现有中文,按条件赛规则生成,
two-win-turf-5-8-late-hanshin-1600-2,阪神草地1600m二胜战,阪神草地1600m二胜战,Hanshin Turf 1600m Two-Win Class,2胜,two-win,日本,草地,阪神,1600,8,2,五岁夏,5岁,,现有中文,按条件赛规则生成,
two-win-turf-5-8-late-kokura-2200-3,小仓草地2200m二胜战,小仓草地2200m二胜战,Kokura Turf 2200m Two-Win Class,2胜,two-win,日本,草地,小仓,2200,8,2,五岁夏,5岁,,现有中文,按条件赛规则生成,
two-win-turf-5-8-late-kyoto-1200-1,京都草地1200m二胜战,京都草地1200m二胜战,Kyoto Turf 1200m Two-Win Class,2胜,two-win,日本,草地,京都,1200,8,2,五岁夏,5岁,,现有中文,按条件赛规则生成,
three-win-dirt-3-8-late-hanshin-1800-3,阪神泥地1800m三胜战,阪神泥地1800m三胜战,Hanshin Dirt 1800m Three-Win Class,3胜,three-win,日本,泥地,阪神,1800,8,2,三岁夏,3岁,,现有中文,按条件赛规则生成,
three-win-dirt-3-8-late-sapporo-1200-4,札幌泥地1200m三胜战,札幌泥地1200m三胜战,Sapporo Dirt 1200m Three-Win Class,3胜,three-win,日本,泥地,札幌,1200,8,2,三岁夏,3岁,,现有中文,按条件赛规则生成,
three-win-dirt-4-8-late-hanshin-1700-3,阪神泥地1700m三胜战,阪神泥地1700m三胜战,Hanshin Dirt 1700m Three-Win Class,3胜,three-win,日本,泥地,阪神,1700,8,2,四岁夏,4岁,,现有中文,按条件赛规则生成,
three-win-dirt-4-8-late-sapporo-2400-4,札幌泥地2400m三胜战,札幌泥地2400m三胜战,Sapporo Dirt 2400m Three-Win Class,3胜,three-win,日本,泥地,札幌,2400,8,2,四岁夏,4岁,,现有中文,按条件赛规则生成,
three-win-dirt-5-8-late-hanshin-1600-3,阪神泥地1600m三胜战,阪神泥地1600m三胜战,Hanshin Dirt 1600m Three-Win Class,3胜,three-win,日本,泥地,阪神,1600,8,2,五岁夏,5岁,,现有中文,按条件赛规则生成,
three-win-dirt-5-8-late-sapporo-1900-4,札幌泥地1900m三胜战,札幌泥地1900m三胜战,Sapporo Dirt 1900m Three-Win Class,3胜,three-win,日本,泥地,札幌,1900,8,2,五岁夏,5岁,,现有中文,按条件赛规则生成,
three-win-turf-3-8-late-kokura-2400-2,小仓草地2400m三胜战,小仓草地2400m三胜战,Kokura Turf 2400m Three-Win Class,3胜,three-win,日本,草地,小仓,2400,8,2,三岁夏,3岁,,现有中文,按条件赛规则生成,
three-win-turf-3-8-late-kyoto-1800-1,京都草地1800m三胜战,京都草地1800m三胜战,Kyoto Turf 1800m Three-Win Class,3胜,three-win,日本,草地,京都,1800,8,2,三岁夏,3岁,,现有中文,按条件赛规则生成,
three-win-turf-4-8-late-kokura-1400-2,小仓草地1400m三胜战,小仓草地1400m三胜战,Kokura Turf 1400m Three-Win Class,3胜,three-win,日本,草地,小仓,1400,8,2,四岁夏,4岁,,现有中文,按条件赛规则生成,
three-win-turf-4-8-late-kyoto-2500-1,京都草地2500m三胜战,京都草地2500m三胜战,Kyoto Turf 2500m Three-Win Class,3胜,three-win,日本,草地,京都,2500,8,2,四岁夏,4岁,,现有中文,按条件赛规则生成,
three-win-turf-5-8-late-kokura-2200-2,小仓草地2200m三胜战,小仓草地2200m三胜战,Kokura Turf 2200m Three-Win Class,3胜,three-win,日本,草地,小仓,2200,8,2,五岁夏,5岁,,现有中文,按条件赛规则生成,
three-win-turf-5-8-late-kyoto-1600-1,京都草地1600m三胜战,京都草地1600m三胜战,Kyoto Turf 1600m Three-Win Class,3胜,three-win,日本,草地,京都,1600,8,2,五岁夏,5岁,,现有中文,按条件赛规则生成,
maiden-dirt-2-8-late-kokura-1000-1,小仓泥地1000m未胜利战,小仓泥地1000m未胜利战,Kokura Dirt 1000m Maiden,未胜利,maiden,日本,泥地,小仓,1000,8,2,二岁夏,2岁,,现有中文,按条件赛规则生成,
maiden-dirt-2-8-late-sapporo-1200-2,札幌泥地1200m未胜利战,札幌泥地1200m未胜利战,Sapporo Dirt 1200m Maiden,未胜利,maiden,日本,泥地,札幌,1200,8,2,二岁夏,2岁,,现有中文,按条件赛规则生成,
maiden-dirt-3-8-late-hanshin-1200-4,阪神泥地1200m未胜利战,阪神泥地1200m未胜利战,Hanshin Dirt 1200m Maiden,未胜利,maiden,日本,泥地,阪神,1200,8,2,三岁夏,3岁,,现有中文,按条件赛规则生成,
maiden-dirt-3-8-late-kokura-1000-1,小仓泥地1000m未胜利战,小仓泥地1000m未胜利战,Kokura Dirt 1000m Maiden,未胜利,maiden,日本,泥地,小仓,1000,8,2,三岁夏,3岁,,现有中文,按条件赛规则生成,
maiden-dirt-3-8-late-kyoto-1600-3,京都泥地1600m未胜利战,京都泥地1600m未胜利战,Kyoto Dirt 1600m Maiden,未胜利,maiden,日本,泥地,京都,1600,8,2,三岁夏,3岁,,现有中文,按条件赛规则生成,
maiden-dirt-3-8-late-sapporo-1200-2,札幌泥地1200m未胜利战,札幌泥地1200m未胜利战,Sapporo Dirt 1200m Maiden,未胜利,maiden,日本,泥地,札幌,1200,8,2,三岁夏,3岁,,现有中文,按条件赛规则生成,
maiden-turf-2-8-late-hanshin-2000-2,阪神草地2000m未胜利战,阪神草地2000m未胜利战,Hanshin Turf 2000m Maiden,未胜利,maiden,日本,草地,阪神,2000,8,2,二岁夏,2岁,,现有中文,按条件赛规则生成,
maiden-turf-2-8-late-kokura-1000-3,小仓草地1000m未胜利战,小仓草地1000m未胜利战,Kokura Turf 1000m Maiden,未胜利,maiden,日本,草地,小仓,1000,8,2,二岁夏,2岁,,现有中文,按条件赛规则生成,
maiden-turf-2-8-late-kyoto-1600-1,京都草地1600m未胜利战,京都草地1600m未胜利战,Kyoto Turf 1600m Maiden,未胜利,maiden,日本,草地,京都,1600,8,2,二岁夏,2岁,,现有中文,按条件赛规则生成,
maiden-turf-2-8-late-sapporo-1200-4,札幌草地1200m未胜利战,札幌草地1200m未胜利战,Sapporo Turf 1200m Maiden,未胜利,maiden,日本,草地,札幌,1200,8,2,二岁夏,2岁,,现有中文,按条件赛规则生成,
maiden-turf-3-8-late-hanshin-2000-2,阪神草地2000m未胜利战,阪神草地2000m未胜利战,Hanshin Turf 2000m Maiden,未胜利,maiden,日本,草地,阪神,2000,8,2,三岁夏,3岁,,现有中文,按条件赛规则生成,
maiden-turf-3-8-late-kokura-1000-3,小仓草地1000m未胜利战,小仓草地1000m未胜利战,Kokura Turf 1000m Maiden,未胜利,maiden,日本,草地,小仓,1000,8,2,三岁夏,3岁,,现有中文,按条件赛规则生成,
maiden-turf-3-8-late-kyoto-1600-1,京都草地1600m未胜利战,京都草地1600m未胜利战,Kyoto Turf 1600m Maiden,未胜利,maiden,日本,草地,京都,1600,8,2,三岁夏,3岁,,现有中文,按条件赛规则生成,
maiden-turf-3-8-late-sapporo-1200-4,札幌草地1200m未胜利战,札幌草地1200m未胜利战,Sapporo Turf 1200m Maiden,未胜利,maiden,日本,草地,札幌,1200,8,2,三岁夏,3岁,,现有中文,按条件赛规则生成,
new-dirt-2-8-late-kokura-1000-1,小仓泥地1000m新马战,小仓泥地1000m新马战,Kokura Dirt 1000m Newcomer,新马,new,日本,泥地,小仓,1000,8,2,二岁夏,2岁,,现有中文,按条件赛规则生成,
new-dirt-2-8-late-sapporo-1200-2,札幌泥地1200m新马战,札幌泥地1200m新马战,Sapporo Dirt 1200m Newcomer,新马,new,日本,泥地,札幌,1200,8,2,二岁夏,2岁,,现有中文,按条件赛规则生成,
new-turf-2-8-late-hanshin-2000-2,阪神草地2000m新马战,阪神草地2000m新马战,Hanshin Turf 2000m Newcomer,新马,new,日本,草地,阪神,2000,8,2,二岁夏,2岁,,现有中文,按条件赛规则生成,
new-turf-2-8-late-kokura-1000-3,小仓草地1000m新马战,小仓草地1000m新马战,Kokura Turf 1000m Newcomer,新马,new,日本,草地,小仓,1000,8,2,二岁夏,2岁,,现有中文,按条件赛规则生成,
new-turf-2-8-late-kyoto-1600-1,京都草地1600m新马战,京都草地1600m新马战,Kyoto Turf 1600m Newcomer,新马,new,日本,草地,京都,1600,8,2,二岁夏,2岁,,现有中文,按条件赛规则生成,
new-turf-2-8-late-sapporo-1200-4,札幌草地1200m新马战,札幌草地1200m新马战,Sapporo Turf 1200m Newcomer,新马,new,日本,草地,札幌,1200,8,2,二岁夏,2岁,,现有中文,按条件赛规则生成,
sapporo-kinen,札幌记念,札幌记念,Sapporo Kinen,G2,g2,日本,草地,札幌,2000,8,2,三岁夏,3岁以上,,现有中文,由ID自动生成待核对,
chukyo-nisai-stakes,中京2岁S,中京2岁锦标,Chukyo Nisai Stakes,G3,g3,日本,草地,中京,1400,8,2,二岁夏,2岁,,自动规范化待核对,由ID自动生成待核对,
keeneland-cup,Keeneland C,肯尼兰杯,Keeneland C,G3,g3,日本,草地,札幌,1200,8,2,三岁夏,3岁以上,,自译待核对,现有英文,
kitakyushu-kinen,北九州记念,北九州记念,Kitakyushu Kinen,G3,g3,日本,草地,小仓,1200,8,2,三岁夏,3岁以上,,现有中文,由ID自动生成待核对,
niigata-nisai-stakes,新潟2岁S,新潟2岁锦标,Niigata Nisai Stakes,G3,g3,日本,草地,新潟,1600,8,2,二岁夏,2岁,,自动规范化待核对,由ID自动生成待核对,
breeders-gold-cup,育马者金杯,育马者金杯,Breeders Gold Cup,JpnIII,jpn3,日本,泥地,门别,2000,8,2,三岁夏,3岁以上,牝马,现有中文,由ID自动生成待核对,
hokkaido-sprint-cup,北海道短途杯,北海道短途杯,Hokkaido Sprint Cup,JpnIII,jpn3,日本,泥地,门别,1200,8,2,三岁夏,3岁,,现有中文,由ID自动生成待核对,
summer-champion,夏季冠军赛,夏季冠军赛,Summer Champion,JpnIII,jpn3,日本,泥地,佐贺,1400,8,2,三岁夏,3岁以上,,现有中文,由ID自动生成待核对,
himawari-sho,ひまわり賞,向日葵赏,Himawari Sho,OP,op,日本,草地,小仓,1200,8,2,二岁夏,2岁,,自译待核对,由ID自动生成待核对,
one-win-dirt-2-9-early-nakayama-1200-6,中山泥地1200m一胜战,中山泥地1200m一胜战,Nakayama Dirt 1200m One-Win Class,1胜,one-win,日本,泥地,中山,1200,9,1,二岁秋,2岁,,现有中文,按条件赛规则生成,
one-win-dirt-2-9-early-niigata-1600-7,新潟泥地1600m一胜战,新潟泥地1600m一胜战,Niigata Dirt 1600m One-Win Class,1胜,one-win,日本,泥地,新潟,1600,9,1,二岁秋,2岁,,现有中文,按条件赛规则生成,
one-win-dirt-2-9-early-tokyo-1400-5,东京泥地1400m一胜战,东京泥地1400m一胜战,Tokyo Dirt 1400m One-Win Class,1胜,one-win,日本,泥地,东京,1400,9,1,二岁秋,2岁,,现有中文,按条件赛规则生成,
one-win-dirt-3-9-early-nakayama-1800-6,中山泥地1800m一胜战,中山泥地1800m一胜战,Nakayama Dirt 1800m One-Win Class,1胜,one-win,日本,泥地,中山,1800,9,1,三岁秋,3岁,,现有中文,按条件赛规则生成,
one-win-dirt-3-9-early-niigata-1200-7,新潟泥地1200m一胜战,新潟泥地1200m一胜战,Niigata Dirt 1200m One-Win Class,1胜,one-win,日本,泥地,新潟,1200,9,1,三岁秋,3岁,,现有中文,按条件赛规则生成,
one-win-dirt-3-9-early-tokyo-1600-5,东京泥地1600m一胜战,东京泥地1600m一胜战,Tokyo Dirt 1600m One-Win Class,1胜,one-win,日本,泥地,东京,1600,9,1,三岁秋,3岁,,现有中文,按条件赛规则生成,
one-win-turf-2-9-early-fukushima-1200-4,福岛草地1200m一胜战,福岛草地1200m一胜战,Fukushima Turf 1200m One-Win Class,1胜,one-win,日本,草地,福岛,1200,9,1,二岁秋,2岁,,现有中文,按条件赛规则生成,
one-win-turf-2-9-early-nakayama-1400-2,中山草地1400m一胜战,中山草地1400m一胜战,Nakayama Turf 1400m One-Win Class,1胜,one-win,日本,草地,中山,1400,9,1,二岁秋,2岁,,现有中文,按条件赛规则生成,
one-win-turf-2-9-early-niigata-1800-3,新潟草地1800m一胜战,新潟草地1800m一胜战,Niigata Turf 1800m One-Win Class,1胜,one-win,日本,草地,新潟,1800,9,1,二岁秋,2岁,,现有中文,按条件赛规则生成,
one-win-turf-2-9-early-tokyo-2000-1,东京草地2000m一胜战,东京草地2000m一胜战,Tokyo Turf 2000m One-Win Class,1胜,one-win,日本,草地,东京,2000,9,1,二岁秋,2岁,,现有中文,按条件赛规则生成,
one-win-turf-3-9-early-fukushima-1800-4,福岛草地1800m一胜战,福岛草地1800m一胜战,Fukushima Turf 1800m One-Win Class,1胜,one-win,日本,草地,福岛,1800,9,1,三岁秋,3岁,,现有中文,按条件赛规则生成,
one-win-turf-3-9-early-nakayama-2400-2,中山草地2400m一胜战,中山草地2400m一胜战,Nakayama Turf 2400m One-Win Class,1胜,one-win,日本,草地,中山,2400,9,1,三岁秋,3岁,,现有中文,按条件赛规则生成,
one-win-turf-3-9-early-niigata-1400-3,新潟草地1400m一胜战,新潟草地1400m一胜战,Niigata Turf 1400m One-Win Class,1胜,one-win,日本,草地,新潟,1400,9,1,三岁秋,3岁,,现有中文,按条件赛规则生成,
one-win-turf-3-9-early-tokyo-2000-1,东京草地2000m一胜战,东京草地2000m一胜战,Tokyo Turf 2000m One-Win Class,1胜,one-win,日本,草地,东京,2000,9,1,三岁秋,3岁,,现有中文,按条件赛规则生成,
two-win-dirt-3-9-early-fukushima-1200-6,福岛泥地1200m二胜战,福岛泥地1200m二胜战,Fukushima Dirt 1200m Two-Win Class,2胜,two-win,日本,泥地,福岛,1200,9,1,三岁秋,3岁,,现有中文,按条件赛规则生成,
two-win-dirt-3-9-early-nakayama-1800-5,中山泥地1800m二胜战,中山泥地1800m二胜战,Nakayama Dirt 1800m Two-Win Class,2胜,two-win,日本,泥地,中山,1800,9,1,三岁秋,3岁,,现有中文,按条件赛规则生成,
two-win-dirt-3-9-early-tokyo-1600-4,东京泥地1600m二胜战,东京泥地1600m二胜战,Tokyo Dirt 1600m Two-Win Class,2胜,two-win,日本,泥地,东京,1600,9,1,三岁秋,3岁,,现有中文,按条件赛规则生成,
two-win-dirt-4-9-early-fukushima-1400-6,福岛泥地1400m二胜战,福岛泥地1400m二胜战,Fukushima Dirt 1400m Two-Win Class,2胜,two-win,日本,泥地,福岛,1400,9,1,四岁秋,4岁,,现有中文,按条件赛规则生成,
two-win-dirt-4-9-early-nakayama-1900-5,中山泥地1900m二胜战,中山泥地1900m二胜战,Nakayama Dirt 1900m Two-Win Class,2胜,two-win,日本,泥地,中山,1900,9,1,四岁秋,4岁,,现有中文,按条件赛规则生成,
two-win-dirt-4-9-early-tokyo-1700-4,东京泥地1700m二胜战,东京泥地1700m二胜战,Tokyo Dirt 1700m Two-Win Class,2胜,two-win,日本,泥地,东京,1700,9,1,四岁秋,4岁,,现有中文,按条件赛规则生成,
two-win-dirt-5-9-early-fukushima-1600-6,福岛泥地1600m二胜战,福岛泥地1600m二胜战,Fukushima Dirt 1600m Two-Win Class,2胜,two-win,日本,泥地,福岛,1600,9,1,五岁秋,5岁,,现有中文,按条件赛规则生成,
two-win-dirt-5-9-early-nakayama-1200-5,中山泥地1200m二胜战,中山泥地1200m二胜战,Nakayama Dirt 1200m Two-Win Class,2胜,two-win,日本,泥地,中山,1200,9,1,五岁秋,5岁,,现有中文,按条件赛规则生成,
two-win-dirt-5-9-early-tokyo-1800-4,东京泥地1800m二胜战,东京泥地1800m二胜战,Tokyo Dirt 1800m Two-Win Class,2胜,two-win,日本,泥地,东京,1800,9,1,五岁秋,5岁,,现有中文,按条件赛规则生成,
two-win-turf-3-9-early-nakayama-2400-2,中山草地2400m二胜战,中山草地2400m二胜战,Nakayama Turf 2400m Two-Win Class,2胜,two-win,日本,草地,中山,2400,9,1,三岁秋,3岁,,现有中文,按条件赛规则生成,
two-win-turf-3-9-early-niigata-1200-3,新潟草地1200m二胜战,新潟草地1200m二胜战,Niigata Turf 1200m Two-Win Class,2胜,two-win,日本,草地,新潟,1200,9,1,三岁秋,3岁,,现有中文,按条件赛规则生成,
two-win-turf-3-9-early-tokyo-2000-1,东京草地2000m二胜战,东京草地2000m二胜战,Tokyo Turf 2000m Two-Win Class,2胜,two-win,日本,草地,东京,2000,9,1,三岁秋,3岁,,现有中文,按条件赛规则生成,
two-win-turf-4-9-early-nakayama-1400-2,中山草地1400m二胜战,中山草地1400m二胜战,Nakayama Turf 1400m Two-Win Class,2胜,two-win,日本,草地,中山,1400,9,1,四岁秋,4岁,,现有中文,按条件赛规则生成,
two-win-turf-4-9-early-niigata-2000-3,新潟草地2000m二胜战,新潟草地2000m二胜战,Niigata Turf 2000m Two-Win Class,2胜,two-win,日本,草地,新潟,2000,9,1,四岁秋,4岁,,现有中文,按条件赛规则生成,
two-win-turf-4-9-early-tokyo-2600-1,东京草地2600m二胜战,东京草地2600m二胜战,Tokyo Turf 2600m Two-Win Class,2胜,two-win,日本,草地,东京,2600,9,1,四岁秋,4岁,,现有中文,按条件赛规则生成,
two-win-turf-5-9-early-nakayama-2200-2,中山草地2200m二胜战,中山草地2200m二胜战,Nakayama Turf 2200m Two-Win Class,2胜,two-win,日本,草地,中山,2200,9,1,五岁秋,5岁,,现有中文,按条件赛规则生成,
two-win-turf-5-9-early-niigata-2600-3,新潟草地2600m二胜战,新潟草地2600m二胜战,Niigata Turf 2600m Two-Win Class,2胜,two-win,日本,草地,新潟,2600,9,1,五岁秋,5岁,,现有中文,按条件赛规则生成,
two-win-turf-5-9-early-tokyo-1800-1,东京草地1800m二胜战,东京草地1800m二胜战,Tokyo Turf 1800m Two-Win Class,2胜,two-win,日本,草地,东京,1800,9,1,五岁秋,5岁,,现有中文,按条件赛规则生成,
three-win-dirt-3-9-early-fukushima-1200-4,福岛泥地1200m三胜战,福岛泥地1200m三胜战,Fukushima Dirt 1200m Three-Win Class,3胜,three-win,日本,泥地,福岛,1200,9,1,三岁秋,3岁,,现有中文,按条件赛规则生成,
three-win-dirt-3-9-early-nakayama-1700-3,中山泥地1700m三胜战,中山泥地1700m三胜战,Nakayama Dirt 1700m Three-Win Class,3胜,three-win,日本,泥地,中山,1700,9,1,三岁秋,3岁,,现有中文,按条件赛规则生成,
three-win-dirt-4-9-early-fukushima-1400-4,福岛泥地1400m三胜战,福岛泥地1400m三胜战,Fukushima Dirt 1400m Three-Win Class,3胜,three-win,日本,泥地,福岛,1400,9,1,四岁秋,4岁,,现有中文,按条件赛规则生成,
three-win-dirt-4-9-early-nakayama-1800-3,中山泥地1800m三胜战,中山泥地1800m三胜战,Nakayama Dirt 1800m Three-Win Class,3胜,three-win,日本,泥地,中山,1800,9,1,四岁秋,4岁,,现有中文,按条件赛规则生成,
three-win-dirt-5-9-early-fukushima-1600-4,福岛泥地1600m三胜战,福岛泥地1600m三胜战,Fukushima Dirt 1600m Three-Win Class,3胜,three-win,日本,泥地,福岛,1600,9,1,五岁秋,5岁,,现有中文,按条件赛规则生成,
three-win-dirt-5-9-early-nakayama-1900-3,中山泥地1900m三胜战,中山泥地1900m三胜战,Nakayama Dirt 1900m Three-Win Class,3胜,three-win,日本,泥地,中山,1900,9,1,五岁秋,5岁,,现有中文,按条件赛规则生成,
three-win-turf-3-9-early-niigata-1400-2,新潟草地1400m三胜战,新潟草地1400m三胜战,Niigata Turf 1400m Three-Win Class,3胜,three-win,日本,草地,新潟,1400,9,1,三岁秋,3岁,,现有中文,按条件赛规则生成,
three-win-turf-3-9-early-tokyo-2200-1,东京草地2200m三胜战,东京草地2200m三胜战,Tokyo Turf 2200m Three-Win Class,3胜,three-win,日本,草地,东京,2200,9,1,三岁秋,3岁,,现有中文,按条件赛规则生成,
three-win-turf-4-9-early-niigata-1200-2,新潟草地1200m三胜战,新潟草地1200m三胜战,Niigata Turf 1200m Three-Win Class,3胜,three-win,日本,草地,新潟,1200,9,1,四岁秋,4岁,,现有中文,按条件赛规则生成,
three-win-turf-4-9-early-tokyo-2000-1,东京草地2000m三胜战,东京草地2000m三胜战,Tokyo Turf 2000m Three-Win Class,3胜,three-win,日本,草地,东京,2000,9,1,四岁秋,4岁,,现有中文,按条件赛规则生成,
three-win-turf-5-9-early-niigata-2400-2,新潟草地2400m三胜战,新潟草地2400m三胜战,Niigata Turf 2400m Three-Win Class,3胜,three-win,日本,草地,新潟,2400,9,1,五岁秋,5岁,,现有中文,按条件赛规则生成,
three-win-turf-5-9-early-tokyo-1800-1,东京草地1800m三胜战,东京草地1800m三胜战,Tokyo Turf 1800m Three-Win Class,3胜,three-win,日本,草地,东京,1800,9,1,五岁秋,5岁,,现有中文,按条件赛规则生成,
maiden-dirt-2-9-early-fukushima-1400-2,福岛泥地1400m未胜利战,福岛泥地1400m未胜利战,Fukushima Dirt 1400m Maiden,未胜利,maiden,日本,泥地,福岛,1400,9,1,二岁秋,2岁,,现有中文,按条件赛规则生成,
maiden-dirt-2-9-early-niigata-1200-1,新潟泥地1200m未胜利战,新潟泥地1200m未胜利战,Niigata Dirt 1200m Maiden,未胜利,maiden,日本,泥地,新潟,1200,9,1,二岁秋,2岁,,现有中文,按条件赛规则生成,
maiden-dirt-3-9-early-fukushima-1400-2,福岛泥地1400m未胜利战,福岛泥地1400m未胜利战,Fukushima Dirt 1400m Maiden,未胜利,maiden,日本,泥地,福岛,1400,9,1,三岁秋,3岁,,现有中文,按条件赛规则生成,
maiden-dirt-3-9-early-nakayama-1400-4,中山泥地1400m未胜利战,中山泥地1400m未胜利战,Nakayama Dirt 1400m Maiden,未胜利,maiden,日本,泥地,中山,1400,9,1,三岁秋,3岁,,现有中文,按条件赛规则生成,
maiden-dirt-3-9-early-niigata-1200-1,新潟泥地1200m未胜利战,新潟泥地1200m未胜利战,Niigata Dirt 1200m Maiden,未胜利,maiden,日本,泥地,新潟,1200,9,1,三岁秋,3岁,,现有中文,按条件赛规则生成,
maiden-dirt-3-9-early-tokyo-1800-3,东京泥地1800m未胜利战,东京泥地1800m未胜利战,Tokyo Dirt 1800m Maiden,未胜利,maiden,日本,泥地,东京,1800,9,1,三岁秋,3岁,,现有中文,按条件赛规则生成,
maiden-turf-2-9-early-fukushima-1400-4,福岛草地1400m未胜利战,福岛草地1400m未胜利战,Fukushima Turf 1400m Maiden,未胜利,maiden,日本,草地,福岛,1400,9,1,二岁秋,2岁,,现有中文,按条件赛规则生成,
maiden-turf-2-9-early-nakayama-1000-2,中山草地1000m未胜利战,中山草地1000m未胜利战,Nakayama Turf 1000m Maiden,未胜利,maiden,日本,草地,中山,1000,9,1,二岁秋,2岁,,现有中文,按条件赛规则生成,
maiden-turf-2-9-early-niigata-1200-3,新潟草地1200m未胜利战,新潟草地1200m未胜利战,Niigata Turf 1200m Maiden,未胜利,maiden,日本,草地,新潟,1200,9,1,二岁秋,2岁,,现有中文,按条件赛规则生成,
maiden-turf-2-9-early-tokyo-1800-1,东京草地1800m未胜利战,东京草地1800m未胜利战,Tokyo Turf 1800m Maiden,未胜利,maiden,日本,草地,东京,1800,9,1,二岁秋,2岁,,现有中文,按条件赛规则生成,
maiden-turf-3-9-early-fukushima-1400-4,福岛草地1400m未胜利战,福岛草地1400m未胜利战,Fukushima Turf 1400m Maiden,未胜利,maiden,日本,草地,福岛,1400,9,1,三岁秋,3岁,,现有中文,按条件赛规则生成,
maiden-turf-3-9-early-nakayama-1000-2,中山草地1000m未胜利战,中山草地1000m未胜利战,Nakayama Turf 1000m Maiden,未胜利,maiden,日本,草地,中山,1000,9,1,三岁秋,3岁,,现有中文,按条件赛规则生成,
maiden-turf-3-9-early-niigata-1200-3,新潟草地1200m未胜利战,新潟草地1200m未胜利战,Niigata Turf 1200m Maiden,未胜利,maiden,日本,草地,新潟,1200,9,1,三岁秋,3岁,,现有中文,按条件赛规则生成,
maiden-turf-3-9-early-tokyo-1800-1,东京草地1800m未胜利战,东京草地1800m未胜利战,Tokyo Turf 1800m Maiden,未胜利,maiden,日本,草地,东京,1800,9,1,三岁秋,3岁,,现有中文,按条件赛规则生成,
new-dirt-2-9-early-fukushima-1400-2,福岛泥地1400m新马战,福岛泥地1400m新马战,Fukushima Dirt 1400m Newcomer,新马,new,日本,泥地,福岛,1400,9,1,二岁秋,2岁,,现有中文,按条件赛规则生成,
new-dirt-2-9-early-niigata-1200-1,新潟泥地1200m新马战,新潟泥地1200m新马战,Niigata Dirt 1200m Newcomer,新马,new,日本,泥地,新潟,1200,9,1,二岁秋,2岁,,现有中文,按条件赛规则生成,
new-turf-2-9-early-fukushima-1400-4,福岛草地1400m新马战,福岛草地1400m新马战,Fukushima Turf 1400m Newcomer,新马,new,日本,草地,福岛,1400,9,1,二岁秋,2岁,,现有中文,按条件赛规则生成,
new-turf-2-9-early-nakayama-1000-2,中山草地1000m新马战,中山草地1000m新马战,Nakayama Turf 1000m Newcomer,新马,new,日本,草地,中山,1000,9,1,二岁秋,2岁,,现有中文,按条件赛规则生成,
new-turf-2-9-early-niigata-1200-3,新潟草地1200m新马战,新潟草地1200m新马战,Niigata Turf 1200m Newcomer,新马,new,日本,草地,新潟,1200,9,1,二岁秋,2岁,,现有中文,按条件赛规则生成,
new-turf-2-9-early-tokyo-1800-1,东京草地1800m新马战,东京草地1800m新马战,Tokyo Turf 1800m Newcomer,新马,new,日本,草地,东京,1800,9,1,二岁秋,2岁,,现有中文,按条件赛规则生成,
centaur-stakes,人马S,人马锦标,Centaur Stakes,G2,g2,日本,草地,阪神,1200,9,1,三岁秋,3岁以上,,自动规范化待核对,由ID自动生成待核对,
shion-stakes,紫苑S,紫苑锦标,Shion Stakes,G2,g2,日本,草地,中山,2000,9,1,三岁秋,3岁,牝马,自动规范化待核对,由ID自动生成待核对,
keisei-hai-autumn-handicap,京成杯AH,京成杯秋季让赛,Keisei Hai Autumn Handicap,G3,g3,日本,草地,中山,1600,9,1,三岁秋,3岁以上,,自动规范化待核对,由ID自动生成待核对,
niigata-kinen,新潟记念,新潟记念,Niigata Kinen,G3,g3,日本,草地,新潟,2000,9,1,三岁秋,3岁以上,,现有中文,由ID自动生成待核对,
sapporo-nisai-stakes,札幌2岁S,札幌2岁锦标,Sapporo Nisai Stakes,G3,g3,日本,草地,札幌,1800,9,1,二岁秋,2岁,,自动规范化待核对,由ID自动生成待核对,
furukata-award,不来方赏,不来方赏,Furukata Award,JpnII,jpn2,日本,泥地,盛冈,2000,9,1,三岁秋,3岁,,现有中文,由ID自动生成待核对,
one-win-dirt-2-9-late-hanshin-1400-6,阪神泥地1400m一胜战,阪神泥地1400m一胜战,Hanshin Dirt 1400m One-Win Class,1胜,one-win,日本,泥地,阪神,1400,9,2,二岁秋,2岁,,现有中文,按条件赛规则生成,
one-win-dirt-2-9-late-kokura-1200-7,小仓泥地1200m一胜战,小仓泥地1200m一胜战,Kokura Dirt 1200m One-Win Class,1胜,one-win,日本,泥地,小仓,1200,9,2,二岁秋,2岁,,现有中文,按条件赛规则生成,
one-win-dirt-2-9-late-kyoto-1600-5,京都泥地1600m一胜战,京都泥地1600m一胜战,Kyoto Dirt 1600m One-Win Class,1胜,one-win,日本,泥地,京都,1600,9,2,二岁秋,2岁,,现有中文,按条件赛规则生成,
one-win-dirt-3-9-late-hanshin-1900-6,阪神泥地1900m一胜战,阪神泥地1900m一胜战,Hanshin Dirt 1900m One-Win Class,1胜,one-win,日本,泥地,阪神,1900,9,2,三岁秋,3岁,,现有中文,按条件赛规则生成,
one-win-dirt-3-9-late-kokura-1400-7,小仓泥地1400m一胜战,小仓泥地1400m一胜战,Kokura Dirt 1400m One-Win Class,1胜,one-win,日本,泥地,小仓,1400,9,2,三岁秋,3岁,,现有中文,按条件赛规则生成,
one-win-dirt-3-9-late-kyoto-1700-5,京都泥地1700m一胜战,京都泥地1700m一胜战,Kyoto Dirt 1700m One-Win Class,1胜,one-win,日本,泥地,京都,1700,9,2,三岁秋,3岁,,现有中文,按条件赛规则生成,
one-win-turf-2-9-late-chukyo-1400-4,中京草地1400m一胜战,中京草地1400m一胜战,Chukyo Turf 1400m One-Win Class,1胜,one-win,日本,草地,中京,1400,9,2,二岁秋,2岁,,现有中文,按条件赛规则生成,
one-win-turf-2-9-late-hanshin-1600-2,阪神草地1600m一胜战,阪神草地1600m一胜战,Hanshin Turf 1600m One-Win Class,1胜,one-win,日本,草地,阪神,1600,9,2,二岁秋,2岁,,现有中文,按条件赛规则生成,
one-win-turf-2-9-late-kokura-2000-3,小仓草地2000m一胜战,小仓草地2000m一胜战,Kokura Turf 2000m One-Win Class,1胜,one-win,日本,草地,小仓,2000,9,2,二岁秋,2岁,,现有中文,按条件赛规则生成,
one-win-turf-2-9-late-kyoto-1200-1,京都草地1200m一胜战,京都草地1200m一胜战,Kyoto Turf 1200m One-Win Class,1胜,one-win,日本,草地,京都,1200,9,2,二岁秋,2岁,,现有中文,按条件赛规则生成,
one-win-turf-3-9-late-chukyo-2000-4,中京草地2000m一胜战,中京草地2000m一胜战,Chukyo Turf 2000m One-Win Class,1胜,one-win,日本,草地,中京,2000,9,2,三岁秋,3岁,,现有中文,按条件赛规则生成,
one-win-turf-3-9-late-hanshin-1200-2,阪神草地1200m一胜战,阪神草地1200m一胜战,Hanshin Turf 1200m One-Win Class,1胜,one-win,日本,草地,阪神,1200,9,2,三岁秋,3岁,,现有中文,按条件赛规则生成,
one-win-turf-3-9-late-kokura-1600-3,小仓草地1600m一胜战,小仓草地1600m一胜战,Kokura Turf 1600m One-Win Class,1胜,one-win,日本,草地,小仓,1600,9,2,三岁秋,3岁,,现有中文,按条件赛规则生成,
one-win-turf-3-9-late-kyoto-2200-1,京都草地2200m一胜战,京都草地2200m一胜战,Kyoto Turf 2200m One-Win Class,1胜,one-win,日本,草地,京都,2200,9,2,三岁秋,3岁,,现有中文,按条件赛规则生成,
two-win-dirt-3-9-late-chukyo-1400-6,中京泥地1400m二胜战,中京泥地1400m二胜战,Chukyo Dirt 1400m Two-Win Class,2胜,two-win,日本,泥地,中京,1400,9,2,三岁秋,3岁,,现有中文,按条件赛规则生成,
two-win-dirt-3-9-late-hanshin-1900-5,阪神泥地1900m二胜战,阪神泥地1900m二胜战,Hanshin Dirt 1900m Two-Win Class,2胜,two-win,日本,泥地,阪神,1900,9,2,三岁秋,3岁,,现有中文,按条件赛规则生成,
two-win-dirt-3-9-late-kyoto-1700-4,京都泥地1700m二胜战,京都泥地1700m二胜战,Kyoto Dirt 1700m Two-Win Class,2胜,two-win,日本,泥地,京都,1700,9,2,三岁秋,3岁,,现有中文,按条件赛规则生成,
two-win-dirt-4-9-late-chukyo-1600-6,中京泥地1600m二胜战,中京泥地1600m二胜战,Chukyo Dirt 1600m Two-Win Class,2胜,two-win,日本,泥地,中京,1600,9,2,四岁秋,4岁,,现有中文,按条件赛规则生成,
two-win-dirt-4-9-late-hanshin-1200-5,阪神泥地1200m二胜战,阪神泥地1200m二胜战,Hanshin Dirt 1200m Two-Win Class,2胜,two-win,日本,泥地,阪神,1200,9,2,四岁秋,4岁,,现有中文,按条件赛规则生成,
two-win-dirt-4-9-late-kyoto-1800-4,京都泥地1800m二胜战,京都泥地1800m二胜战,Kyoto Dirt 1800m Two-Win Class,2胜,two-win,日本,泥地,京都,1800,9,2,四岁秋,4岁,,现有中文,按条件赛规则生成,
two-win-dirt-5-9-late-chukyo-1700-6,中京泥地1700m二胜战,中京泥地1700m二胜战,Chukyo Dirt 1700m Two-Win Class,2胜,two-win,日本,泥地,中京,1700,9,2,五岁秋,5岁,,现有中文,按条件赛规则生成,
two-win-dirt-5-9-late-hanshin-1400-5,阪神泥地1400m二胜战,阪神泥地1400m二胜战,Hanshin Dirt 1400m Two-Win Class,2胜,two-win,日本,泥地,阪神,1400,9,2,五岁秋,5岁,,现有中文,按条件赛规则生成,
two-win-dirt-5-9-late-kyoto-1900-4,京都泥地1900m二胜战,京都泥地1900m二胜战,Kyoto Dirt 1900m Two-Win Class,2胜,two-win,日本,泥地,京都,1900,9,2,五岁秋,5岁,,现有中文,按条件赛规则生成,
two-win-turf-3-9-late-hanshin-2500-2,阪神草地2500m二胜战,阪神草地2500m二胜战,Hanshin Turf 2500m Two-Win Class,2胜,two-win,日本,草地,阪神,2500,9,2,三岁秋,3岁,,现有中文,按条件赛规则生成,
two-win-turf-3-9-late-kokura-1400-3,小仓草地1400m二胜战,小仓草地1400m二胜战,Kokura Turf 1400m Two-Win Class,2胜,two-win,日本,草地,小仓,1400,9,2,三岁秋,3岁,,现有中文,按条件赛规则生成,
two-win-turf-3-9-late-kyoto-2200-1,京都草地2200m二胜战,京都草地2200m二胜战,Kyoto Turf 2200m Two-Win Class,2胜,two-win,日本,草地,京都,2200,9,2,三岁秋,3岁,,现有中文,按条件赛规则生成,
two-win-turf-4-9-late-hanshin-1600-2,阪神草地1600m二胜战,阪神草地1600m二胜战,Hanshin Turf 1600m Two-Win Class,2胜,two-win,日本,草地,阪神,1600,9,2,四岁秋,4岁,,现有中文,按条件赛规则生成,
two-win-turf-4-9-late-kokura-2200-3,小仓草地2200m二胜战,小仓草地2200m二胜战,Kokura Turf 2200m Two-Win Class,2胜,two-win,日本,草地,小仓,2200,9,2,四岁秋,4岁,,现有中文,按条件赛规则生成,
two-win-turf-4-9-late-kyoto-1200-1,京都草地1200m二胜战,京都草地1200m二胜战,Kyoto Turf 1200m Two-Win Class,2胜,two-win,日本,草地,京都,1200,9,2,四岁秋,4岁,,现有中文,按条件赛规则生成,
two-win-turf-5-9-late-hanshin-2400-2,阪神草地2400m二胜战,阪神草地2400m二胜战,Hanshin Turf 2400m Two-Win Class,2胜,two-win,日本,草地,阪神,2400,9,2,五岁秋,5岁,,现有中文,按条件赛规则生成,
two-win-turf-5-9-late-kokura-1200-3,小仓草地1200m二胜战,小仓草地1200m二胜战,Kokura Turf 1200m Two-Win Class,2胜,two-win,日本,草地,小仓,1200,9,2,五岁秋,5岁,,现有中文,按条件赛规则生成,
two-win-turf-5-9-late-kyoto-2000-1,京都草地2000m二胜战,京都草地2000m二胜战,Kyoto Turf 2000m Two-Win Class,2胜,two-win,日本,草地,京都,2000,9,2,五岁秋,5岁,,现有中文,按条件赛规则生成,
three-win-dirt-3-9-late-chukyo-1400-4,中京泥地1400m三胜战,中京泥地1400m三胜战,Chukyo Dirt 1400m Three-Win Class,3胜,three-win,日本,泥地,中京,1400,9,2,三岁秋,3岁,,现有中文,按条件赛规则生成,
three-win-dirt-3-9-late-hanshin-1800-3,阪神泥地1800m三胜战,阪神泥地1800m三胜战,Hanshin Dirt 1800m Three-Win Class,3胜,three-win,日本,泥地,阪神,1800,9,2,三岁秋,3岁,,现有中文,按条件赛规则生成,
three-win-dirt-4-9-late-chukyo-1600-4,中京泥地1600m三胜战,中京泥地1600m三胜战,Chukyo Dirt 1600m Three-Win Class,3胜,three-win,日本,泥地,中京,1600,9,2,四岁秋,4岁,,现有中文,按条件赛规则生成,
three-win-dirt-4-9-late-hanshin-1900-3,阪神泥地1900m三胜战,阪神泥地1900m三胜战,Hanshin Dirt 1900m Three-Win Class,3胜,three-win,日本,泥地,阪神,1900,9,2,四岁秋,4岁,,现有中文,按条件赛规则生成,
three-win-dirt-5-9-late-chukyo-1700-4,中京泥地1700m三胜战,中京泥地1700m三胜战,Chukyo Dirt 1700m Three-Win Class,3胜,three-win,日本,泥地,中京,1700,9,2,五岁秋,5岁,,现有中文,按条件赛规则生成,
three-win-dirt-5-9-late-hanshin-1200-3,阪神泥地1200m三胜战,阪神泥地1200m三胜战,Hanshin Dirt 1200m Three-Win Class,3胜,three-win,日本,泥地,阪神,1200,9,2,五岁秋,5岁,,现有中文,按条件赛规则生成,
three-win-turf-3-9-late-kokura-1600-2,小仓草地1600m三胜战,小仓草地1600m三胜战,Kokura Turf 1600m Three-Win Class,3胜,three-win,日本,草地,小仓,1600,9,2,三岁秋,3岁,,现有中文,按条件赛规则生成,
three-win-turf-3-9-late-kyoto-2400-1,京都草地2400m三胜战,京都草地2400m三胜战,Kyoto Turf 2400m Three-Win Class,3胜,three-win,日本,草地,京都,2400,9,2,三岁秋,3岁,,现有中文,按条件赛规则生成,
three-win-turf-4-9-late-kokura-1400-2,小仓草地1400m三胜战,小仓草地1400m三胜战,Kokura Turf 1400m Three-Win Class,3胜,three-win,日本,草地,小仓,1400,9,2,四岁秋,4岁,,现有中文,按条件赛规则生成,
three-win-turf-4-9-late-kyoto-2200-1,京都草地2200m三胜战,京都草地2200m三胜战,Kyoto Turf 2200m Three-Win Class,3胜,three-win,日本,草地,京都,2200,9,2,四岁秋,4岁,,现有中文,按条件赛规则生成,
three-win-turf-5-9-late-kokura-1200-2,小仓草地1200m三胜战,小仓草地1200m三胜战,Kokura Turf 1200m Three-Win Class,3胜,three-win,日本,草地,小仓,1200,9,2,五岁秋,5岁,,现有中文,按条件赛规则生成,
three-win-turf-5-9-late-kyoto-2000-1,京都草地2000m三胜战,京都草地2000m三胜战,Kyoto Turf 2000m Three-Win Class,3胜,three-win,日本,草地,京都,2000,9,2,五岁秋,5岁,,现有中文,按条件赛规则生成,
maiden-dirt-2-9-late-chukyo-1000-2,中京泥地1000m未胜利战,中京泥地1000m未胜利战,Chukyo Dirt 1000m Maiden,未胜利,maiden,日本,泥地,中京,1000,9,2,二岁秋,2岁,,现有中文,按条件赛规则生成,
maiden-dirt-2-9-late-kokura-1400-1,小仓泥地1400m未胜利战,小仓泥地1400m未胜利战,Kokura Dirt 1400m Maiden,未胜利,maiden,日本,泥地,小仓,1400,9,2,二岁秋,2岁,,现有中文,按条件赛规则生成,
maiden-dirt-3-9-late-chukyo-1000-2,中京泥地1000m未胜利战,中京泥地1000m未胜利战,Chukyo Dirt 1000m Maiden,未胜利,maiden,日本,泥地,中京,1000,9,2,三岁秋,3岁,,现有中文,按条件赛规则生成,
maiden-dirt-3-9-late-hanshin-1600-4,阪神泥地1600m未胜利战,阪神泥地1600m未胜利战,Hanshin Dirt 1600m Maiden,未胜利,maiden,日本,泥地,阪神,1600,9,2,三岁秋,3岁,,现有中文,按条件赛规则生成,
maiden-dirt-3-9-late-kokura-1400-1,小仓泥地1400m未胜利战,小仓泥地1400m未胜利战,Kokura Dirt 1400m Maiden,未胜利,maiden,日本,泥地,小仓,1400,9,2,三岁秋,3岁,,现有中文,按条件赛规则生成,
maiden-dirt-3-9-late-kyoto-1200-3,京都泥地1200m未胜利战,京都泥地1200m未胜利战,Kyoto Dirt 1200m Maiden,未胜利,maiden,日本,泥地,京都,1200,9,2,三岁秋,3岁,,现有中文,按条件赛规则生成,
maiden-turf-2-9-late-chukyo-1000-4,中京草地1000m未胜利战,中京草地1000m未胜利战,Chukyo Turf 1000m Maiden,未胜利,maiden,日本,草地,中京,1000,9,2,二岁秋,2岁,,现有中文,按条件赛规则生成,
maiden-turf-2-9-late-hanshin-1200-2,阪神草地1200m未胜利战,阪神草地1200m未胜利战,Hanshin Turf 1200m Maiden,未胜利,maiden,日本,草地,阪神,1200,9,2,二岁秋,2岁,,现有中文,按条件赛规则生成,
maiden-turf-2-9-late-kokura-1400-3,小仓草地1400m未胜利战,小仓草地1400m未胜利战,Kokura Turf 1400m Maiden,未胜利,maiden,日本,草地,小仓,1400,9,2,二岁秋,2岁,,现有中文,按条件赛规则生成,
maiden-turf-2-9-late-kyoto-2000-1,京都草地2000m未胜利战,京都草地2000m未胜利战,Kyoto Turf 2000m Maiden,未胜利,maiden,日本,草地,京都,2000,9,2,二岁秋,2岁,,现有中文,按条件赛规则生成,
maiden-turf-3-9-late-chukyo-1000-4,中京草地1000m未胜利战,中京草地1000m未胜利战,Chukyo Turf 1000m Maiden,未胜利,maiden,日本,草地,中京,1000,9,2,三岁秋,3岁,,现有中文,按条件赛规则生成,
maiden-turf-3-9-late-hanshin-1200-2,阪神草地1200m未胜利战,阪神草地1200m未胜利战,Hanshin Turf 1200m Maiden,未胜利,maiden,日本,草地,阪神,1200,9,2,三岁秋,3岁,,现有中文,按条件赛规则生成,
maiden-turf-3-9-late-kokura-1400-3,小仓草地1400m未胜利战,小仓草地1400m未胜利战,Kokura Turf 1400m Maiden,未胜利,maiden,日本,草地,小仓,1400,9,2,三岁秋,3岁,,现有中文,按条件赛规则生成,
maiden-turf-3-9-late-kyoto-2000-1,京都草地2000m未胜利战,京都草地2000m未胜利战,Kyoto Turf 2000m Maiden,未胜利,maiden,日本,草地,京都,2000,9,2,三岁秋,3岁,,现有中文,按条件赛规则生成,
new-dirt-2-9-late-chukyo-1000-2,中京泥地1000m新马战,中京泥地1000m新马战,Chukyo Dirt 1000m Newcomer,新马,new,日本,泥地,中京,1000,9,2,二岁秋,2岁,,现有中文,按条件赛规则生成,
new-dirt-2-9-late-kokura-1400-1,小仓泥地1400m新马战,小仓泥地1400m新马战,Kokura Dirt 1400m Newcomer,新马,new,日本,泥地,小仓,1400,9,2,二岁秋,2岁,,现有中文,按条件赛规则生成,
new-turf-2-9-late-chukyo-1000-4,中京草地1000m新马战,中京草地1000m新马战,Chukyo Turf 1000m Newcomer,新马,new,日本,草地,中京,1000,9,2,二岁秋,2岁,,现有中文,按条件赛规则生成,
new-turf-2-9-late-hanshin-1200-2,阪神草地1200m新马战,阪神草地1200m新马战,Hanshin Turf 1200m Newcomer,新马,new,日本,草地,阪神,1200,9,2,二岁秋,2岁,,现有中文,按条件赛规则生成,
new-turf-2-9-late-kokura-1400-3,小仓草地1400m新马战,小仓草地1400m新马战,Kokura Turf 1400m Newcomer,新马,new,日本,草地,小仓,1400,9,2,二岁秋,2岁,,现有中文,按条件赛规则生成,
new-turf-2-9-late-kyoto-2000-1,京都草地2000m新马战,京都草地2000m新马战,Kyoto Turf 2000m Newcomer,新马,new,日本,草地,京都,2000,9,2,二岁秋,2岁,,现有中文,按条件赛规则生成,
sprinters-stakes,短途马锦标,短途马锦标,Sprinters Stakes,G1,g1,日本,草地,中山,1200,9,2,三岁秋,3岁以上,,现有中文,由ID自动生成待核对,
kobe-shimbun-hai,神户新闻杯,神户新闻杯,Kobe Shimbun Hai,G2,g2,日本,草地,阪神,2400,9,2,三岁秋,3岁,,现有中文,由ID自动生成待核对,
rose-stakes,玫瑰S,玫瑰锦标,Rose Stakes,G2,g2,日本,草地,阪神,1800,9,2,三岁秋,3岁,牝马,自动规范化待核对,由ID自动生成待核对,
sankei-sho-all-comers,产经赏All Comers,产经赏全来者锦标,Sankei Sho All Comers,G2,g2,日本,草地,中山,2200,9,2,三岁秋,3岁以上,,自译待核对,自译/规范名待核对,
st-lite-kinen,圣烈特记念,圣烈特记念,St Lite Kinen,G2,g2,日本,草地,中山,2200,9,2,三岁秋,3岁,,现有中文,由ID自动生成待核对,
challenge-cup,Challenge C,挑战杯,Challenge C,G3,g3,日本,草地,阪神,2000,9,2,三岁秋,3岁以上,,自译待核对,现有英文,
sirius-stakes,Sirius S,天狼星锦标,Sirius S,G3,g3,日本,泥地,阪神,2000,9,2,三岁秋,3岁以上,,自译待核对,现有英文,
hakusan-daishoten,白山大赏典,白山大赏典,Hakusan Daishoten,JpnIII,jpn3,日本,泥地,金泽,2100,9,2,三岁秋,3岁以上,,现有中文,由ID自动生成待核对,
marine-cup,海洋杯,海洋杯,Marine Cup,JpnIII,jpn3,日本,泥地,船桥,1800,9,2,三岁秋,3岁,牝马,现有中文,由ID自动生成待核对,
oval-sprint,椭圆短途赛,椭圆短途赛,Oval Sprint,JpnIII,jpn3,日本,泥地,浦和,1400,9,2,三岁秋,3岁以上,,现有中文,由ID自动生成待核对,
one-win-dirt-2-10-early-nakayama-1200-6,中山泥地1200m一胜战,中山泥地1200m一胜战,Nakayama Dirt 1200m One-Win Class,1胜,one-win,日本,泥地,中山,1200,10,1,二岁秋,2岁,,现有中文,按条件赛规则生成,
one-win-dirt-2-10-early-niigata-1600-7,新潟泥地1600m一胜战,新潟泥地1600m一胜战,Niigata Dirt 1600m One-Win Class,1胜,one-win,日本,泥地,新潟,1600,10,1,二岁秋,2岁,,现有中文,按条件赛规则生成,
one-win-dirt-2-10-early-tokyo-1400-5,东京泥地1400m一胜战,东京泥地1400m一胜战,Tokyo Dirt 1400m One-Win Class,1胜,one-win,日本,泥地,东京,1400,10,1,二岁秋,2岁,,现有中文,按条件赛规则生成,
one-win-dirt-3-10-early-nakayama-1400-6,中山泥地1400m一胜战,中山泥地1400m一胜战,Nakayama Dirt 1400m One-Win Class,1胜,one-win,日本,泥地,中山,1400,10,1,三岁秋,3岁,,现有中文,按条件赛规则生成,
one-win-dirt-3-10-early-niigata-1700-7,新潟泥地1700m一胜战,新潟泥地1700m一胜战,Niigata Dirt 1700m One-Win Class,1胜,one-win,日本,泥地,新潟,1700,10,1,三岁秋,3岁,,现有中文,按条件赛规则生成,
one-win-dirt-3-10-early-tokyo-1900-5,东京泥地1900m一胜战,东京泥地1900m一胜战,Tokyo Dirt 1900m One-Win Class,1胜,one-win,日本,泥地,东京,1900,10,1,三岁秋,3岁,,现有中文,按条件赛规则生成,
one-win-turf-2-10-early-fukushima-1800-4,福岛草地1800m一胜战,福岛草地1800m一胜战,Fukushima Turf 1800m One-Win Class,1胜,one-win,日本,草地,福岛,1800,10,1,二岁秋,2岁,,现有中文,按条件赛规则生成,
one-win-turf-2-10-early-nakayama-2000-2,中山草地2000m一胜战,中山草地2000m一胜战,Nakayama Turf 2000m One-Win Class,1胜,one-win,日本,草地,中山,2000,10,1,二岁秋,2岁,,现有中文,按条件赛规则生成,
one-win-turf-2-10-early-niigata-1400-3,新潟草地1400m一胜战,新潟草地1400m一胜战,Niigata Turf 1400m One-Win Class,1胜,one-win,日本,草地,新潟,1400,10,1,二岁秋,2岁,,现有中文,按条件赛规则生成,
one-win-turf-2-10-early-tokyo-1600-1,东京草地1600m一胜战,东京草地1600m一胜战,Tokyo Turf 1600m One-Win Class,1胜,one-win,日本,草地,东京,1600,10,1,二岁秋,2岁,,现有中文,按条件赛规则生成,
one-win-turf-3-10-early-fukushima-2400-4,福岛草地2400m一胜战,福岛草地2400m一胜战,Fukushima Turf 2400m One-Win Class,1胜,one-win,日本,草地,福岛,2400,10,1,三岁秋,3岁,,现有中文,按条件赛规则生成,
one-win-turf-3-10-early-nakayama-1600-2,中山草地1600m一胜战,中山草地1600m一胜战,Nakayama Turf 1600m One-Win Class,1胜,one-win,日本,草地,中山,1600,10,1,三岁秋,3岁,,现有中文,按条件赛规则生成,
one-win-turf-3-10-early-niigata-2000-3,新潟草地2000m一胜战,新潟草地2000m一胜战,Niigata Turf 2000m One-Win Class,1胜,one-win,日本,草地,新潟,2000,10,1,三岁秋,3岁,,现有中文,按条件赛规则生成,
one-win-turf-3-10-early-tokyo-1200-1,东京草地1200m一胜战,东京草地1200m一胜战,Tokyo Turf 1200m One-Win Class,1胜,one-win,日本,草地,东京,1200,10,1,三岁秋,3岁,,现有中文,按条件赛规则生成,
two-win-dirt-3-10-early-fukushima-1700-6,福岛泥地1700m二胜战,福岛泥地1700m二胜战,Fukushima Dirt 1700m Two-Win Class,2胜,two-win,日本,泥地,福岛,1700,10,1,三岁秋,3岁,,现有中文,按条件赛规则生成,
two-win-dirt-3-10-early-nakayama-1400-5,中山泥地1400m二胜战,中山泥地1400m二胜战,Nakayama Dirt 1400m Two-Win Class,2胜,two-win,日本,泥地,中山,1400,10,1,三岁秋,3岁,,现有中文,按条件赛规则生成,
two-win-dirt-3-10-early-tokyo-1900-4,东京泥地1900m二胜战,东京泥地1900m二胜战,Tokyo Dirt 1900m Two-Win Class,2胜,two-win,日本,泥地,东京,1900,10,1,三岁秋,3岁,,现有中文,按条件赛规则生成,
two-win-dirt-4-10-early-fukushima-1800-6,福岛泥地1800m二胜战,福岛泥地1800m二胜战,Fukushima Dirt 1800m Two-Win Class,2胜,two-win,日本,泥地,福岛,1800,10,1,四岁秋,4岁,,现有中文,按条件赛规则生成,
two-win-dirt-4-10-early-nakayama-1600-5,中山泥地1600m二胜战,中山泥地1600m二胜战,Nakayama Dirt 1600m Two-Win Class,2胜,two-win,日本,泥地,中山,1600,10,1,四岁秋,4岁,,现有中文,按条件赛规则生成,
two-win-dirt-4-10-early-tokyo-1200-4,东京泥地1200m二胜战,东京泥地1200m二胜战,Tokyo Dirt 1200m Two-Win Class,2胜,two-win,日本,泥地,东京,1200,10,1,四岁秋,4岁,,现有中文,按条件赛规则生成,
two-win-dirt-5-10-early-fukushima-1900-6,福岛泥地1900m二胜战,福岛泥地1900m二胜战,Fukushima Dirt 1900m Two-Win Class,2胜,two-win,日本,泥地,福岛,1900,10,1,五岁秋,5岁,,现有中文,按条件赛规则生成,
two-win-dirt-5-10-early-nakayama-1700-5,中山泥地1700m二胜战,中山泥地1700m二胜战,Nakayama Dirt 1700m Two-Win Class,2胜,two-win,日本,泥地,中山,1700,10,1,五岁秋,5岁,,现有中文,按条件赛规则生成,
two-win-dirt-5-10-early-tokyo-1400-4,东京泥地1400m二胜战,东京泥地1400m二胜战,Tokyo Dirt 1400m Two-Win Class,2胜,two-win,日本,泥地,东京,1400,10,1,五岁秋,5岁,,现有中文,按条件赛规则生成,
two-win-turf-3-10-early-nakayama-1600-2,中山草地1600m二胜战,中山草地1600m二胜战,Nakayama Turf 1600m Two-Win Class,2胜,two-win,日本,草地,中山,1600,10,1,三岁秋,3岁,,现有中文,按条件赛规则生成,
two-win-turf-3-10-early-niigata-2200-3,新潟草地2200m二胜战,新潟草地2200m二胜战,Niigata Turf 2200m Two-Win Class,2胜,two-win,日本,草地,新潟,2200,10,1,三岁秋,3岁,,现有中文,按条件赛规则生成,
two-win-turf-3-10-early-tokyo-1200-1,东京草地1200m二胜战,东京草地1200m二胜战,Tokyo Turf 1200m Two-Win Class,2胜,two-win,日本,草地,东京,1200,10,1,三岁秋,3岁,,现有中文,按条件赛规则生成,
two-win-turf-4-10-early-nakayama-1400-2,中山草地1400m二胜战,中山草地1400m二胜战,Nakayama Turf 1400m Two-Win Class,2胜,two-win,日本,草地,中山,1400,10,1,四岁秋,4岁,,现有中文,按条件赛规则生成,
two-win-turf-4-10-early-niigata-2000-3,新潟草地2000m二胜战,新潟草地2000m二胜战,Niigata Turf 2000m Two-Win Class,2胜,two-win,日本,草地,新潟,2000,10,1,四岁秋,4岁,,现有中文,按条件赛规则生成,
two-win-turf-4-10-early-tokyo-2400-1,东京草地2400m二胜战,东京草地2400m二胜战,Tokyo Turf 2400m Two-Win Class,2胜,two-win,日本,草地,东京,2400,10,1,四岁秋,4岁,,现有中文,按条件赛规则生成,
two-win-turf-5-10-early-nakayama-1200-2,中山草地1200m二胜战,中山草地1200m二胜战,Nakayama Turf 1200m Two-Win Class,2胜,two-win,日本,草地,中山,1200,10,1,五岁秋,5岁,,现有中文,按条件赛规则生成,
two-win-turf-5-10-early-niigata-1800-3,新潟草地1800m二胜战,新潟草地1800m二胜战,Niigata Turf 1800m Two-Win Class,2胜,two-win,日本,草地,新潟,1800,10,1,五岁秋,5岁,,现有中文,按条件赛规则生成,
two-win-turf-5-10-early-tokyo-2200-1,东京草地2200m二胜战,东京草地2200m二胜战,Tokyo Turf 2200m Two-Win Class,2胜,two-win,日本,草地,东京,2200,10,1,五岁秋,5岁,,现有中文,按条件赛规则生成,
three-win-dirt-3-10-early-fukushima-1900-4,福岛泥地1900m三胜战,福岛泥地1900m三胜战,Fukushima Dirt 1900m Three-Win Class,3胜,three-win,日本,泥地,福岛,1900,10,1,三岁秋,3岁,,现有中文,按条件赛规则生成,
three-win-dirt-3-10-early-nakayama-1600-3,中山泥地1600m三胜战,中山泥地1600m三胜战,Nakayama Dirt 1600m Three-Win Class,3胜,three-win,日本,泥地,中山,1600,10,1,三岁秋,3岁,,现有中文,按条件赛规则生成,
three-win-dirt-4-10-early-fukushima-1800-4,福岛泥地1800m三胜战,福岛泥地1800m三胜战,Fukushima Dirt 1800m Three-Win Class,3胜,three-win,日本,泥地,福岛,1800,10,1,四岁秋,4岁,,现有中文,按条件赛规则生成,
three-win-dirt-4-10-early-nakayama-1400-3,中山泥地1400m三胜战,中山泥地1400m三胜战,Nakayama Dirt 1400m Three-Win Class,3胜,three-win,日本,泥地,中山,1400,10,1,四岁秋,4岁,,现有中文,按条件赛规则生成,
three-win-dirt-5-10-early-fukushima-1700-4,福岛泥地1700m三胜战,福岛泥地1700m三胜战,Fukushima Dirt 1700m Three-Win Class,3胜,three-win,日本,泥地,福岛,1700,10,1,五岁秋,5岁,,现有中文,按条件赛规则生成,
three-win-dirt-5-10-early-nakayama-1200-3,中山泥地1200m三胜战,中山泥地1200m三胜战,Nakayama Dirt 1200m Three-Win Class,3胜,three-win,日本,泥地,中山,1200,10,1,五岁秋,5岁,,现有中文,按条件赛规则生成,
three-win-turf-3-10-early-niigata-2000-2,新潟草地2000m三胜战,新潟草地2000m三胜战,Niigata Turf 2000m Three-Win Class,3胜,three-win,日本,草地,新潟,2000,10,1,三岁秋,3岁,,现有中文,按条件赛规则生成,
three-win-turf-3-10-early-tokyo-1400-1,东京草地1400m三胜战,东京草地1400m三胜战,Tokyo Turf 1400m Three-Win Class,3胜,three-win,日本,草地,东京,1400,10,1,三岁秋,3岁,,现有中文,按条件赛规则生成,
three-win-turf-4-10-early-niigata-1800-2,新潟草地1800m三胜战,新潟草地1800m三胜战,Niigata Turf 1800m Three-Win Class,3胜,three-win,日本,草地,新潟,1800,10,1,四岁秋,4岁,,现有中文,按条件赛规则生成,
three-win-turf-4-10-early-tokyo-1200-1,东京草地1200m三胜战,东京草地1200m三胜战,Tokyo Turf 1200m Three-Win Class,3胜,three-win,日本,草地,东京,1200,10,1,四岁秋,4岁,,现有中文,按条件赛规则生成,
three-win-turf-5-10-early-niigata-1600-2,新潟草地1600m三胜战,新潟草地1600m三胜战,Niigata Turf 1600m Three-Win Class,3胜,three-win,日本,草地,新潟,1600,10,1,五岁秋,5岁,,现有中文,按条件赛规则生成,
three-win-turf-5-10-early-tokyo-2400-1,东京草地2400m三胜战,东京草地2400m三胜战,Tokyo Turf 2400m Three-Win Class,3胜,three-win,日本,草地,东京,2400,10,1,五岁秋,5岁,,现有中文,按条件赛规则生成,
maiden-dirt-2-10-early-fukushima-1200-2,福岛泥地1200m未胜利战,福岛泥地1200m未胜利战,Fukushima Dirt 1200m Maiden,未胜利,maiden,日本,泥地,福岛,1200,10,1,二岁秋,2岁,,现有中文,按条件赛规则生成,
maiden-dirt-2-10-early-niigata-1000-1,新潟泥地1000m未胜利战,新潟泥地1000m未胜利战,Niigata Dirt 1000m Maiden,未胜利,maiden,日本,泥地,新潟,1000,10,1,二岁秋,2岁,,现有中文,按条件赛规则生成,
maiden-turf-2-10-early-fukushima-1200-4,福岛草地1200m未胜利战,福岛草地1200m未胜利战,Fukushima Turf 1200m Maiden,未胜利,maiden,日本,草地,福岛,1200,10,1,二岁秋,2岁,,现有中文,按条件赛规则生成,
maiden-turf-2-10-early-nakayama-1400-2,中山草地1400m未胜利战,中山草地1400m未胜利战,Nakayama Turf 1400m Maiden,未胜利,maiden,日本,草地,中山,1400,10,1,二岁秋,2岁,,现有中文,按条件赛规则生成,
maiden-turf-2-10-early-niigata-1000-3,新潟草地1000m未胜利战,新潟草地1000m未胜利战,Niigata Turf 1000m Maiden,未胜利,maiden,日本,草地,新潟,1000,10,1,二岁秋,2岁,,现有中文,按条件赛规则生成,
maiden-turf-2-10-early-tokyo-1000-1,东京草地1000m未胜利战,东京草地1000m未胜利战,Tokyo Turf 1000m Maiden,未胜利,maiden,日本,草地,东京,1000,10,1,二岁秋,2岁,,现有中文,按条件赛规则生成,
new-dirt-2-10-early-fukushima-1200-2,福岛泥地1200m新马战,福岛泥地1200m新马战,Fukushima Dirt 1200m Newcomer,新马,new,日本,泥地,福岛,1200,10,1,二岁秋,2岁,,现有中文,按条件赛规则生成,
new-dirt-2-10-early-niigata-1000-1,新潟泥地1000m新马战,新潟泥地1000m新马战,Niigata Dirt 1000m Newcomer,新马,new,日本,泥地,新潟,1000,10,1,二岁秋,2岁,,现有中文,按条件赛规则生成,
new-turf-2-10-early-fukushima-1200-4,福岛草地1200m新马战,福岛草地1200m新马战,Fukushima Turf 1200m Newcomer,新马,new,日本,草地,福岛,1200,10,1,二岁秋,2岁,,现有中文,按条件赛规则生成,
new-turf-2-10-early-nakayama-1400-2,中山草地1400m新马战,中山草地1400m新马战,Nakayama Turf 1400m Newcomer,新马,new,日本,草地,中山,1400,10,1,二岁秋,2岁,,现有中文,按条件赛规则生成,
new-turf-2-10-early-niigata-1000-3,新潟草地1000m新马战,新潟草地1000m新马战,Niigata Turf 1000m Newcomer,新马,new,日本,草地,新潟,1000,10,1,二岁秋,2岁,,现有中文,按条件赛规则生成,
new-turf-2-10-early-tokyo-1000-1,东京草地1000m新马战,东京草地1000m新马战,Tokyo Turf 1000m Newcomer,新马,new,日本,草地,东京,1000,10,1,二岁秋,2岁,,现有中文,按条件赛规则生成,
ireland-trophy,爱尔兰T,爱尔兰锦标,Ireland Trophy,G2,g2,日本,草地,东京,1800,10,1,三岁秋,3岁以上,牝马,自动规范化待核对,由ID自动生成待核对,
kyoto-daishoten,京都大赏典,京都大赏典,Kyoto Daishoten,G2,g2,日本,草地,京都,2400,10,1,三岁秋,3岁以上,,现有中文,由ID自动生成待核对,
mainichi-okan,每日王冠,每日王冠,Mainichi Okan,G2,g2,日本,草地,东京,1800,10,1,三岁秋,3岁以上,,现有中文,由ID自动生成待核对,
saudi-arabia-royal-cup,Saudi Arabia RC,沙特阿拉伯皇家杯,Saudi Arabia RC,G3,g3,日本,草地,东京,1600,10,1,二岁秋,2岁,,自译待核对,现有英文,
japan-dirt-classic,日本泥地经典赛,日本泥地经典赛,Japan Dirt Classic,JpnI,jpn1,日本,泥地,大井,2000,10,1,三岁秋,3岁,,现有中文,由ID自动生成待核对,
mile-championship-nambu-hai,一哩冠军南部杯,一哩冠军南部杯,Mile Championship Nambu Hai,JpnI,jpn1,日本,泥地,盛冈,1600,10,1,三岁秋,3岁以上,,现有中文,由ID自动生成待核对,
ladies-prelude,雌马预赛,雌马预赛,Ladies Prelude,JpnII,jpn2,日本,泥地,大井,1800,10,1,三岁秋,3岁以上,牝马,现有中文,由ID自动生成待核对,
nippon-tv-hai,日本电视杯,日本电视杯,Nippon Tv Hai,JpnII,jpn2,日本,泥地,船桥,1800,10,1,三岁秋,3岁以上,,现有中文,由ID自动生成待核对,
tokyo-hai,东京杯,东京杯,Tokyo Hai,JpnII,jpn2,日本,泥地,大井,1200,10,1,三岁秋,3岁以上,,现有中文,由ID自动生成待核对,
green-channel-cup,グリーンチャンネルC,绿色频道杯,Green Channel Cup,L,op,日本,泥地,东京,1400,10,1,三岁秋,3岁以上,,自译待核对,由ID自动生成待核对,
opal-stakes,オパールS,蛋白石锦标,Opal Stakes,L,op,日本,草地,京都,1200,10,1,三岁秋,3岁以上,,自译待核对,由ID自动生成待核对,
port-island-stakes,ポートアイランドS,港岛锦标,Port Island Stakes,L,op,日本,草地,阪神,1600,10,1,三岁秋,3岁以上,,自译待核对,由ID自动生成待核对,
one-win-dirt-2-10-late-hanshin-1400-6,阪神泥地1400m一胜战,阪神泥地1400m一胜战,Hanshin Dirt 1400m One-Win Class,1胜,one-win,日本,泥地,阪神,1400,10,2,二岁秋,2岁,,现有中文,按条件赛规则生成,
one-win-dirt-2-10-late-kokura-1200-7,小仓泥地1200m一胜战,小仓泥地1200m一胜战,Kokura Dirt 1200m One-Win Class,1胜,one-win,日本,泥地,小仓,1200,10,2,二岁秋,2岁,,现有中文,按条件赛规则生成,
one-win-dirt-2-10-late-kyoto-1600-5,京都泥地1600m一胜战,京都泥地1600m一胜战,Kyoto Dirt 1600m One-Win Class,1胜,one-win,日本,泥地,京都,1600,10,2,二岁秋,2岁,,现有中文,按条件赛规则生成,
one-win-dirt-3-10-late-hanshin-1600-6,阪神泥地1600m一胜战,阪神泥地1600m一胜战,Hanshin Dirt 1600m One-Win Class,1胜,one-win,日本,泥地,阪神,1600,10,2,三岁秋,3岁,,现有中文,按条件赛规则生成,
one-win-dirt-3-10-late-kokura-1800-7,小仓泥地1800m一胜战,小仓泥地1800m一胜战,Kokura Dirt 1800m One-Win Class,1胜,one-win,日本,泥地,小仓,1800,10,2,三岁秋,3岁,,现有中文,按条件赛规则生成,
one-win-dirt-3-10-late-kyoto-1200-5,京都泥地1200m一胜战,京都泥地1200m一胜战,Kyoto Dirt 1200m One-Win Class,1胜,one-win,日本,泥地,京都,1200,10,2,三岁秋,3岁,,现有中文,按条件赛规则生成,
one-win-turf-2-10-late-chukyo-2000-4,中京草地2000m一胜战,中京草地2000m一胜战,Chukyo Turf 2000m One-Win Class,1胜,one-win,日本,草地,中京,2000,10,2,二岁秋,2岁,,现有中文,按条件赛规则生成,
one-win-turf-2-10-late-hanshin-1200-2,阪神草地1200m一胜战,阪神草地1200m一胜战,Hanshin Turf 1200m One-Win Class,1胜,one-win,日本,草地,阪神,1200,10,2,二岁秋,2岁,,现有中文,按条件赛规则生成,
one-win-turf-2-10-late-kokura-1600-3,小仓草地1600m一胜战,小仓草地1600m一胜战,Kokura Turf 1600m One-Win Class,1胜,one-win,日本,草地,小仓,1600,10,2,二岁秋,2岁,,现有中文,按条件赛规则生成,
one-win-turf-2-10-late-kyoto-1800-1,京都草地1800m一胜战,京都草地1800m一胜战,Kyoto Turf 1800m One-Win Class,1胜,one-win,日本,草地,京都,1800,10,2,二岁秋,2岁,,现有中文,按条件赛规则生成,
one-win-turf-3-10-late-chukyo-1200-4,中京草地1200m一胜战,中京草地1200m一胜战,Chukyo Turf 1200m One-Win Class,1胜,one-win,日本,草地,中京,1200,10,2,三岁秋,3岁,,现有中文,按条件赛规则生成,
one-win-turf-3-10-late-hanshin-1800-2,阪神草地1800m一胜战,阪神草地1800m一胜战,Hanshin Turf 1800m One-Win Class,1胜,one-win,日本,草地,阪神,1800,10,2,三岁秋,3岁,,现有中文,按条件赛规则生成,
one-win-turf-3-10-late-kokura-2200-3,小仓草地2200m一胜战,小仓草地2200m一胜战,Kokura Turf 2200m One-Win Class,1胜,one-win,日本,草地,小仓,2200,10,2,三岁秋,3岁,,现有中文,按条件赛规则生成,
one-win-turf-3-10-late-kyoto-1400-1,京都草地1400m一胜战,京都草地1400m一胜战,Kyoto Turf 1400m One-Win Class,1胜,one-win,日本,草地,京都,1400,10,2,三岁秋,3岁,,现有中文,按条件赛规则生成,
two-win-dirt-3-10-late-chukyo-1800-6,中京泥地1800m二胜战,中京泥地1800m二胜战,Chukyo Dirt 1800m Two-Win Class,2胜,two-win,日本,泥地,中京,1800,10,2,三岁秋,3岁,,现有中文,按条件赛规则生成,
two-win-dirt-3-10-late-hanshin-1600-5,阪神泥地1600m二胜战,阪神泥地1600m二胜战,Hanshin Dirt 1600m Two-Win Class,2胜,two-win,日本,泥地,阪神,1600,10,2,三岁秋,3岁,,现有中文,按条件赛规则生成,
two-win-dirt-3-10-late-kyoto-1200-4,京都泥地1200m二胜战,京都泥地1200m二胜战,Kyoto Dirt 1200m Two-Win Class,2胜,two-win,日本,泥地,京都,1200,10,2,三岁秋,3岁,,现有中文,按条件赛规则生成,
two-win-dirt-4-10-late-chukyo-1900-6,中京泥地1900m二胜战,中京泥地1900m二胜战,Chukyo Dirt 1900m Two-Win Class,2胜,two-win,日本,泥地,中京,1900,10,2,四岁秋,4岁,,现有中文,按条件赛规则生成,
two-win-dirt-4-10-late-hanshin-1700-5,阪神泥地1700m二胜战,阪神泥地1700m二胜战,Hanshin Dirt 1700m Two-Win Class,2胜,two-win,日本,泥地,阪神,1700,10,2,四岁秋,4岁,,现有中文,按条件赛规则生成,
two-win-dirt-4-10-late-kyoto-1400-4,京都泥地1400m二胜战,京都泥地1400m二胜战,Kyoto Dirt 1400m Two-Win Class,2胜,two-win,日本,泥地,京都,1400,10,2,四岁秋,4岁,,现有中文,按条件赛规则生成,
two-win-dirt-5-10-late-chukyo-1200-6,中京泥地1200m二胜战,中京泥地1200m二胜战,Chukyo Dirt 1200m Two-Win Class,2胜,two-win,日本,泥地,中京,1200,10,2,五岁秋,5岁,,现有中文,按条件赛规则生成,
two-win-dirt-5-10-late-hanshin-1800-5,阪神泥地1800m二胜战,阪神泥地1800m二胜战,Hanshin Dirt 1800m Two-Win Class,2胜,two-win,日本,泥地,阪神,1800,10,2,五岁秋,5岁,,现有中文,按条件赛规则生成,
two-win-dirt-5-10-late-kyoto-1600-4,京都泥地1600m二胜战,京都泥地1600m二胜战,Kyoto Dirt 1600m Two-Win Class,2胜,two-win,日本,泥地,京都,1600,10,2,五岁秋,5岁,,现有中文,按条件赛规则生成,
two-win-turf-3-10-late-hanshin-1800-2,阪神草地1800m二胜战,阪神草地1800m二胜战,Hanshin Turf 1800m Two-Win Class,2胜,two-win,日本,草地,阪神,1800,10,2,三岁秋,3岁,,现有中文,按条件赛规则生成,
two-win-turf-3-10-late-kokura-2400-3,小仓草地2400m二胜战,小仓草地2400m二胜战,Kokura Turf 2400m Two-Win Class,2胜,two-win,日本,草地,小仓,2400,10,2,三岁秋,3岁,,现有中文,按条件赛规则生成,
two-win-turf-3-10-late-kyoto-1400-1,京都草地1400m二胜战,京都草地1400m二胜战,Kyoto Turf 1400m Two-Win Class,2胜,two-win,日本,草地,京都,1400,10,2,三岁秋,3岁,,现有中文,按条件赛规则生成,
two-win-turf-4-10-late-hanshin-1600-2,阪神草地1600m二胜战,阪神草地1600m二胜战,Hanshin Turf 1600m Two-Win Class,2胜,two-win,日本,草地,阪神,1600,10,2,四岁秋,4岁,,现有中文,按条件赛规则生成,
two-win-turf-4-10-late-kokura-2200-3,小仓草地2200m二胜战,小仓草地2200m二胜战,Kokura Turf 2200m Two-Win Class,2胜,two-win,日本,草地,小仓,2200,10,2,四岁秋,4岁,,现有中文,按条件赛规则生成,
two-win-turf-4-10-late-kyoto-1200-1,京都草地1200m二胜战,京都草地1200m二胜战,Kyoto Turf 1200m Two-Win Class,2胜,two-win,日本,草地,京都,1200,10,2,四岁秋,4岁,,现有中文,按条件赛规则生成,
two-win-turf-5-10-late-hanshin-1400-2,阪神草地1400m二胜战,阪神草地1400m二胜战,Hanshin Turf 1400m Two-Win Class,2胜,two-win,日本,草地,阪神,1400,10,2,五岁秋,5岁,,现有中文,按条件赛规则生成,
two-win-turf-5-10-late-kokura-2000-3,小仓草地2000m二胜战,小仓草地2000m二胜战,Kokura Turf 2000m Two-Win Class,2胜,two-win,日本,草地,小仓,2000,10,2,五岁秋,5岁,,现有中文,按条件赛规则生成,
two-win-turf-5-10-late-kyoto-2400-1,京都草地2400m二胜战,京都草地2400m二胜战,Kyoto Turf 2400m Two-Win Class,2胜,two-win,日本,草地,京都,2400,10,2,五岁秋,5岁,,现有中文,按条件赛规则生成,
three-win-dirt-3-10-late-chukyo-2100-4,中京泥地2100m三胜战,中京泥地2100m三胜战,Chukyo Dirt 2100m Three-Win Class,3胜,three-win,日本,泥地,中京,2100,10,2,三岁秋,3岁,,现有中文,按条件赛规则生成,
three-win-dirt-3-10-late-hanshin-1700-3,阪神泥地1700m三胜战,阪神泥地1700m三胜战,Hanshin Dirt 1700m Three-Win Class,3胜,three-win,日本,泥地,阪神,1700,10,2,三岁秋,3岁,,现有中文,按条件赛规则生成,
three-win-dirt-4-10-late-chukyo-1900-4,中京泥地1900m三胜战,中京泥地1900m三胜战,Chukyo Dirt 1900m Three-Win Class,3胜,three-win,日本,泥地,中京,1900,10,2,四岁秋,4岁,,现有中文,按条件赛规则生成,
three-win-dirt-4-10-late-hanshin-1600-3,阪神泥地1600m三胜战,阪神泥地1600m三胜战,Hanshin Dirt 1600m Three-Win Class,3胜,three-win,日本,泥地,阪神,1600,10,2,四岁秋,4岁,,现有中文,按条件赛规则生成,
three-win-dirt-5-10-late-chukyo-1800-4,中京泥地1800m三胜战,中京泥地1800m三胜战,Chukyo Dirt 1800m Three-Win Class,3胜,three-win,日本,泥地,中京,1800,10,2,五岁秋,5岁,,现有中文,按条件赛规则生成,
three-win-dirt-5-10-late-hanshin-1400-3,阪神泥地1400m三胜战,阪神泥地1400m三胜战,Hanshin Dirt 1400m Three-Win Class,3胜,three-win,日本,泥地,阪神,1400,10,2,五岁秋,5岁,,现有中文,按条件赛规则生成,
three-win-turf-3-10-late-kokura-2200-2,小仓草地2200m三胜战,小仓草地2200m三胜战,Kokura Turf 2200m Three-Win Class,3胜,three-win,日本,草地,小仓,2200,10,2,三岁秋,3岁,,现有中文,按条件赛规则生成,
three-win-turf-3-10-late-kyoto-1600-1,京都草地1600m三胜战,京都草地1600m三胜战,Kyoto Turf 1600m Three-Win Class,3胜,three-win,日本,草地,京都,1600,10,2,三岁秋,3岁,,现有中文,按条件赛规则生成,
three-win-turf-4-10-late-kokura-2000-2,小仓草地2000m三胜战,小仓草地2000m三胜战,Kokura Turf 2000m Three-Win Class,3胜,three-win,日本,草地,小仓,2000,10,2,四岁秋,4岁,,现有中文,按条件赛规则生成,
three-win-turf-4-10-late-kyoto-1400-1,京都草地1400m三胜战,京都草地1400m三胜战,Kyoto Turf 1400m Three-Win Class,3胜,three-win,日本,草地,京都,1400,10,2,四岁秋,4岁,,现有中文,按条件赛规则生成,
three-win-turf-5-10-late-kokura-1800-2,小仓草地1800m三胜战,小仓草地1800m三胜战,Kokura Turf 1800m Three-Win Class,3胜,three-win,日本,草地,小仓,1800,10,2,五岁秋,5岁,,现有中文,按条件赛规则生成,
three-win-turf-5-10-late-kyoto-1200-1,京都草地1200m三胜战,京都草地1200m三胜战,Kyoto Turf 1200m Three-Win Class,3胜,three-win,日本,草地,京都,1200,10,2,五岁秋,5岁,,现有中文,按条件赛规则生成,
maiden-dirt-2-10-late-chukyo-1400-2,中京泥地1400m未胜利战,中京泥地1400m未胜利战,Chukyo Dirt 1400m Maiden,未胜利,maiden,日本,泥地,中京,1400,10,2,二岁秋,2岁,,现有中文,按条件赛规则生成,
maiden-dirt-2-10-late-kokura-1200-1,小仓泥地1200m未胜利战,小仓泥地1200m未胜利战,Kokura Dirt 1200m Maiden,未胜利,maiden,日本,泥地,小仓,1200,10,2,二岁秋,2岁,,现有中文,按条件赛规则生成,
maiden-turf-2-10-late-chukyo-1400-4,中京草地1400m未胜利战,中京草地1400m未胜利战,Chukyo Turf 1400m Maiden,未胜利,maiden,日本,草地,中京,1400,10,2,二岁秋,2岁,,现有中文,按条件赛规则生成,
maiden-turf-2-10-late-hanshin-1600-2,阪神草地1600m未胜利战,阪神草地1600m未胜利战,Hanshin Turf 1600m Maiden,未胜利,maiden,日本,草地,阪神,1600,10,2,二岁秋,2岁,,现有中文,按条件赛规则生成,
maiden-turf-2-10-late-kokura-1200-3,小仓草地1200m未胜利战,小仓草地1200m未胜利战,Kokura Turf 1200m Maiden,未胜利,maiden,日本,草地,小仓,1200,10,2,二岁秋,2岁,,现有中文,按条件赛规则生成,
maiden-turf-2-10-late-kyoto-1200-1,京都草地1200m未胜利战,京都草地1200m未胜利战,Kyoto Turf 1200m Maiden,未胜利,maiden,日本,草地,京都,1200,10,2,二岁秋,2岁,,现有中文,按条件赛规则生成,
new-dirt-2-10-late-chukyo-1400-2,中京泥地1400m新马战,中京泥地1400m新马战,Chukyo Dirt 1400m Newcomer,新马,new,日本,泥地,中京,1400,10,2,二岁秋,2岁,,现有中文,按条件赛规则生成,
new-dirt-2-10-late-kokura-1200-1,小仓泥地1200m新马战,小仓泥地1200m新马战,Kokura Dirt 1200m Newcomer,新马,new,日本,泥地,小仓,1200,10,2,二岁秋,2岁,,现有中文,按条件赛规则生成,
new-turf-2-10-late-chukyo-1400-4,中京草地1400m新马战,中京草地1400m新马战,Chukyo Turf 1400m Newcomer,新马,new,日本,草地,中京,1400,10,2,二岁秋,2岁,,现有中文,按条件赛规则生成,
new-turf-2-10-late-hanshin-1600-2,阪神草地1600m新马战,阪神草地1600m新马战,Hanshin Turf 1600m Newcomer,新马,new,日本,草地,阪神,1600,10,2,二岁秋,2岁,,现有中文,按条件赛规则生成,
new-turf-2-10-late-kokura-1200-3,小仓草地1200m新马战,小仓草地1200m新马战,Kokura Turf 1200m Newcomer,新马,new,日本,草地,小仓,1200,10,2,二岁秋,2岁,,现有中文,按条件赛规则生成,
new-turf-2-10-late-kyoto-1200-1,京都草地1200m新马战,京都草地1200m新马战,Kyoto Turf 1200m Newcomer,新马,new,日本,草地,京都,1200,10,2,二岁秋,2岁,,现有中文,按条件赛规则生成,
kikka-sho,菊花赏,菊花赏,Kikka Sho,G1,g1,日本,草地,京都,3000,10,2,三岁秋,3岁,,现有中文,自译/规范名待核对,
shuka-sho,秋华赏,秋华赏,Shuka Sho,G1,g1,日本,草地,京都,2000,10,2,三岁秋,3岁,牝马,现有中文,由ID自动生成待核对,
tenno-sho-aki,天皇赏秋,天皇赏秋,Tenno Sho (Autumn),G1,g1,日本,草地,东京,2000,10,2,三岁秋,3岁以上,,现有中文,自译/规范名待核对,
fuji-stakes,富士S,富士锦标,Fuji Stakes,G2,g2,日本,草地,东京,1600,10,2,三岁秋,3岁以上,,自动规范化待核对,由ID自动生成待核对,
swan-stakes,天鹅S,天鹅锦标,Swan Stakes,G2,g2,日本,草地,京都,1400,10,2,三岁秋,3岁以上,,自动规范化待核对,由ID自动生成待核对,
artemis-stakes,Artemis S,阿尔忒弥斯锦标,Artemis S,G3,g3,日本,草地,东京,1600,10,2,二岁秋,2岁,牝马,自译待核对,现有英文,
edelweiss-sho,雪绒花赏,雪绒花赏,Edelweiss Sho,JpnIII,jpn3,日本,泥地,门别,1200,10,2,二岁秋,2岁,牝马,现有中文,由ID自动生成待核对,
brazil-cup,ブラジルC,巴西杯,Brazil Cup,L,op,日本,泥地,东京,2100,10,2,三岁秋,3岁以上,,自译待核对,由ID自动生成待核对,
hagi-stakes,萩S,萩锦标,Hagi Stakes,L,op,日本,草地,京都,1800,10,2,二岁秋,2岁,,自动规范化待核对,由ID自动生成待核对,
ivy-stakes,アイビーS,常春藤锦标,Ivy Stakes,L,op,日本,草地,东京,1800,10,2,二岁秋,2岁,,自译待核对,由ID自动生成待核对,
lumiere-autumn-dash,ルミエールAD,光明秋季短途赛,Lumiere Autumn Dash,L,op,日本,草地,新潟,1000,10,2,三岁秋,3岁以上,,自译待核对,由ID自动生成待核对,
october-stakes,オクトーバーS,十月锦标,October Stakes,L,op,日本,草地,东京,2000,10,2,三岁秋,3岁以上,,自译待核对,由ID自动生成待核对,
shinetsu-stakes,信越S,信越锦标,Shinetsu Stakes,L,op,日本,草地,新潟,1400,10,2,三岁秋,3岁以上,,自动规范化待核对,由ID自动生成待核对,
one-win-dirt-2-11-early-fukushima-1600-7,福岛泥地1600m一胜战,福岛泥地1600m一胜战,Fukushima Dirt 1600m One-Win Class,1胜,one-win,日本,泥地,福岛,1600,11,1,二岁秋,2岁,,现有中文,按条件赛规则生成,
one-win-dirt-2-11-early-nakayama-1200-6,中山泥地1200m一胜战,中山泥地1200m一胜战,Nakayama Dirt 1200m One-Win Class,1胜,one-win,日本,泥地,中山,1200,11,1,二岁秋,2岁,,现有中文,按条件赛规则生成,
one-win-dirt-2-11-early-tokyo-1400-5,东京泥地1400m一胜战,东京泥地1400m一胜战,Tokyo Dirt 1400m One-Win Class,1胜,one-win,日本,泥地,东京,1400,11,1,二岁秋,2岁,,现有中文,按条件赛规则生成,
one-win-dirt-3-11-early-fukushima-1200-7,福岛泥地1200m一胜战,福岛泥地1200m一胜战,Fukushima Dirt 1200m One-Win Class,1胜,one-win,日本,泥地,福岛,1200,11,1,三岁秋,3岁,,现有中文,按条件赛规则生成,
one-win-dirt-3-11-early-nakayama-1800-6,中山泥地1800m一胜战,中山泥地1800m一胜战,Nakayama Dirt 1800m One-Win Class,1胜,one-win,日本,泥地,中山,1800,11,1,三岁秋,3岁,,现有中文,按条件赛规则生成,
one-win-dirt-3-11-early-tokyo-1600-5,东京泥地1600m一胜战,东京泥地1600m一胜战,Tokyo Dirt 1600m One-Win Class,1胜,one-win,日本,泥地,东京,1600,11,1,三岁秋,3岁,,现有中文,按条件赛规则生成,
one-win-turf-2-11-early-chukyo-1400-4,中京草地1400m一胜战,中京草地1400m一胜战,Chukyo Turf 1400m One-Win Class,1胜,one-win,日本,草地,中京,1400,11,1,二岁秋,2岁,,现有中文,按条件赛规则生成,
one-win-turf-2-11-early-fukushima-2000-3,福岛草地2000m一胜战,福岛草地2000m一胜战,Fukushima Turf 2000m One-Win Class,1胜,one-win,日本,草地,福岛,2000,11,1,二岁秋,2岁,,现有中文,按条件赛规则生成,
one-win-turf-2-11-early-nakayama-1600-2,中山草地1600m一胜战,中山草地1600m一胜战,Nakayama Turf 1600m One-Win Class,1胜,one-win,日本,草地,中山,1600,11,1,二岁秋,2岁,,现有中文,按条件赛规则生成,
one-win-turf-2-11-early-tokyo-1200-1,东京草地1200m一胜战,东京草地1200m一胜战,Tokyo Turf 1200m One-Win Class,1胜,one-win,日本,草地,东京,1200,11,1,二岁秋,2岁,,现有中文,按条件赛规则生成,
one-win-turf-3-11-early-chukyo-1600-4,中京草地1600m一胜战,中京草地1600m一胜战,Chukyo Turf 1600m One-Win Class,1胜,one-win,日本,草地,中京,1600,11,1,三岁秋,3岁,,现有中文,按条件赛规则生成,
one-win-turf-3-11-early-fukushima-1200-3,福岛草地1200m一胜战,福岛草地1200m一胜战,Fukushima Turf 1200m One-Win Class,1胜,one-win,日本,草地,福岛,1200,11,1,三岁秋,3岁,,现有中文,按条件赛规则生成,
one-win-turf-3-11-early-nakayama-2200-2,中山草地2200m一胜战,中山草地2200m一胜战,Nakayama Turf 2200m One-Win Class,1胜,one-win,日本,草地,中山,2200,11,1,三岁秋,3岁,,现有中文,按条件赛规则生成,
one-win-turf-3-11-early-tokyo-1800-1,东京草地1800m一胜战,东京草地1800m一胜战,Tokyo Turf 1800m One-Win Class,1胜,one-win,日本,草地,东京,1800,11,1,三岁秋,3岁,,现有中文,按条件赛规则生成,
two-win-dirt-3-11-early-chukyo-1200-6,中京泥地1200m二胜战,中京泥地1200m二胜战,Chukyo Dirt 1200m Two-Win Class,2胜,two-win,日本,泥地,中京,1200,11,1,三岁秋,3岁,,现有中文,按条件赛规则生成,
two-win-dirt-3-11-early-nakayama-1800-5,中山泥地1800m二胜战,中山泥地1800m二胜战,Nakayama Dirt 1800m Two-Win Class,2胜,two-win,日本,泥地,中山,1800,11,1,三岁秋,3岁,,现有中文,按条件赛规则生成,
two-win-dirt-3-11-early-tokyo-1600-4,东京泥地1600m二胜战,东京泥地1600m二胜战,Tokyo Dirt 1600m Two-Win Class,2胜,two-win,日本,泥地,东京,1600,11,1,三岁秋,3岁,,现有中文,按条件赛规则生成,
two-win-dirt-4-11-early-chukyo-1400-6,中京泥地1400m二胜战,中京泥地1400m二胜战,Chukyo Dirt 1400m Two-Win Class,2胜,two-win,日本,泥地,中京,1400,11,1,四岁秋,4岁,,现有中文,按条件赛规则生成,
two-win-dirt-4-11-early-nakayama-1900-5,中山泥地1900m二胜战,中山泥地1900m二胜战,Nakayama Dirt 1900m Two-Win Class,2胜,two-win,日本,泥地,中山,1900,11,1,四岁秋,4岁,,现有中文,按条件赛规则生成,
two-win-dirt-4-11-early-tokyo-1700-4,东京泥地1700m二胜战,东京泥地1700m二胜战,Tokyo Dirt 1700m Two-Win Class,2胜,two-win,日本,泥地,东京,1700,11,1,四岁秋,4岁,,现有中文,按条件赛规则生成,
two-win-dirt-5-11-early-chukyo-1600-6,中京泥地1600m二胜战,中京泥地1600m二胜战,Chukyo Dirt 1600m Two-Win Class,2胜,two-win,日本,泥地,中京,1600,11,1,五岁秋,5岁,,现有中文,按条件赛规则生成,
two-win-dirt-5-11-early-nakayama-1200-5,中山泥地1200m二胜战,中山泥地1200m二胜战,Nakayama Dirt 1200m Two-Win Class,2胜,two-win,日本,泥地,中山,1200,11,1,五岁秋,5岁,,现有中文,按条件赛规则生成,
two-win-dirt-5-11-early-tokyo-1800-4,东京泥地1800m二胜战,东京泥地1800m二胜战,Tokyo Dirt 1800m Two-Win Class,2胜,two-win,日本,泥地,东京,1800,11,1,五岁秋,5岁,,现有中文,按条件赛规则生成,
two-win-turf-3-11-early-fukushima-1400-3,福岛草地1400m二胜战,福岛草地1400m二胜战,Fukushima Turf 1400m Two-Win Class,2胜,two-win,日本,草地,福岛,1400,11,1,三岁秋,3岁,,现有中文,按条件赛规则生成,
two-win-turf-3-11-early-nakayama-2200-2,中山草地2200m二胜战,中山草地2200m二胜战,Nakayama Turf 2200m Two-Win Class,2胜,two-win,日本,草地,中山,2200,11,1,三岁秋,3岁,,现有中文,按条件赛规则生成,
two-win-turf-3-11-early-tokyo-1800-1,东京草地1800m二胜战,东京草地1800m二胜战,Tokyo Turf 1800m Two-Win Class,2胜,two-win,日本,草地,东京,1800,11,1,三岁秋,3岁,,现有中文,按条件赛规则生成,
two-win-turf-4-11-early-fukushima-1200-3,福岛草地1200m二胜战,福岛草地1200m二胜战,Fukushima Turf 1200m Two-Win Class,2胜,two-win,日本,草地,福岛,1200,11,1,四岁秋,4岁,,现有中文,按条件赛规则生成,
two-win-turf-4-11-early-nakayama-2000-2,中山草地2000m二胜战,中山草地2000m二胜战,Nakayama Turf 2000m Two-Win Class,2胜,two-win,日本,草地,中山,2000,11,1,四岁秋,4岁,,现有中文,按条件赛规则生成,
two-win-turf-4-11-early-tokyo-1600-1,东京草地1600m二胜战,东京草地1600m二胜战,Tokyo Turf 1600m Two-Win Class,2胜,two-win,日本,草地,东京,1600,11,1,四岁秋,4岁,,现有中文,按条件赛规则生成,
two-win-turf-5-11-early-fukushima-2400-3,福岛草地2400m二胜战,福岛草地2400m二胜战,Fukushima Turf 2400m Two-Win Class,2胜,two-win,日本,草地,福岛,2400,11,1,五岁秋,5岁,,现有中文,按条件赛规则生成,
two-win-turf-5-11-early-nakayama-1800-2,中山草地1800m二胜战,中山草地1800m二胜战,Nakayama Turf 1800m Two-Win Class,2胜,two-win,日本,草地,中山,1800,11,1,五岁秋,5岁,,现有中文,按条件赛规则生成,
two-win-turf-5-11-early-tokyo-1400-1,东京草地1400m二胜战,东京草地1400m二胜战,Tokyo Turf 1400m Two-Win Class,2胜,two-win,日本,草地,东京,1400,11,1,五岁秋,5岁,,现有中文,按条件赛规则生成,
three-win-dirt-3-11-early-chukyo-1200-4,中京泥地1200m三胜战,中京泥地1200m三胜战,Chukyo Dirt 1200m Three-Win Class,3胜,three-win,日本,泥地,中京,1200,11,1,三岁秋,3岁,,现有中文,按条件赛规则生成,
three-win-dirt-3-11-early-nakayama-1700-3,中山泥地1700m三胜战,中山泥地1700m三胜战,Nakayama Dirt 1700m Three-Win Class,3胜,three-win,日本,泥地,中山,1700,11,1,三岁秋,3岁,,现有中文,按条件赛规则生成,
three-win-dirt-4-11-early-chukyo-1400-4,中京泥地1400m三胜战,中京泥地1400m三胜战,Chukyo Dirt 1400m Three-Win Class,3胜,three-win,日本,泥地,中京,1400,11,1,四岁秋,4岁,,现有中文,按条件赛规则生成,
three-win-dirt-4-11-early-nakayama-1800-3,中山泥地1800m三胜战,中山泥地1800m三胜战,Nakayama Dirt 1800m Three-Win Class,3胜,three-win,日本,泥地,中山,1800,11,1,四岁秋,4岁,,现有中文,按条件赛规则生成,
three-win-dirt-5-11-early-chukyo-1600-4,中京泥地1600m三胜战,中京泥地1600m三胜战,Chukyo Dirt 1600m Three-Win Class,3胜,three-win,日本,泥地,中京,1600,11,1,五岁秋,5岁,,现有中文,按条件赛规则生成,
three-win-dirt-5-11-early-nakayama-1900-3,中山泥地1900m三胜战,中山泥地1900m三胜战,Nakayama Dirt 1900m Three-Win Class,3胜,three-win,日本,泥地,中山,1900,11,1,五岁秋,5岁,,现有中文,按条件赛规则生成,
three-win-turf-3-11-early-fukushima-1200-2,福岛草地1200m三胜战,福岛草地1200m三胜战,Fukushima Turf 1200m Three-Win Class,3胜,three-win,日本,草地,福岛,1200,11,1,三岁秋,3岁,,现有中文,按条件赛规则生成,
three-win-turf-3-11-early-tokyo-2000-1,东京草地2000m三胜战,东京草地2000m三胜战,Tokyo Turf 2000m Three-Win Class,3胜,three-win,日本,草地,东京,2000,11,1,三岁秋,3岁,,现有中文,按条件赛规则生成,
three-win-turf-4-11-early-fukushima-2400-2,福岛草地2400m三胜战,福岛草地2400m三胜战,Fukushima Turf 2400m Three-Win Class,3胜,three-win,日本,草地,福岛,2400,11,1,四岁秋,4岁,,现有中文,按条件赛规则生成,
three-win-turf-4-11-early-tokyo-1800-1,东京草地1800m三胜战,东京草地1800m三胜战,Tokyo Turf 1800m Three-Win Class,3胜,three-win,日本,草地,东京,1800,11,1,四岁秋,4岁,,现有中文,按条件赛规则生成,
three-win-turf-5-11-early-fukushima-2200-2,福岛草地2200m三胜战,福岛草地2200m三胜战,Fukushima Turf 2200m Three-Win Class,3胜,three-win,日本,草地,福岛,2200,11,1,五岁秋,5岁,,现有中文,按条件赛规则生成,
three-win-turf-5-11-early-tokyo-1600-1,东京草地1600m三胜战,东京草地1600m三胜战,Tokyo Turf 1600m Three-Win Class,3胜,three-win,日本,草地,东京,1600,11,1,五岁秋,5岁,,现有中文,按条件赛规则生成,
maiden-dirt-2-11-early-chukyo-1000-2,中京泥地1000m未胜利战,中京泥地1000m未胜利战,Chukyo Dirt 1000m Maiden,未胜利,maiden,日本,泥地,中京,1000,11,1,二岁秋,2岁,,现有中文,按条件赛规则生成,
maiden-dirt-2-11-early-fukushima-1400-1,福岛泥地1400m未胜利战,福岛泥地1400m未胜利战,Fukushima Dirt 1400m Maiden,未胜利,maiden,日本,泥地,福岛,1400,11,1,二岁秋,2岁,,现有中文,按条件赛规则生成,
maiden-dirt-2-11-early-nakayama-1400-4,中山泥地1400m未胜利战,中山泥地1400m未胜利战,Nakayama Dirt 1400m Maiden,未胜利,maiden,日本,泥地,中山,1400,11,1,二岁秋,2岁,,现有中文,按条件赛规则生成,
maiden-dirt-2-11-early-tokyo-1800-3,东京泥地1800m未胜利战,东京泥地1800m未胜利战,Tokyo Dirt 1800m Maiden,未胜利,maiden,日本,泥地,东京,1800,11,1,二岁秋,2岁,,现有中文,按条件赛规则生成,
maiden-turf-2-11-early-chukyo-1000-4,中京草地1000m未胜利战,中京草地1000m未胜利战,Chukyo Turf 1000m Maiden,未胜利,maiden,日本,草地,中京,1000,11,1,二岁秋,2岁,,现有中文,按条件赛规则生成,
maiden-turf-2-11-early-fukushima-1400-3,福岛草地1400m未胜利战,福岛草地1400m未胜利战,Fukushima Turf 1400m Maiden,未胜利,maiden,日本,草地,福岛,1400,11,1,二岁秋,2岁,,现有中文,按条件赛规则生成,
maiden-turf-2-11-early-nakayama-1800-2,中山草地1800m未胜利战,中山草地1800m未胜利战,Nakayama Turf 1800m Maiden,未胜利,maiden,日本,草地,中山,1800,11,1,二岁秋,2岁,,现有中文,按条件赛规则生成,
maiden-turf-2-11-early-tokyo-1400-1,东京草地1400m未胜利战,东京草地1400m未胜利战,Tokyo Turf 1400m Maiden,未胜利,maiden,日本,草地,东京,1400,11,1,二岁秋,2岁,,现有中文,按条件赛规则生成,
new-dirt-2-11-early-chukyo-1000-2,中京泥地1000m新马战,中京泥地1000m新马战,Chukyo Dirt 1000m Newcomer,新马,new,日本,泥地,中京,1000,11,1,二岁秋,2岁,,现有中文,按条件赛规则生成,
new-dirt-2-11-early-fukushima-1400-1,福岛泥地1400m新马战,福岛泥地1400m新马战,Fukushima Dirt 1400m Newcomer,新马,new,日本,泥地,福岛,1400,11,1,二岁秋,2岁,,现有中文,按条件赛规则生成,
new-dirt-2-11-early-nakayama-1400-4,中山泥地1400m新马战,中山泥地1400m新马战,Nakayama Dirt 1400m Newcomer,新马,new,日本,泥地,中山,1400,11,1,二岁秋,2岁,,现有中文,按条件赛规则生成,
new-dirt-2-11-early-tokyo-1800-3,东京泥地1800m新马战,东京泥地1800m新马战,Tokyo Dirt 1800m Newcomer,新马,new,日本,泥地,东京,1800,11,1,二岁秋,2岁,,现有中文,按条件赛规则生成,
new-turf-2-11-early-chukyo-1000-4,中京草地1000m新马战,中京草地1000m新马战,Chukyo Turf 1000m Newcomer,新马,new,日本,草地,中京,1000,11,1,二岁秋,2岁,,现有中文,按条件赛规则生成,
new-turf-2-11-early-fukushima-1400-3,福岛草地1400m新马战,福岛草地1400m新马战,Fukushima Turf 1400m Newcomer,新马,new,日本,草地,福岛,1400,11,1,二岁秋,2岁,,现有中文,按条件赛规则生成,
new-turf-2-11-early-nakayama-1800-2,中山草地1800m新马战,中山草地1800m新马战,Nakayama Turf 1800m Newcomer,新马,new,日本,草地,中山,1800,11,1,二岁秋,2岁,,现有中文,按条件赛规则生成,
new-turf-2-11-early-tokyo-1400-1,东京草地1400m新马战,东京草地1400m新马战,Tokyo Turf 1400m Newcomer,新马,new,日本,草地,东京,1400,11,1,二岁秋,2岁,,现有中文,按条件赛规则生成,
queen-elizabeth-ii-cup,女王伊丽莎白二世杯,女王伊丽莎白二世杯,Queen Elizabeth II Cup,G1,g1,日本,草地,京都,2200,11,1,三岁秋,3岁以上,牝马,现有中文,自译/规范名待核对,
copa-republica-argentina,阿根廷共和国杯,阿根廷共和国杯,Copa Republica Argentina,G2,g2,日本,草地,东京,2500,11,1,三岁秋,3岁以上,,现有中文,由ID自动生成待核对,
daily-hai-nisai-stakes,每日杯2岁S,每日杯2岁锦标,Daily Hai Nisai Stakes,G2,g2,日本,草地,京都,1600,11,1,二岁秋,2岁,,自动规范化待核对,由ID自动生成待核对,
keio-hai-nisai-stakes,京王杯2岁S,京王杯2岁锦标,Keio Hai Nisai Stakes,G2,g2,日本,草地,东京,1400,11,1,二岁秋,2岁,,自动规范化待核对,由ID自动生成待核对,
fantasy-stakes,Fantasy S,梦幻锦标,Fantasy S,G3,g3,日本,草地,京都,1400,11,1,二岁秋,2岁,牝马,自译待核对,现有英文,
fukushima-kinen,福岛记念,福岛记念,Fukushima Kinen,G3,g3,日本,草地,福岛,2000,11,1,三岁秋,3岁以上,,现有中文,由ID自动生成待核对,
miyako-stakes,Miyako S,都锦标,Miyako S,G3,g3,日本,泥地,京都,1800,11,1,三岁秋,3岁以上,,自译待核对,现有英文,
musashino-stakes,武藏野S,武藏野锦标,Musashino Stakes,G3,g3,日本,泥地,东京,1600,11,1,三岁秋,3岁以上,,自动规范化待核对,由ID自动生成待核对,
jbc-classic,JBC经典赛,JBC经典赛,JBC Classic,JpnI,jpn1,日本,泥地,其他地方,2000,11,1,三岁秋,3岁以上,,自动生成待核对,自译/规范名待核对,
jbc-ladies-classic,JBC雌马经典赛,JBC雌马经典赛,JBC Ladies' Classic,JpnI,jpn1,日本,泥地,其他地方,1800,11,1,三岁秋,3岁以上,牝马,自动生成待核对,自译/规范名待核对,
jbc-sprint,JBC短途赛,JBC短途赛,JBC Sprint,JpnI,jpn1,日本,泥地,其他地方,1200,11,1,三岁秋,3岁以上,,自动生成待核对,自译/规范名待核对,
jbc-nisai-yushun,JBC两岁优骏,JBC两岁优骏,JBC Nisai Yushun,JpnIII,jpn3,日本,泥地,门别,1800,11,1,二岁秋,2岁,,自动生成待核对,由ID自动生成待核对,
one-win-dirt-2-11-late-hanshin-1400-6,阪神泥地1400m一胜战,阪神泥地1400m一胜战,Hanshin Dirt 1400m One-Win Class,1胜,one-win,日本,泥地,阪神,1400,11,2,二岁秋,2岁,,现有中文,按条件赛规则生成,
one-win-dirt-2-11-late-kokura-1200-7,小仓泥地1200m一胜战,小仓泥地1200m一胜战,Kokura Dirt 1200m One-Win Class,1胜,one-win,日本,泥地,小仓,1200,11,2,二岁秋,2岁,,现有中文,按条件赛规则生成,
one-win-dirt-2-11-late-kyoto-1600-5,京都泥地1600m一胜战,京都泥地1600m一胜战,Kyoto Dirt 1600m One-Win Class,1胜,one-win,日本,泥地,京都,1600,11,2,二岁秋,2岁,,现有中文,按条件赛规则生成,
one-win-dirt-3-11-late-hanshin-1900-6,阪神泥地1900m一胜战,阪神泥地1900m一胜战,Hanshin Dirt 1900m One-Win Class,1胜,one-win,日本,泥地,阪神,1900,11,2,三岁秋,3岁,,现有中文,按条件赛规则生成,
one-win-dirt-3-11-late-kokura-1400-7,小仓泥地1400m一胜战,小仓泥地1400m一胜战,Kokura Dirt 1400m One-Win Class,1胜,one-win,日本,泥地,小仓,1400,11,2,三岁秋,3岁,,现有中文,按条件赛规则生成,
one-win-dirt-3-11-late-kyoto-1700-5,京都泥地1700m一胜战,京都泥地1700m一胜战,Kyoto Dirt 1700m One-Win Class,1胜,one-win,日本,泥地,京都,1700,11,2,三岁秋,3岁,,现有中文,按条件赛规则生成,
one-win-turf-2-11-late-chukyo-1600-4,中京草地1600m一胜战,中京草地1600m一胜战,Chukyo Turf 1600m One-Win Class,1胜,one-win,日本,草地,中京,1600,11,2,二岁秋,2岁,,现有中文,按条件赛规则生成,
one-win-turf-2-11-late-hanshin-1800-2,阪神草地1800m一胜战,阪神草地1800m一胜战,Hanshin Turf 1800m One-Win Class,1胜,one-win,日本,草地,阪神,1800,11,2,二岁秋,2岁,,现有中文,按条件赛规则生成,
one-win-turf-2-11-late-kokura-1200-3,小仓草地1200m一胜战,小仓草地1200m一胜战,Kokura Turf 1200m One-Win Class,1胜,one-win,日本,草地,小仓,1200,11,2,二岁秋,2岁,,现有中文,按条件赛规则生成,
one-win-turf-2-11-late-kyoto-1400-1,京都草地1400m一胜战,京都草地1400m一胜战,Kyoto Turf 1400m One-Win Class,1胜,one-win,日本,草地,京都,1400,11,2,二岁秋,2岁,,现有中文,按条件赛规则生成,
one-win-turf-3-11-late-chukyo-1800-4,中京草地1800m一胜战,中京草地1800m一胜战,Chukyo Turf 1800m One-Win Class,1胜,one-win,日本,草地,中京,1800,11,2,三岁秋,3岁,,现有中文,按条件赛规则生成,
one-win-turf-3-11-late-hanshin-2400-2,阪神草地2400m一胜战,阪神草地2400m一胜战,Hanshin Turf 2400m One-Win Class,1胜,one-win,日本,草地,阪神,2400,11,2,三岁秋,3岁,,现有中文,按条件赛规则生成,
one-win-turf-3-11-late-kokura-1400-3,小仓草地1400m一胜战,小仓草地1400m一胜战,Kokura Turf 1400m One-Win Class,1胜,one-win,日本,草地,小仓,1400,11,2,三岁秋,3岁,,现有中文,按条件赛规则生成,
one-win-turf-3-11-late-kyoto-2000-1,京都草地2000m一胜战,京都草地2000m一胜战,Kyoto Turf 2000m One-Win Class,1胜,one-win,日本,草地,京都,2000,11,2,三岁秋,3岁,,现有中文,按条件赛规则生成,
two-win-dirt-3-11-late-chukyo-1400-6,中京泥地1400m二胜战,中京泥地1400m二胜战,Chukyo Dirt 1400m Two-Win Class,2胜,two-win,日本,泥地,中京,1400,11,2,三岁秋,3岁,,现有中文,按条件赛规则生成,
two-win-dirt-3-11-late-hanshin-1900-5,阪神泥地1900m二胜战,阪神泥地1900m二胜战,Hanshin Dirt 1900m Two-Win Class,2胜,two-win,日本,泥地,阪神,1900,11,2,三岁秋,3岁,,现有中文,按条件赛规则生成,
two-win-dirt-3-11-late-kyoto-1700-4,京都泥地1700m二胜战,京都泥地1700m二胜战,Kyoto Dirt 1700m Two-Win Class,2胜,two-win,日本,泥地,京都,1700,11,2,三岁秋,3岁,,现有中文,按条件赛规则生成,
two-win-dirt-4-11-late-chukyo-1600-6,中京泥地1600m二胜战,中京泥地1600m二胜战,Chukyo Dirt 1600m Two-Win Class,2胜,two-win,日本,泥地,中京,1600,11,2,四岁秋,4岁,,现有中文,按条件赛规则生成,
two-win-dirt-4-11-late-hanshin-1200-5,阪神泥地1200m二胜战,阪神泥地1200m二胜战,Hanshin Dirt 1200m Two-Win Class,2胜,two-win,日本,泥地,阪神,1200,11,2,四岁秋,4岁,,现有中文,按条件赛规则生成,
two-win-dirt-4-11-late-kyoto-1800-4,京都泥地1800m二胜战,京都泥地1800m二胜战,Kyoto Dirt 1800m Two-Win Class,2胜,two-win,日本,泥地,京都,1800,11,2,四岁秋,4岁,,现有中文,按条件赛规则生成,
two-win-dirt-5-11-late-chukyo-1700-6,中京泥地1700m二胜战,中京泥地1700m二胜战,Chukyo Dirt 1700m Two-Win Class,2胜,two-win,日本,泥地,中京,1700,11,2,五岁秋,5岁,,现有中文,按条件赛规则生成,
two-win-dirt-5-11-late-hanshin-1400-5,阪神泥地1400m二胜战,阪神泥地1400m二胜战,Hanshin Dirt 1400m Two-Win Class,2胜,two-win,日本,泥地,阪神,1400,11,2,五岁秋,5岁,,现有中文,按条件赛规则生成,
two-win-dirt-5-11-late-kyoto-1900-4,京都泥地1900m二胜战,京都泥地1900m二胜战,Kyoto Dirt 1900m Two-Win Class,2胜,two-win,日本,泥地,京都,1900,11,2,五岁秋,5岁,,现有中文,按条件赛规则生成,
two-win-turf-3-11-late-hanshin-2400-2,阪神草地2400m二胜战,阪神草地2400m二胜战,Hanshin Turf 2400m Two-Win Class,2胜,two-win,日本,草地,阪神,2400,11,2,三岁秋,3岁,,现有中文,按条件赛规则生成,
two-win-turf-3-11-late-kokura-1600-3,小仓草地1600m二胜战,小仓草地1600m二胜战,Kokura Turf 1600m Two-Win Class,2胜,two-win,日本,草地,小仓,1600,11,2,三岁秋,3岁,,现有中文,按条件赛规则生成,
two-win-turf-3-11-late-kyoto-2000-1,京都草地2000m二胜战,京都草地2000m二胜战,Kyoto Turf 2000m Two-Win Class,2胜,two-win,日本,草地,京都,2000,11,2,三岁秋,3岁,,现有中文,按条件赛规则生成,
two-win-turf-4-11-late-hanshin-2200-2,阪神草地2200m二胜战,阪神草地2200m二胜战,Hanshin Turf 2200m Two-Win Class,2胜,two-win,日本,草地,阪神,2200,11,2,四岁秋,4岁,,现有中文,按条件赛规则生成,
two-win-turf-4-11-late-kokura-1400-3,小仓草地1400m二胜战,小仓草地1400m二胜战,Kokura Turf 1400m Two-Win Class,2胜,two-win,日本,草地,小仓,1400,11,2,四岁秋,4岁,,现有中文,按条件赛规则生成,
two-win-turf-4-11-late-kyoto-1800-1,京都草地1800m二胜战,京都草地1800m二胜战,Kyoto Turf 1800m Two-Win Class,2胜,two-win,日本,草地,京都,1800,11,2,四岁秋,4岁,,现有中文,按条件赛规则生成,
two-win-turf-5-11-late-hanshin-2000-2,阪神草地2000m二胜战,阪神草地2000m二胜战,Hanshin Turf 2000m Two-Win Class,2胜,two-win,日本,草地,阪神,2000,11,2,五岁秋,5岁,,现有中文,按条件赛规则生成,
two-win-turf-5-11-late-kokura-1200-3,小仓草地1200m二胜战,小仓草地1200m二胜战,Kokura Turf 1200m Two-Win Class,2胜,two-win,日本,草地,小仓,1200,11,2,五岁秋,5岁,,现有中文,按条件赛规则生成,
two-win-turf-5-11-late-kyoto-1600-1,京都草地1600m二胜战,京都草地1600m二胜战,Kyoto Turf 1600m Two-Win Class,2胜,two-win,日本,草地,京都,1600,11,2,五岁秋,5岁,,现有中文,按条件赛规则生成,
three-win-dirt-3-11-late-chukyo-1400-4,中京泥地1400m三胜战,中京泥地1400m三胜战,Chukyo Dirt 1400m Three-Win Class,3胜,three-win,日本,泥地,中京,1400,11,2,三岁秋,3岁,,现有中文,按条件赛规则生成,
three-win-dirt-3-11-late-hanshin-1800-3,阪神泥地1800m三胜战,阪神泥地1800m三胜战,Hanshin Dirt 1800m Three-Win Class,3胜,three-win,日本,泥地,阪神,1800,11,2,三岁秋,3岁,,现有中文,按条件赛规则生成,
three-win-dirt-4-11-late-chukyo-1600-4,中京泥地1600m三胜战,中京泥地1600m三胜战,Chukyo Dirt 1600m Three-Win Class,3胜,three-win,日本,泥地,中京,1600,11,2,四岁秋,4岁,,现有中文,按条件赛规则生成,
three-win-dirt-4-11-late-hanshin-1900-3,阪神泥地1900m三胜战,阪神泥地1900m三胜战,Hanshin Dirt 1900m Three-Win Class,3胜,three-win,日本,泥地,阪神,1900,11,2,四岁秋,4岁,,现有中文,按条件赛规则生成,
three-win-dirt-5-11-late-chukyo-1700-4,中京泥地1700m三胜战,中京泥地1700m三胜战,Chukyo Dirt 1700m Three-Win Class,3胜,three-win,日本,泥地,中京,1700,11,2,五岁秋,5岁,,现有中文,按条件赛规则生成,
three-win-dirt-5-11-late-hanshin-1200-3,阪神泥地1200m三胜战,阪神泥地1200m三胜战,Hanshin Dirt 1200m Three-Win Class,3胜,three-win,日本,泥地,阪神,1200,11,2,五岁秋,5岁,,现有中文,按条件赛规则生成,
three-win-turf-3-11-late-kokura-1400-2,小仓草地1400m三胜战,小仓草地1400m三胜战,Kokura Turf 1400m Three-Win Class,3胜,three-win,日本,草地,小仓,1400,11,2,三岁秋,3岁,,现有中文,按条件赛规则生成,
three-win-turf-3-11-late-kyoto-2200-1,京都草地2200m三胜战,京都草地2200m三胜战,Kyoto Turf 2200m Three-Win Class,3胜,three-win,日本,草地,京都,2200,11,2,三岁秋,3岁,,现有中文,按条件赛规则生成,
three-win-turf-4-11-late-kokura-1200-2,小仓草地1200m三胜战,小仓草地1200m三胜战,Kokura Turf 1200m Three-Win Class,3胜,three-win,日本,草地,小仓,1200,11,2,四岁秋,4岁,,现有中文,按条件赛规则生成,
three-win-turf-4-11-late-kyoto-2000-1,京都草地2000m三胜战,京都草地2000m三胜战,Kyoto Turf 2000m Three-Win Class,3胜,three-win,日本,草地,京都,2000,11,2,四岁秋,4岁,,现有中文,按条件赛规则生成,
three-win-turf-5-11-late-kokura-2400-2,小仓草地2400m三胜战,小仓草地2400m三胜战,Kokura Turf 2400m Three-Win Class,3胜,three-win,日本,草地,小仓,2400,11,2,五岁秋,5岁,,现有中文,按条件赛规则生成,
three-win-turf-5-11-late-kyoto-1800-1,京都草地1800m三胜战,京都草地1800m三胜战,Kyoto Turf 1800m Three-Win Class,3胜,three-win,日本,草地,京都,1800,11,2,五岁秋,5岁,,现有中文,按条件赛规则生成,
maiden-dirt-2-11-late-chukyo-1200-2,中京泥地1200m未胜利战,中京泥地1200m未胜利战,Chukyo Dirt 1200m Maiden,未胜利,maiden,日本,泥地,中京,1200,11,2,二岁秋,2岁,,现有中文,按条件赛规则生成,
maiden-dirt-2-11-late-hanshin-1600-4,阪神泥地1600m未胜利战,阪神泥地1600m未胜利战,Hanshin Dirt 1600m Maiden,未胜利,maiden,日本,泥地,阪神,1600,11,2,二岁秋,2岁,,现有中文,按条件赛规则生成,
maiden-dirt-2-11-late-kokura-1000-1,小仓泥地1000m未胜利战,小仓泥地1000m未胜利战,Kokura Dirt 1000m Maiden,未胜利,maiden,日本,泥地,小仓,1000,11,2,二岁秋,2岁,,现有中文,按条件赛规则生成,
maiden-dirt-2-11-late-kyoto-1200-3,京都泥地1200m未胜利战,京都泥地1200m未胜利战,Kyoto Dirt 1200m Maiden,未胜利,maiden,日本,泥地,京都,1200,11,2,二岁秋,2岁,,现有中文,按条件赛规则生成,
maiden-turf-2-11-late-chukyo-1200-4,中京草地1200m未胜利战,中京草地1200m未胜利战,Chukyo Turf 1200m Maiden,未胜利,maiden,日本,草地,中京,1200,11,2,二岁秋,2岁,,现有中文,按条件赛规则生成,
maiden-turf-2-11-late-hanshin-2000-2,阪神草地2000m未胜利战,阪神草地2000m未胜利战,Hanshin Turf 2000m Maiden,未胜利,maiden,日本,草地,阪神,2000,11,2,二岁秋,2岁,,现有中文,按条件赛规则生成,
maiden-turf-2-11-late-kokura-1000-3,小仓草地1000m未胜利战,小仓草地1000m未胜利战,Kokura Turf 1000m Maiden,未胜利,maiden,日本,草地,小仓,1000,11,2,二岁秋,2岁,,现有中文,按条件赛规则生成,
maiden-turf-2-11-late-kyoto-1600-1,京都草地1600m未胜利战,京都草地1600m未胜利战,Kyoto Turf 1600m Maiden,未胜利,maiden,日本,草地,京都,1600,11,2,二岁秋,2岁,,现有中文,按条件赛规则生成,
new-dirt-2-11-late-chukyo-1200-2,中京泥地1200m新马战,中京泥地1200m新马战,Chukyo Dirt 1200m Newcomer,新马,new,日本,泥地,中京,1200,11,2,二岁秋,2岁,,现有中文,按条件赛规则生成,
new-dirt-2-11-late-hanshin-1600-4,阪神泥地1600m新马战,阪神泥地1600m新马战,Hanshin Dirt 1600m Newcomer,新马,new,日本,泥地,阪神,1600,11,2,二岁秋,2岁,,现有中文,按条件赛规则生成,
new-dirt-2-11-late-kokura-1000-1,小仓泥地1000m新马战,小仓泥地1000m新马战,Kokura Dirt 1000m Newcomer,新马,new,日本,泥地,小仓,1000,11,2,二岁秋,2岁,,现有中文,按条件赛规则生成,
new-dirt-2-11-late-kyoto-1200-3,京都泥地1200m新马战,京都泥地1200m新马战,Kyoto Dirt 1200m Newcomer,新马,new,日本,泥地,京都,1200,11,2,二岁秋,2岁,,现有中文,按条件赛规则生成,
new-turf-2-11-late-chukyo-1200-4,中京草地1200m新马战,中京草地1200m新马战,Chukyo Turf 1200m Newcomer,新马,new,日本,草地,中京,1200,11,2,二岁秋,2岁,,现有中文,按条件赛规则生成,
new-turf-2-11-late-hanshin-2000-2,阪神草地2000m新马战,阪神草地2000m新马战,Hanshin Turf 2000m Newcomer,新马,new,日本,草地,阪神,2000,11,2,二岁秋,2岁,,现有中文,按条件赛规则生成,
new-turf-2-11-late-kokura-1000-3,小仓草地1000m新马战,小仓草地1000m新马战,Kokura Turf 1000m Newcomer,新马,new,日本,草地,小仓,1000,11,2,二岁秋,2岁,,现有中文,按条件赛规则生成,
new-turf-2-11-late-kyoto-1600-1,京都草地1600m新马战,京都草地1600m新马战,Kyoto Turf 1600m Newcomer,新马,new,日本,草地,京都,1600,11,2,二岁秋,2岁,,现有中文,按条件赛规则生成,
japan-cup,日本杯,日本杯,Japan Cup,G1,g1,日本,草地,东京,2400,11,2,三岁秋,3岁以上,,现有中文,自译/规范名待核对,
mile-championship,一哩冠军赛,一哩冠军赛,Mile Championship,G1,g1,日本,草地,京都,1600,11,2,三岁秋,3岁以上,,现有中文,自译/规范名待核对,
tokyo-sports-hai,东京体育杯两岁S,东京体育杯两岁锦标,Tokyo Sports Hai,G2,g2,日本,草地,东京,1800,11,2,二岁秋,2岁,,自动规范化待核对,由ID自动生成待核对,
keihan-hai,京阪杯,京阪杯,Keihan Hai,G3,g3,日本,草地,京都,1200,11,2,三岁秋,3岁以上,,现有中文,由ID自动生成待核对,
kyoto-nisai-stakes,京都2岁S,京都2岁锦标,Kyoto Nisai Stakes,G3,g3,日本,草地,京都,2000,11,2,二岁秋,2岁,,自动规范化待核对,由ID自动生成待核对,
hyogo-junior-grand-prix,兵库青年大奖赛,兵库青年大奖赛,Hyogo Junior Grand Prix,JpnII,jpn2,日本,泥地,园田,1400,11,2,二岁秋,2岁,,现有中文,由ID自动生成待核对,
urawa-kinen,浦和记念,浦和记念,Urawa Kinen,JpnII,jpn2,日本,泥地,浦和,2000,11,2,三岁秋,3岁以上,,现有中文,由ID自动生成待核对,
capital-stakes,キャピタルS,首都锦标,Capital Stakes,L,op,日本,草地,东京,1600,11,2,三岁秋,3岁以上,,自译待核对,由ID自动生成待核对,
cattleya-stakes,カトレアS,卡特兰锦标,Cattleya Stakes,OP,op,日本,泥地,东京,1600,11,2,二岁秋,2岁,,自译待核对,由ID自动生成待核对,
one-win-dirt-2-12-early-fukushima-1600-7,福岛泥地1600m一胜战,福岛泥地1600m一胜战,Fukushima Dirt 1600m One-Win Class,1胜,one-win,日本,泥地,福岛,1600,12,1,二岁冬,2岁,,现有中文,按条件赛规则生成,
one-win-dirt-2-12-early-nakayama-1200-6,中山泥地1200m一胜战,中山泥地1200m一胜战,Nakayama Dirt 1200m One-Win Class,1胜,one-win,日本,泥地,中山,1200,12,1,二岁冬,2岁,,现有中文,按条件赛规则生成,
one-win-dirt-2-12-early-tokyo-1400-5,东京泥地1400m一胜战,东京泥地1400m一胜战,Tokyo Dirt 1400m One-Win Class,1胜,one-win,日本,泥地,东京,1400,12,1,二岁冬,2岁,,现有中文,按条件赛规则生成,
one-win-dirt-3-12-early-fukushima-1700-7,福岛泥地1700m一胜战,福岛泥地1700m一胜战,Fukushima Dirt 1700m One-Win Class,1胜,one-win,日本,泥地,福岛,1700,12,1,三岁冬,3岁,,现有中文,按条件赛规则生成,
one-win-dirt-3-12-early-nakayama-1400-6,中山泥地1400m一胜战,中山泥地1400m一胜战,Nakayama Dirt 1400m One-Win Class,1胜,one-win,日本,泥地,中山,1400,12,1,三岁冬,3岁,,现有中文,按条件赛规则生成,
one-win-dirt-3-12-early-tokyo-1900-5,东京泥地1900m一胜战,东京泥地1900m一胜战,Tokyo Dirt 1900m One-Win Class,1胜,one-win,日本,泥地,东京,1900,12,1,三岁冬,3岁,,现有中文,按条件赛规则生成,
one-win-turf-2-12-early-chukyo-2000-4,中京草地2000m一胜战,中京草地2000m一胜战,Chukyo Turf 2000m One-Win Class,1胜,one-win,日本,草地,中京,2000,12,1,二岁冬,2岁,,现有中文,按条件赛规则生成,
one-win-turf-2-12-early-fukushima-1600-3,福岛草地1600m一胜战,福岛草地1600m一胜战,Fukushima Turf 1600m One-Win Class,1胜,one-win,日本,草地,福岛,1600,12,1,二岁冬,2岁,,现有中文,按条件赛规则生成,
one-win-turf-2-12-early-nakayama-1200-2,中山草地1200m一胜战,中山草地1200m一胜战,Nakayama Turf 1200m One-Win Class,1胜,one-win,日本,草地,中山,1200,12,1,二岁冬,2岁,,现有中文,按条件赛规则生成,
one-win-turf-2-12-early-tokyo-1800-1,东京草地1800m一胜战,东京草地1800m一胜战,Tokyo Turf 1800m One-Win Class,1胜,one-win,日本,草地,东京,1800,12,1,二岁冬,2岁,,现有中文,按条件赛规则生成,
one-win-turf-3-12-early-chukyo-2200-4,中京草地2200m一胜战,中京草地2200m一胜战,Chukyo Turf 2200m One-Win Class,1胜,one-win,日本,草地,中京,2200,12,1,三岁冬,3岁,,现有中文,按条件赛规则生成,
one-win-turf-3-12-early-fukushima-1800-3,福岛草地1800m一胜战,福岛草地1800m一胜战,Fukushima Turf 1800m One-Win Class,1胜,one-win,日本,草地,福岛,1800,12,1,三岁冬,3岁,,现有中文,按条件赛规则生成,
one-win-turf-3-12-early-nakayama-1400-2,中山草地1400m一胜战,中山草地1400m一胜战,Nakayama Turf 1400m One-Win Class,1胜,one-win,日本,草地,中山,1400,12,1,三岁冬,3岁,,现有中文,按条件赛规则生成,
one-win-turf-3-12-early-tokyo-2400-1,东京草地2400m一胜战,东京草地2400m一胜战,Tokyo Turf 2400m One-Win Class,1胜,one-win,日本,草地,东京,2400,12,1,三岁冬,3岁,,现有中文,按条件赛规则生成,
two-win-dirt-3-12-early-chukyo-1800-6,中京泥地1800m二胜战,中京泥地1800m二胜战,Chukyo Dirt 1800m Two-Win Class,2胜,two-win,日本,泥地,中京,1800,12,1,三岁冬,3岁,,现有中文,按条件赛规则生成,
two-win-dirt-3-12-early-nakayama-1600-5,中山泥地1600m二胜战,中山泥地1600m二胜战,Nakayama Dirt 1600m Two-Win Class,2胜,two-win,日本,泥地,中山,1600,12,1,三岁冬,3岁,,现有中文,按条件赛规则生成,
two-win-dirt-3-12-early-tokyo-1200-4,东京泥地1200m二胜战,东京泥地1200m二胜战,Tokyo Dirt 1200m Two-Win Class,2胜,two-win,日本,泥地,东京,1200,12,1,三岁冬,3岁,,现有中文,按条件赛规则生成,
two-win-dirt-4-12-early-chukyo-1700-6,中京泥地1700m二胜战,中京泥地1700m二胜战,Chukyo Dirt 1700m Two-Win Class,2胜,two-win,日本,泥地,中京,1700,12,1,四岁冬,4岁,,现有中文,按条件赛规则生成,
two-win-dirt-4-12-early-nakayama-1400-5,中山泥地1400m二胜战,中山泥地1400m二胜战,Nakayama Dirt 1400m Two-Win Class,2胜,two-win,日本,泥地,中山,1400,12,1,四岁冬,4岁,,现有中文,按条件赛规则生成,
two-win-dirt-4-12-early-tokyo-2100-4,东京泥地2100m二胜战,东京泥地2100m二胜战,Tokyo Dirt 2100m Two-Win Class,2胜,two-win,日本,泥地,东京,2100,12,1,四岁冬,4岁,,现有中文,按条件赛规则生成,
two-win-dirt-5-12-early-chukyo-1600-6,中京泥地1600m二胜战,中京泥地1600m二胜战,Chukyo Dirt 1600m Two-Win Class,2胜,two-win,日本,泥地,中京,1600,12,1,五岁冬,5岁,,现有中文,按条件赛规则生成,
two-win-dirt-5-12-early-nakayama-1200-5,中山泥地1200m二胜战,中山泥地1200m二胜战,Nakayama Dirt 1200m Two-Win Class,2胜,two-win,日本,泥地,中山,1200,12,1,五岁冬,5岁,,现有中文,按条件赛规则生成,
two-win-dirt-5-12-early-tokyo-1900-4,东京泥地1900m二胜战,东京泥地1900m二胜战,Tokyo Dirt 1900m Two-Win Class,2胜,two-win,日本,泥地,东京,1900,12,1,五岁冬,5岁,,现有中文,按条件赛规则生成,
two-win-turf-3-12-early-fukushima-1400-3,福岛草地1400m二胜战,福岛草地1400m二胜战,Fukushima Turf 1400m Two-Win Class,2胜,two-win,日本,草地,福岛,1400,12,1,三岁冬,3岁,,现有中文,按条件赛规则生成,
two-win-turf-3-12-early-nakayama-2600-2,中山草地2600m二胜战,中山草地2600m二胜战,Nakayama Turf 2600m Two-Win Class,2胜,two-win,日本,草地,中山,2600,12,1,三岁冬,3岁,,现有中文,按条件赛规则生成,
two-win-turf-3-12-early-tokyo-2400-1,东京草地2400m二胜战,东京草地2400m二胜战,Tokyo Turf 2400m Two-Win Class,2胜,two-win,日本,草地,东京,2400,12,1,三岁冬,3岁,,现有中文,按条件赛规则生成,
two-win-turf-4-12-early-fukushima-2000-3,福岛草地2000m二胜战,福岛草地2000m二胜战,Fukushima Turf 2000m Two-Win Class,2胜,two-win,日本,草地,福岛,2000,12,1,四岁冬,4岁,,现有中文,按条件赛规则生成,
two-win-turf-4-12-early-nakayama-1400-2,中山草地1400m二胜战,中山草地1400m二胜战,Nakayama Turf 1400m Two-Win Class,2胜,two-win,日本,草地,中山,1400,12,1,四岁冬,4岁,,现有中文,按条件赛规则生成,
two-win-turf-4-12-early-tokyo-3000-1,东京草地3000m二胜战,东京草地3000m二胜战,Tokyo Turf 3000m Two-Win Class,2胜,two-win,日本,草地,东京,3000,12,1,四岁冬,4岁,,现有中文,按条件赛规则生成,
two-win-turf-5-12-early-fukushima-2500-3,福岛草地2500m二胜战,福岛草地2500m二胜战,Fukushima Turf 2500m Two-Win Class,2胜,two-win,日本,草地,福岛,2500,12,1,五岁冬,5岁,,现有中文,按条件赛规则生成,
two-win-turf-5-12-early-nakayama-2000-2,中山草地2000m二胜战,中山草地2000m二胜战,Nakayama Turf 2000m Two-Win Class,2胜,two-win,日本,草地,中山,2000,12,1,五岁冬,5岁,,现有中文,按条件赛规则生成,
two-win-turf-5-12-early-tokyo-1600-1,东京草地1600m二胜战,东京草地1600m二胜战,Tokyo Turf 1600m Two-Win Class,2胜,two-win,日本,草地,东京,1600,12,1,五岁冬,5岁,,现有中文,按条件赛规则生成,
three-win-dirt-3-12-early-chukyo-1700-4,中京泥地1700m三胜战,中京泥地1700m三胜战,Chukyo Dirt 1700m Three-Win Class,3胜,three-win,日本,泥地,中京,1700,12,1,三岁冬,3岁,,现有中文,按条件赛规则生成,
three-win-dirt-3-12-early-nakayama-1200-3,中山泥地1200m三胜战,中山泥地1200m三胜战,Nakayama Dirt 1200m Three-Win Class,3胜,three-win,日本,泥地,中山,1200,12,1,三岁冬,3岁,,现有中文,按条件赛规则生成,
three-win-dirt-4-12-early-chukyo-1800-4,中京泥地1800m三胜战,中京泥地1800m三胜战,Chukyo Dirt 1800m Three-Win Class,3胜,three-win,日本,泥地,中京,1800,12,1,四岁冬,4岁,,现有中文,按条件赛规则生成,
three-win-dirt-4-12-early-nakayama-1400-3,中山泥地1400m三胜战,中山泥地1400m三胜战,Nakayama Dirt 1400m Three-Win Class,3胜,three-win,日本,泥地,中山,1400,12,1,四岁冬,4岁,,现有中文,按条件赛规则生成,
three-win-dirt-5-12-early-chukyo-1900-4,中京泥地1900m三胜战,中京泥地1900m三胜战,Chukyo Dirt 1900m Three-Win Class,3胜,three-win,日本,泥地,中京,1900,12,1,五岁冬,5岁,,现有中文,按条件赛规则生成,
three-win-dirt-5-12-early-nakayama-1600-3,中山泥地1600m三胜战,中山泥地1600m三胜战,Nakayama Dirt 1600m Three-Win Class,3胜,three-win,日本,泥地,中山,1600,12,1,五岁冬,5岁,,现有中文,按条件赛规则生成,
three-win-turf-3-12-early-fukushima-1200-2,福岛草地1200m三胜战,福岛草地1200m三胜战,Fukushima Turf 1200m Three-Win Class,3胜,three-win,日本,草地,福岛,1200,12,1,三岁冬,3岁,,现有中文,按条件赛规则生成,
three-win-turf-3-12-early-tokyo-2500-1,东京草地2500m三胜战,东京草地2500m三胜战,Tokyo Turf 2500m Three-Win Class,3胜,three-win,日本,草地,东京,2500,12,1,三岁冬,3岁,,现有中文,按条件赛规则生成,
three-win-turf-4-12-early-fukushima-1800-2,福岛草地1800m三胜战,福岛草地1800m三胜战,Fukushima Turf 1800m Three-Win Class,3胜,three-win,日本,草地,福岛,1800,12,1,四岁冬,4岁,,现有中文,按条件赛规则生成,
three-win-turf-4-12-early-tokyo-1200-1,东京草地1200m三胜战,东京草地1200m三胜战,Tokyo Turf 1200m Three-Win Class,3胜,three-win,日本,草地,东京,1200,12,1,四岁冬,4岁,,现有中文,按条件赛规则生成,
three-win-turf-5-12-early-fukushima-2400-2,福岛草地2400m三胜战,福岛草地2400m三胜战,Fukushima Turf 2400m Three-Win Class,3胜,three-win,日本,草地,福岛,2400,12,1,五岁冬,5岁,,现有中文,按条件赛规则生成,
three-win-turf-5-12-early-tokyo-1800-1,东京草地1800m三胜战,东京草地1800m三胜战,Tokyo Turf 1800m Three-Win Class,3胜,three-win,日本,草地,东京,1800,12,1,五岁冬,5岁,,现有中文,按条件赛规则生成,
maiden-dirt-2-12-early-chukyo-1400-2,中京泥地1400m未胜利战,中京泥地1400m未胜利战,Chukyo Dirt 1400m Maiden,未胜利,maiden,日本,泥地,中京,1400,12,1,二岁冬,2岁,,现有中文,按条件赛规则生成,
maiden-dirt-2-12-early-fukushima-1200-1,福岛泥地1200m未胜利战,福岛泥地1200m未胜利战,Fukushima Dirt 1200m Maiden,未胜利,maiden,日本,泥地,福岛,1200,12,1,二岁冬,2岁,,现有中文,按条件赛规则生成,
maiden-dirt-2-12-early-nakayama-1800-4,中山泥地1800m未胜利战,中山泥地1800m未胜利战,Nakayama Dirt 1800m Maiden,未胜利,maiden,日本,泥地,中山,1800,12,1,二岁冬,2岁,,现有中文,按条件赛规则生成,
maiden-dirt-2-12-early-tokyo-1400-3,东京泥地1400m未胜利战,东京泥地1400m未胜利战,Tokyo Dirt 1400m Maiden,未胜利,maiden,日本,泥地,东京,1400,12,1,二岁冬,2岁,,现有中文,按条件赛规则生成,
maiden-turf-2-12-early-chukyo-1400-4,中京草地1400m未胜利战,中京草地1400m未胜利战,Chukyo Turf 1400m Maiden,未胜利,maiden,日本,草地,中京,1400,12,1,二岁冬,2岁,,现有中文,按条件赛规则生成,
maiden-turf-2-12-early-fukushima-1200-3,福岛草地1200m未胜利战,福岛草地1200m未胜利战,Fukushima Turf 1200m Maiden,未胜利,maiden,日本,草地,福岛,1200,12,1,二岁冬,2岁,,现有中文,按条件赛规则生成,
maiden-turf-2-12-early-nakayama-1000-2,中山草地1000m未胜利战,中山草地1000m未胜利战,Nakayama Turf 1000m Maiden,未胜利,maiden,日本,草地,中山,1000,12,1,二岁冬,2岁,,现有中文,按条件赛规则生成,
maiden-turf-2-12-early-tokyo-1800-1,东京草地1800m未胜利战,东京草地1800m未胜利战,Tokyo Turf 1800m Maiden,未胜利,maiden,日本,草地,东京,1800,12,1,二岁冬,2岁,,现有中文,按条件赛规则生成,
new-dirt-2-12-early-chukyo-1400-2,中京泥地1400m新马战,中京泥地1400m新马战,Chukyo Dirt 1400m Newcomer,新马,new,日本,泥地,中京,1400,12,1,二岁冬,2岁,,现有中文,按条件赛规则生成,
new-dirt-2-12-early-fukushima-1200-1,福岛泥地1200m新马战,福岛泥地1200m新马战,Fukushima Dirt 1200m Newcomer,新马,new,日本,泥地,福岛,1200,12,1,二岁冬,2岁,,现有中文,按条件赛规则生成,
new-dirt-2-12-early-nakayama-1800-4,中山泥地1800m新马战,中山泥地1800m新马战,Nakayama Dirt 1800m Newcomer,新马,new,日本,泥地,中山,1800,12,1,二岁冬,2岁,,现有中文,按条件赛规则生成,
new-dirt-2-12-early-tokyo-1400-3,东京泥地1400m新马战,东京泥地1400m新马战,Tokyo Dirt 1400m Newcomer,新马,new,日本,泥地,东京,1400,12,1,二岁冬,2岁,,现有中文,按条件赛规则生成,
new-turf-2-12-early-chukyo-1400-4,中京草地1400m新马战,中京草地1400m新马战,Chukyo Turf 1400m Newcomer,新马,new,日本,草地,中京,1400,12,1,二岁冬,2岁,,现有中文,按条件赛规则生成,
new-turf-2-12-early-fukushima-1200-3,福岛草地1200m新马战,福岛草地1200m新马战,Fukushima Turf 1200m Newcomer,新马,new,日本,草地,福岛,1200,12,1,二岁冬,2岁,,现有中文,按条件赛规则生成,
new-turf-2-12-early-nakayama-1000-2,中山草地1000m新马战,中山草地1000m新马战,Nakayama Turf 1000m Newcomer,新马,new,日本,草地,中山,1000,12,1,二岁冬,2岁,,现有中文,按条件赛规则生成,
new-turf-2-12-early-tokyo-1800-1,东京草地1800m新马战,东京草地1800m新马战,Tokyo Turf 1800m Newcomer,新马,new,日本,草地,东京,1800,12,1,二岁冬,2岁,,现有中文,按条件赛规则生成,
champions-cup,冠军杯,冠军杯,Champions Cup,G1,g1,日本,泥地,中京,1800,12,1,三岁冬,3岁以上,,现有中文,由ID自动生成待核对,
hanshin-juvenile-fillies,阪神两岁牝马S,阪神两岁牝马锦标,Hanshin Juvenile Fillies,G1,g1,日本,草地,阪神,1600,12,1,二岁冬,2岁,牝马,自动规范化待核对,自译/规范名待核对,
stayers-stakes,长途马S,长途马锦标,Stayers Stakes,G2,g2,日本,草地,中山,3600,12,1,三岁冬,3岁以上,,自动规范化待核对,由ID自动生成待核对,
capella-stakes,Capella S,五车二锦标,Capella S,G3,g3,日本,泥地,中山,1200,12,1,三岁冬,3岁以上,,自译待核对,现有英文,
chunichi-shimbun-hai,中日新闻杯,中日新闻杯,Chunichi Shimbun Hai,G3,g3,日本,草地,中京,2000,12,1,三岁冬,3岁以上,,现有中文,由ID自动生成待核对,
naruo-kinen,鸣尾记念,鸣尾记念,Naruo Kinen,G3,g3,日本,草地,阪神,1800,12,1,三岁冬,3岁以上,,现有中文,由ID自动生成待核对,
one-win-dirt-2-12-late-hanshin-1400-6,阪神泥地1400m一胜战,阪神泥地1400m一胜战,Hanshin Dirt 1400m One-Win Class,1胜,one-win,日本,泥地,阪神,1400,12,2,二岁冬,2岁,,现有中文,按条件赛规则生成,
one-win-dirt-2-12-late-kokura-1200-7,小仓泥地1200m一胜战,小仓泥地1200m一胜战,Kokura Dirt 1200m One-Win Class,1胜,one-win,日本,泥地,小仓,1200,12,2,二岁冬,2岁,,现有中文,按条件赛规则生成,
one-win-dirt-2-12-late-kyoto-1600-5,京都泥地1600m一胜战,京都泥地1600m一胜战,Kyoto Dirt 1600m One-Win Class,1胜,one-win,日本,泥地,京都,1600,12,2,二岁冬,2岁,,现有中文,按条件赛规则生成,
one-win-dirt-3-12-late-hanshin-1600-6,阪神泥地1600m一胜战,阪神泥地1600m一胜战,Hanshin Dirt 1600m One-Win Class,1胜,one-win,日本,泥地,阪神,1600,12,2,三岁冬,3岁,,现有中文,按条件赛规则生成,
one-win-dirt-3-12-late-kokura-1800-7,小仓泥地1800m一胜战,小仓泥地1800m一胜战,Kokura Dirt 1800m One-Win Class,1胜,one-win,日本,泥地,小仓,1800,12,2,三岁冬,3岁,,现有中文,按条件赛规则生成,
one-win-dirt-3-12-late-kyoto-1200-5,京都泥地1200m一胜战,京都泥地1200m一胜战,Kyoto Dirt 1200m One-Win Class,1胜,one-win,日本,泥地,京都,1200,12,2,三岁冬,3岁,,现有中文,按条件赛规则生成,
one-win-turf-2-12-late-chukyo-1200-4,中京草地1200m一胜战,中京草地1200m一胜战,Chukyo Turf 1200m One-Win Class,1胜,one-win,日本,草地,中京,1200,12,2,二岁冬,2岁,,现有中文,按条件赛规则生成,
one-win-turf-2-12-late-hanshin-1400-2,阪神草地1400m一胜战,阪神草地1400m一胜战,Hanshin Turf 1400m One-Win Class,1胜,one-win,日本,草地,阪神,1400,12,2,二岁冬,2岁,,现有中文,按条件赛规则生成,
one-win-turf-2-12-late-kokura-1800-3,小仓草地1800m一胜战,小仓草地1800m一胜战,Kokura Turf 1800m One-Win Class,1胜,one-win,日本,草地,小仓,1800,12,2,二岁冬,2岁,,现有中文,按条件赛规则生成,
one-win-turf-2-12-late-kyoto-2000-1,京都草地2000m一胜战,京都草地2000m一胜战,Kyoto Turf 2000m One-Win Class,1胜,one-win,日本,草地,京都,2000,12,2,二岁冬,2岁,,现有中文,按条件赛规则生成,
one-win-turf-3-12-late-chukyo-2400-4,中京草地2400m一胜战,中京草地2400m一胜战,Chukyo Turf 2400m One-Win Class,1胜,one-win,日本,草地,中京,2400,12,2,三岁冬,3岁,,现有中文,按条件赛规则生成,
one-win-turf-3-12-late-hanshin-1600-2,阪神草地1600m一胜战,阪神草地1600m一胜战,Hanshin Turf 1600m One-Win Class,1胜,one-win,日本,草地,阪神,1600,12,2,三岁冬,3岁,,现有中文,按条件赛规则生成,
one-win-turf-3-12-late-kokura-2000-3,小仓草地2000m一胜战,小仓草地2000m一胜战,Kokura Turf 2000m One-Win Class,1胜,one-win,日本,草地,小仓,2000,12,2,三岁冬,3岁,,现有中文,按条件赛规则生成,
one-win-turf-3-12-late-kyoto-1200-1,京都草地1200m一胜战,京都草地1200m一胜战,Kyoto Turf 1200m One-Win Class,1胜,one-win,日本,草地,京都,1200,12,2,三岁冬,3岁,,现有中文,按条件赛规则生成,
two-win-dirt-3-12-late-chukyo-1900-6,中京泥地1900m二胜战,中京泥地1900m二胜战,Chukyo Dirt 1900m Two-Win Class,2胜,two-win,日本,泥地,中京,1900,12,2,三岁冬,3岁,,现有中文,按条件赛规则生成,
two-win-dirt-3-12-late-hanshin-1700-5,阪神泥地1700m二胜战,阪神泥地1700m二胜战,Hanshin Dirt 1700m Two-Win Class,2胜,two-win,日本,泥地,阪神,1700,12,2,三岁冬,3岁,,现有中文,按条件赛规则生成,
two-win-dirt-3-12-late-kyoto-1400-4,京都泥地1400m二胜战,京都泥地1400m二胜战,Kyoto Dirt 1400m Two-Win Class,2胜,two-win,日本,泥地,京都,1400,12,2,三岁冬,3岁,,现有中文,按条件赛规则生成,
two-win-dirt-4-12-late-chukyo-1800-6,中京泥地1800m二胜战,中京泥地1800m二胜战,Chukyo Dirt 1800m Two-Win Class,2胜,two-win,日本,泥地,中京,1800,12,2,四岁冬,4岁,,现有中文,按条件赛规则生成,
two-win-dirt-4-12-late-hanshin-1600-5,阪神泥地1600m二胜战,阪神泥地1600m二胜战,Hanshin Dirt 1600m Two-Win Class,2胜,two-win,日本,泥地,阪神,1600,12,2,四岁冬,4岁,,现有中文,按条件赛规则生成,
two-win-dirt-4-12-late-kyoto-1200-4,京都泥地1200m二胜战,京都泥地1200m二胜战,Kyoto Dirt 1200m Two-Win Class,2胜,two-win,日本,泥地,京都,1200,12,2,四岁冬,4岁,,现有中文,按条件赛规则生成,
two-win-dirt-5-12-late-chukyo-1700-6,中京泥地1700m二胜战,中京泥地1700m二胜战,Chukyo Dirt 1700m Two-Win Class,2胜,two-win,日本,泥地,中京,1700,12,2,五岁冬,5岁,,现有中文,按条件赛规则生成,
two-win-dirt-5-12-late-hanshin-1400-5,阪神泥地1400m二胜战,阪神泥地1400m二胜战,Hanshin Dirt 1400m Two-Win Class,2胜,two-win,日本,泥地,阪神,1400,12,2,五岁冬,5岁,,现有中文,按条件赛规则生成,
two-win-dirt-5-12-late-kyoto-2100-4,京都泥地2100m二胜战,京都泥地2100m二胜战,Kyoto Dirt 2100m Two-Win Class,2胜,two-win,日本,泥地,京都,2100,12,2,五岁冬,5岁,,现有中文,按条件赛规则生成,
two-win-turf-3-12-late-hanshin-3000-2,阪神草地3000m二胜战,阪神草地3000m二胜战,Hanshin Turf 3000m Two-Win Class,2胜,two-win,日本,草地,阪神,3000,12,2,三岁冬,3岁,,现有中文,按条件赛规则生成,
two-win-turf-3-12-late-kokura-1600-3,小仓草地1600m二胜战,小仓草地1600m二胜战,Kokura Turf 1600m Two-Win Class,2胜,two-win,日本,草地,小仓,1600,12,2,三岁冬,3岁,,现有中文,按条件赛规则生成,
two-win-turf-3-12-late-kyoto-2500-1,京都草地2500m二胜战,京都草地2500m二胜战,Kyoto Turf 2500m Two-Win Class,2胜,two-win,日本,草地,京都,2500,12,2,三岁冬,3岁,,现有中文,按条件赛规则生成,
two-win-turf-4-12-late-hanshin-1600-2,阪神草地1600m二胜战,阪神草地1600m二胜战,Hanshin Turf 1600m Two-Win Class,2胜,two-win,日本,草地,阪神,1600,12,2,四岁冬,4岁,,现有中文,按条件赛规则生成,
two-win-turf-4-12-late-kokura-2200-3,小仓草地2200m二胜战,小仓草地2200m二胜战,Kokura Turf 2200m Two-Win Class,2胜,two-win,日本,草地,小仓,2200,12,2,四岁冬,4岁,,现有中文,按条件赛规则生成,
two-win-turf-4-12-late-kyoto-1200-1,京都草地1200m二胜战,京都草地1200m二胜战,Kyoto Turf 1200m Two-Win Class,2胜,two-win,日本,草地,京都,1200,12,2,四岁冬,4岁,,现有中文,按条件赛规则生成,
two-win-turf-5-12-late-hanshin-2200-2,阪神草地2200m二胜战,阪神草地2200m二胜战,Hanshin Turf 2200m Two-Win Class,2胜,two-win,日本,草地,阪神,2200,12,2,五岁冬,5岁,,现有中文,按条件赛规则生成,
two-win-turf-5-12-late-kokura-2600-3,小仓草地2600m二胜战,小仓草地2600m二胜战,Kokura Turf 2600m Two-Win Class,2胜,two-win,日本,草地,小仓,2600,12,2,五岁冬,5岁,,现有中文,按条件赛规则生成,
two-win-turf-5-12-late-kyoto-1800-1,京都草地1800m二胜战,京都草地1800m二胜战,Kyoto Turf 1800m Two-Win Class,2胜,two-win,日本,草地,京都,1800,12,2,五岁冬,5岁,,现有中文,按条件赛规则生成,
three-win-dirt-3-12-late-chukyo-1800-4,中京泥地1800m三胜战,中京泥地1800m三胜战,Chukyo Dirt 1800m Three-Win Class,3胜,three-win,日本,泥地,中京,1800,12,2,三岁冬,3岁,,现有中文,按条件赛规则生成,
three-win-dirt-3-12-late-hanshin-1400-3,阪神泥地1400m三胜战,阪神泥地1400m三胜战,Hanshin Dirt 1400m Three-Win Class,3胜,three-win,日本,泥地,阪神,1400,12,2,三岁冬,3岁,,现有中文,按条件赛规则生成,
three-win-dirt-4-12-late-chukyo-1900-4,中京泥地1900m三胜战,中京泥地1900m三胜战,Chukyo Dirt 1900m Three-Win Class,3胜,three-win,日本,泥地,中京,1900,12,2,四岁冬,4岁,,现有中文,按条件赛规则生成,
three-win-dirt-4-12-late-hanshin-1600-3,阪神泥地1600m三胜战,阪神泥地1600m三胜战,Hanshin Dirt 1600m Three-Win Class,3胜,three-win,日本,泥地,阪神,1600,12,2,四岁冬,4岁,,现有中文,按条件赛规则生成,
three-win-dirt-5-12-late-chukyo-1200-4,中京泥地1200m三胜战,中京泥地1200m三胜战,Chukyo Dirt 1200m Three-Win Class,3胜,three-win,日本,泥地,中京,1200,12,2,五岁冬,5岁,,现有中文,按条件赛规则生成,
three-win-dirt-5-12-late-hanshin-1700-3,阪神泥地1700m三胜战,阪神泥地1700m三胜战,Hanshin Dirt 1700m Three-Win Class,3胜,three-win,日本,泥地,阪神,1700,12,2,五岁冬,5岁,,现有中文,按条件赛规则生成,
three-win-turf-3-12-late-kokura-1400-2,小仓草地1400m三胜战,小仓草地1400m三胜战,Kokura Turf 1400m Three-Win Class,3胜,three-win,日本,草地,小仓,1400,12,2,三岁冬,3岁,,现有中文,按条件赛规则生成,
three-win-turf-3-12-late-kyoto-2600-1,京都草地2600m三胜战,京都草地2600m三胜战,Kyoto Turf 2600m Three-Win Class,3胜,three-win,日本,草地,京都,2600,12,2,三岁冬,3岁,,现有中文,按条件赛规则生成,
three-win-turf-4-12-late-kokura-2000-2,小仓草地2000m三胜战,小仓草地2000m三胜战,Kokura Turf 2000m Three-Win Class,3胜,three-win,日本,草地,小仓,2000,12,2,四岁冬,4岁,,现有中文,按条件赛规则生成,
three-win-turf-4-12-late-kyoto-1400-1,京都草地1400m三胜战,京都草地1400m三胜战,Kyoto Turf 1400m Three-Win Class,3胜,three-win,日本,草地,京都,1400,12,2,四岁冬,4岁,,现有中文,按条件赛规则生成,
three-win-turf-5-12-late-kokura-2500-2,小仓草地2500m三胜战,小仓草地2500m三胜战,Kokura Turf 2500m Three-Win Class,3胜,three-win,日本,草地,小仓,2500,12,2,五岁冬,5岁,,现有中文,按条件赛规则生成,
three-win-turf-5-12-late-kyoto-2000-1,京都草地2000m三胜战,京都草地2000m三胜战,Kyoto Turf 2000m Three-Win Class,3胜,three-win,日本,草地,京都,2000,12,2,五岁冬,5岁,,现有中文,按条件赛规则生成,
maiden-dirt-2-12-late-chukyo-1000-2,中京泥地1000m未胜利战,中京泥地1000m未胜利战,Chukyo Dirt 1000m Maiden,未胜利,maiden,日本,泥地,中京,1000,12,2,二岁冬,2岁,,现有中文,按条件赛规则生成,
maiden-dirt-2-12-late-hanshin-1200-4,阪神泥地1200m未胜利战,阪神泥地1200m未胜利战,Hanshin Dirt 1200m Maiden,未胜利,maiden,日本,泥地,阪神,1200,12,2,二岁冬,2岁,,现有中文,按条件赛规则生成,
maiden-dirt-2-12-late-kokura-1400-1,小仓泥地1400m未胜利战,小仓泥地1400m未胜利战,Kokura Dirt 1400m Maiden,未胜利,maiden,日本,泥地,小仓,1400,12,2,二岁冬,2岁,,现有中文,按条件赛规则生成,
maiden-dirt-2-12-late-kyoto-1600-3,京都泥地1600m未胜利战,京都泥地1600m未胜利战,Kyoto Dirt 1600m Maiden,未胜利,maiden,日本,泥地,京都,1600,12,2,二岁冬,2岁,,现有中文,按条件赛规则生成,
maiden-turf-2-12-late-chukyo-1000-4,中京草地1000m未胜利战,中京草地1000m未胜利战,Chukyo Turf 1000m Maiden,未胜利,maiden,日本,草地,中京,1000,12,2,二岁冬,2岁,,现有中文,按条件赛规则生成,
maiden-turf-2-12-late-hanshin-1200-2,阪神草地1200m未胜利战,阪神草地1200m未胜利战,Hanshin Turf 1200m Maiden,未胜利,maiden,日本,草地,阪神,1200,12,2,二岁冬,2岁,,现有中文,按条件赛规则生成,
maiden-turf-2-12-late-kokura-1400-3,小仓草地1400m未胜利战,小仓草地1400m未胜利战,Kokura Turf 1400m Maiden,未胜利,maiden,日本,草地,小仓,1400,12,2,二岁冬,2岁,,现有中文,按条件赛规则生成,
maiden-turf-2-12-late-kyoto-2000-1,京都草地2000m未胜利战,京都草地2000m未胜利战,Kyoto Turf 2000m Maiden,未胜利,maiden,日本,草地,京都,2000,12,2,二岁冬,2岁,,现有中文,按条件赛规则生成,
new-dirt-2-12-late-chukyo-1000-2,中京泥地1000m新马战,中京泥地1000m新马战,Chukyo Dirt 1000m Newcomer,新马,new,日本,泥地,中京,1000,12,2,二岁冬,2岁,,现有中文,按条件赛规则生成,
new-dirt-2-12-late-hanshin-1200-4,阪神泥地1200m新马战,阪神泥地1200m新马战,Hanshin Dirt 1200m Newcomer,新马,new,日本,泥地,阪神,1200,12,2,二岁冬,2岁,,现有中文,按条件赛规则生成,
new-dirt-2-12-late-kokura-1400-1,小仓泥地1400m新马战,小仓泥地1400m新马战,Kokura Dirt 1400m Newcomer,新马,new,日本,泥地,小仓,1400,12,2,二岁冬,2岁,,现有中文,按条件赛规则生成,
new-dirt-2-12-late-kyoto-1600-3,京都泥地1600m新马战,京都泥地1600m新马战,Kyoto Dirt 1600m Newcomer,新马,new,日本,泥地,京都,1600,12,2,二岁冬,2岁,,现有中文,按条件赛规则生成,
new-turf-2-12-late-chukyo-1000-4,中京草地1000m新马战,中京草地1000m新马战,Chukyo Turf 1000m Newcomer,新马,new,日本,草地,中京,1000,12,2,二岁冬,2岁,,现有中文,按条件赛规则生成,
new-turf-2-12-late-hanshin-1200-2,阪神草地1200m新马战,阪神草地1200m新马战,Hanshin Turf 1200m Newcomer,新马,new,日本,草地,阪神,1200,12,2,二岁冬,2岁,,现有中文,按条件赛规则生成,
new-turf-2-12-late-kokura-1400-3,小仓草地1400m新马战,小仓草地1400m新马战,Kokura Turf 1400m Newcomer,新马,new,日本,草地,小仓,1400,12,2,二岁冬,2岁,,现有中文,按条件赛规则生成,
new-turf-2-12-late-kyoto-2000-1,京都草地2000m新马战,京都草地2000m新马战,Kyoto Turf 2000m Newcomer,新马,new,日本,草地,京都,2000,12,2,二岁冬,2岁,,现有中文,按条件赛规则生成,
arima-kinen,有马纪念,有马纪念,Arima Kinen,G1,g1,日本,草地,中山,2500,12,2,三岁冬,3岁以上,,现有中文,由ID自动生成待核对,
asahi-hai-fs,朝日杯FS,朝日杯未来锦标,Asahi Hai Futurity Stakes,G1,g1,日本,草地,阪神,1600,12,2,二岁冬,2岁,,自动规范化待核对,自译/规范名待核对,
hopeful-stakes,希望锦标,希望锦标,Hopeful Stakes,G1,g1,日本,草地,中山,2000,12,2,二岁冬,2岁,,现有中文,由ID自动生成待核对,
tokyo-daishoten,东京大赏典,东京大赏典,Tokyo Daishoten,G1,g1,日本,泥地,其他地方,2000,12,2,三岁冬,3岁以上,,现有中文,由ID自动生成待核对,
hanshin-cup,阪神C,阪神杯,Hanshin Cup,G2,g2,日本,草地,阪神,1400,12,2,三岁冬,3岁以上,,自动规范化待核对,由ID自动生成待核对,
turquoise-stakes,Turquoise S,绿松石锦标,Turquoise S,G3,g3,日本,草地,中山,1600,12,2,三岁冬,3岁以上,牝马,自译待核对,现有英文,
zen-nippon-nisai-yushun,全日本两岁优骏,全日本两岁优骏,Zen Nippon Nisai Yushun,JpnI,jpn1,日本,泥地,川崎,1600,12,2,二岁冬,2岁,,现有中文,由ID自动生成待核对,
hyogo-gold-trophy,兵库金杯,兵库金杯,Hyogo Gold Trophy,JpnIII,jpn3,日本,泥地,园田,1400,12,2,三岁冬,3岁以上,,现有中文,由ID自动生成待核对,
nagoya-daishoten,名古屋大赏典,名古屋大赏典,Nagoya Daishoten,JpnIII,jpn3,日本,泥地,名古屋,2000,12,2,三岁冬,3岁以上,,现有中文,由ID自动生成待核对,
december-stakes,ディセンバーS,十二月锦标,December Stakes,L,op,日本,草地,中山,1800,12,2,三岁冬,3岁以上,,自译待核对,由ID自动生成待核对,
centenary-sprint-cup,百周年纪念短途杯,百周年纪念短途杯,Centenary Sprint Cup,G1,g1,香港,草地,其他地方,1200,1,2,三岁冬,3岁以上,,现有中文,由ID自动生成待核对,
hong-kong-stewards-cup,董事杯,董事杯,Hong Kong Stewards Cup,G1,g1,香港,草地,其他地方,1600,1,2,三岁冬,3岁以上,,现有中文,由ID自动生成待核对,
hong-kong-gold-cup,香港金杯,香港金杯,Hong Kong Gold Cup,G1,g1,香港,草地,其他地方,2000,2,2,三岁冬,3岁以上,,现有中文,由ID自动生成待核对,
queens-silver-jubilee-cup,女皇银禧纪念杯,女皇银禧纪念杯,Queens Silver Jubilee Cup,G1,g1,香港,草地,其他地方,1400,2,2,三岁冬,3岁以上,,现有中文,由ID自动生成待核对,
chairmans-sprint-prize,主席短途奖,主席短途奖,Chairmans Sprint Prize,G1,g1,香港,草地,其他地方,1200,4,2,三岁春,3岁以上,,现有中文,由ID自动生成待核对,
champions-mile,冠军一哩赛,冠军一哩赛,Champions Mile,G1,g1,香港,草地,其他地方,1600,4,2,三岁春,3岁以上,,现有中文,由ID自动生成待核对,
hong-kong-queen-elizabeth-ii-cup,女皇杯,女皇杯,Hong Kong Queen Elizabeth II Cup,G1,g1,香港,草地,其他地方,2000,4,2,三岁春,3岁以上,,现有中文,由ID自动生成待核对,
champions-chater-cup,冠军暨遮打杯,冠军暨遮打杯,Champions Chater Cup,G1,g1,香港,草地,其他地方,2400,5,2,三岁春,3岁以上,,现有中文,由ID自动生成待核对,
hong-kong-cup,香港杯,香港杯,Hong Kong Cup,G1,g1,香港,草地,其他地方,2000,12,1,三岁冬,3岁以上,,现有中文,由ID自动生成待核对,
hong-kong-mile,香港一哩锦标,香港一哩锦标,Hong Kong Mile,G1,g1,香港,草地,其他地方,1600,12,1,三岁冬,3岁以上,,现有中文,由ID自动生成待核对,
hong-kong-sprint,香港短途锦标,香港短途锦标,Hong Kong Sprint,G1,g1,香港,草地,其他地方,1200,12,1,三岁冬,3岁以上,,现有中文,由ID自动生成待核对,
hong-kong-vase,香港瓶,香港瓶,Hong Kong Vase,G1,g1,香港,草地,其他地方,2400,12,1,三岁冬,3岁以上,,现有中文,由ID自动生成待核对,
al-quoz-sprint,阿乔斯短途锦标,阿乔斯短途锦标,Al Quoz Sprint,G1,g1,中东,草地,其他地方,1200,3,2,三岁春,3岁以上,,现有中文,由ID自动生成待核对,
dubai-golden-shaheen,迪拜金莎轩锦标,迪拜金莎轩锦标,Dubai Golden Shaheen,G1,g1,中东,泥地,其他地方,1200,3,2,三岁春,3岁以上,,现有中文,由ID自动生成待核对,
dubai-sheema-classic,迪拜司马经典赛,迪拜司马经典赛,Dubai Sheema Classic,G1,g1,中东,草地,其他地方,2400,3,2,四岁春,4岁以上,,现有中文,由ID自动生成待核对,
dubai-turf,迪拜草地大赛,迪拜草地大赛,Dubai Turf,G1,g1,中东,草地,其他地方,1800,3,2,四岁春,4岁以上,,现有中文,由ID自动生成待核对,
dubai-world-cup,迪拜世界杯,迪拜世界杯,Dubai World Cup,G1,g1,中东,泥地,其他地方,2000,3,2,四岁春,4岁以上,,现有中文,由ID自动生成待核对,
